id_kecamatan,nama_kecamatan,nama_kabupaten,tahun,delta_sawah_hurs,delta_kering_hurs,delta_sawah_mrso,delta_kering_mrso,delta_sawah_pr,delta_kering_pr,delta_sawah_tas,delta_kering_tas
0,Wundulako,Kolaka,2020,0.0,0.0,0.0,0.0,0.0,0.0,0.0,0.0
1,Kolaka,Kolaka,2020,0.0,0.0,0.0,0.0,0.0,0.0,0.0,0.0
2,Pomalaa,Kolaka,2020,0.0,0.0,0.0,0.0,0.0,0.0,0.0,0.0
3,Watubangga,Kolaka,2020,0.0,0.0,0.0,0.0,0.0,0.0,0.0,0.0
4,Wolo,Kolaka,2020,0.0,0.0,0.0,0.0,0.0,0.0,0.0,0.0
5,Baula,Kolaka,2020,0.0,0.0,0.0,0.0,0.0,0.0,0.0,0.0
6,Latambaga,Kolaka,2020,0.0,0.0,0.0,0.0,0.0,0.0,0.0,0.0
7,Tanggetada,Kolaka,2020,0.0,0.0,0.0,0.0,0.0,0.0,0.0,0.0
8,Samaturu,Kolaka,2020,0.0,0.0,0.0,0.0,0.0,0.0,0.0,0.0
9,Toari,Kolaka,2020,0.0,0.0,0.0,0.0,0.0,0.0,0.0,0.0
10,Polinggona,Kolaka,2020,0.0,0.0,0.0,0.0,0.0,0.0,0.0,0.0
11,Iwoimendaa,Kolaka,2020,0.0,0.0,0.0,0.0,0.0,0.0,0.0,0.0
12,Lambuya,Konawe,2020,0.0,0.0,0.0,0.0,0.0,0.0,0.0,0.0
13,Unaaha,Konawe,2020,0.0,0.0,0.0,0.0,0.0,0.0,0.0,0.0
14,Wawotobi,Konawe,2020,0.0,0.0,0.0,0.0,0.0,0.0,0.0,0.0
15,Pondidaha,Konawe,2020,0.0,0.0,0.0,0.0,0.0,0.0,0.0,0.0
16,Sampara,Konawe,2020,0.0,0.0,0.0,0.0,0.0,0.0,0.0,0.0
17,Abuki,Konawe,2020,0.0,0.0,0.0,0.0,0.0,0.0,0.0,0.0
18,Soropia,Konawe,2020,0.0,0.0,0.0,0.0,0.0,0.0,0.0,0.0
19,Tongauna,Konawe,2020,0.0,0.0,0.0,0.0,0.0,0.0,0.0,0.0
20,Latoma,Konawe,2020,0.0,0.0,0.0,0.0,0.0,0.0,0.0,0.0
21,Puriala,Konawe,2020,0.0,0.0,0.0,0.0,0.0,0.0,0.0,0.0
22,Uepai,Konawe,2020,0.0,0.0,0.0,0.0,0.0,0.0,0.0,0.0
23,Wonggeduku,Konawe,2020,0.0,0.0,0.0,0.0,0.0,0.0,0.0,0.0
24,Besulutu,Konawe,2020,0.0,0.0,0.0,0.0,0.0,0.0,0.0,0.0
25,Bondoala,Konawe,2020,0.0,0.0,0.0,0.0,0.0,0.0,0.0,0.0
26,Routa,Konawe,2020,0.0,0.0,0.0,0.0,0.0,0.0,0.0,0.0
27,Anggaberi,Konawe,2020,0.0,0.0,0.0,0.0,0.0,0.0,0.0,0.0
28,Meluhu,Konawe,2020,0.0,0.0,0.0,0.0,0.0,0.0,0.0,0.0
29,Amonggedo,Konawe,2020,0.0,0.0,0.0,0.0,0.0,0.0,0.0,0.0
30,Asinua,Konawe,2020,0.0,0.0,0.0,0.0,0.0,0.0,0.0,0.0
31,Konawe,Konawe,2020,0.0,0.0,0.0,0.0,0.0,0.0,0.0,0.0
32,Kapoiala,Konawe,2020,0.0,0.0,0.0,0.0,0.0,0.0,0.0,0.0
33,Lalonggasumeeto,Konawe,2020,0.0,0.0,0.0,0.0,0.0,0.0,0.0,0.0
34,Onembute,Konawe,2020,0.0,0.0,0.0,0.0,0.0,0.0,0.0,0.0
35,Padangguni,Konawe,2020,0.0,0.0,0.0,0.0,0.0,0.0,0.0,0.0
36,Morosi,Konawe,2020,0.0,0.0,0.0,0.0,0.0,0.0,0.0,0.0
37,Anggalomoare,Konawe,2020,0.0,0.0,0.0,0.0,0.0,0.0,0.0,0.0
38,Wonggeduku Barat,Konawe,2020,0.0,0.0,0.0,0.0,0.0,0.0,0.0,0.0
39,Tongauna Utara,Konawe,2020,0.0,0.0,0.0,0.0,0.0,0.0,0.0,0.0
40,Napabalano,Muna,2020,0.0,0.0,0.0,0.0,0.0,0.0,0.0,0.0
41,Maligano,Muna,2020,0.0,0.0,0.0,0.0,0.0,0.0,0.0,0.0
42,Wakorumba Selatan,Muna,2020,0.0,0.0,0.0,0.0,0.0,0.0,0.0,0.0
43,Lasalepa,Muna,2020,0.0,0.0,0.0,0.0,0.0,0.0,0.0,0.0
44,Batalaiworu,Muna,2020,0.0,0.0,0.0,0.0,0.0,0.0,0.0,0.0
45,Katobu,Muna,2020,0.0,0.0,0.0,0.0,0.0,0.0,0.0,0.0
46,Duruka,Muna,2020,0.0,0.0,0.0,0.0,0.0,0.0,0.0,0.0
47,Lohia,Muna,2020,0.0,0.0,0.0,0.0,0.0,0.0,0.0,0.0
48,Watopute,Muna,2020,0.0,0.0,0.0,0.0,0.0,0.0,0.0,0.0
49,Kontunaga,Muna,2020,0.0,0.0,0.0,0.0,0.0,0.0,0.0,0.0
50,Kabangka,Muna,2020,0.0,0.0,0.0,0.0,0.0,0.0,0.0,0.0
51,Kabawo,Muna,2020,0.0,0.0,0.0,0.0,0.0,0.0,0.0,0.0
52,Parigi,Muna,2020,0.0,0.0,0.0,0.0,0.0,0.0,0.0,0.0
53,Bone,Muna,2020,0.0,0.0,0.0,0.0,0.0,0.0,0.0,0.0
54,Tongkuno,Muna,2020,0.0,0.0,0.0,0.0,0.0,0.0,0.0,0.0
55,Pasir Putih,Muna,2020,0.0,0.0,0.0,0.0,0.0,0.0,0.0,0.0
56,Kontu Kowuna,Muna,2020,0.0,0.0,0.0,0.0,0.0,0.0,0.0,0.0
57,Marobo,Muna,2020,0.0,0.0,0.0,0.0,0.0,0.0,0.0,0.0
58,Tongkuno Selatan,Muna,2020,0.0,0.0,0.0,0.0,0.0,0.0,0.0,0.0
59,Pasi Kolaga,Muna,2020,0.0,0.0,0.0,0.0,0.0,0.0,0.0,0.0
60,Batukara,Muna,2020,0.0,0.0,0.0,0.0,0.0,0.0,0.0,0.0
61,Towea,Muna,2020,0.0,0.0,0.0,0.0,0.0,0.0,0.0,0.0
62,Pasarwajo,Buton,2020,0.0,0.0,0.0,0.0,0.0,0.0,0.0,0.0
63,Kapontori,Buton,2020,0.0,0.0,0.0,0.0,0.0,0.0,0.0,0.0
64,Lasalimu,Buton,2020,0.0,0.0,0.0,0.0,0.0,0.0,0.0,0.0
65,Lasalimu Selatan,Buton,2020,0.0,0.0,0.0,0.0,0.0,0.0,0.0,0.0
66,Siotapina,Buton,2020,0.0,0.0,0.0,0.0,0.0,0.0,0.0,0.0
67,Wolowa,Buton,2020,0.0,0.0,0.0,0.0,0.0,0.0,0.0,0.0
68,Wabula,Buton,2020,0.0,0.0,0.0,0.0,0.0,0.0,0.0,0.0
69,Tinanggea,Konawe Selatan,2020,0.0,0.0,0.0,0.0,0.0,0.0,0.0,0.0
70,Angata,Konawe Selatan,2020,0.0,0.0,0.0,0.0,0.0,0.0,0.0,0.0
71,Andoolo,Konawe Selatan,2020,0.0,0.0,0.0,0.0,0.0,0.0,0.0,0.0
72,Palangga,Konawe Selatan,2020,0.0,0.0,0.0,0.0,0.0,0.0,0.0,0.0
73,Landono,Konawe Selatan,2020,0.0,0.0,0.0,0.0,0.0,0.0,0.0,0.0
74,Lainea,Konawe Selatan,2020,0.0,0.0,0.0,0.0,0.0,0.0,0.0,0.0
75,Konda,Konawe Selatan,2020,0.0,0.0,0.0,0.0,0.0,0.0,0.0,0.0
76,Ranomeeto,Konawe Selatan,2020,0.0,0.0,0.0,0.0,0.0,0.0,0.0,0.0
77,Kolono,Konawe Selatan,2020,0.0,0.0,0.0,0.0,0.0,0.0,0.0,0.0
78,Moramo,Konawe Selatan,2020,0.0,0.0,0.0,0.0,0.0,0.0,0.0,0.0
79,Laonti,Konawe Selatan,2020,0.0,0.0,0.0,0.0,0.0,0.0,0.0,0.0
80,Lalembuu,Konawe Selatan,2020,0.0,0.0,0.0,0.0,0.0,0.0,0.0,0.0
81,Benua,Konawe Selatan,2020,0.0,0.0,0.0,0.0,0.0,0.0,0.0,0.0
82,Palangga Selatan,Konawe Selatan,2020,0.0,0.0,0.0,0.0,0.0,0.0,0.0,0.0
83,Mowila,Konawe Selatan,2020,0.0,0.0,0.0,0.0,0.0,0.0,0.0,0.0
84,Moramo Utara,Konawe Selatan,2020,0.0,0.0,0.0,0.0,0.0,0.0,0.0,0.0
85,Buke,Konawe Selatan,2020,0.0,0.0,0.0,0.0,0.0,0.0,0.0,0.0
86,Wolasi,Konawe Selatan,2020,0.0,0.0,0.0,0.0,0.0,0.0,0.0,0.0
87,Laeya,Konawe Selatan,2020,0.0,0.0,0.0,0.0,0.0,0.0,0.0,0.0
88,Baito,Konawe Selatan,2020,0.0,0.0,0.0,0.0,0.0,0.0,0.0,0.0
89,Basala,Konawe Selatan,2020,0.0,0.0,0.0,0.0,0.0,0.0,0.0,0.0
90,Ranomeeto Barat,Konawe Selatan,2020,0.0,0.0,0.0,0.0,0.0,0.0,0.0,0.0
91,Kolono Timur,Konawe Selatan,2020,0.0,0.0,0.0,0.0,0.0,0.0,0.0,0.0
92,Sabulakoa,Konawe Selatan,2020,0.0,0.0,0.0,0.0,0.0,0.0,0.0,0.0
93,Andoolo Barat,Konawe Selatan,2020,0.0,0.0,0.0,0.0,0.0,0.0,0.0,0.0
94,Poleang,Bombana,2020,0.0,0.0,0.0,0.0,0.0,0.0,0.0,0.0
95,Poleang Timur,Bombana,2020,0.0,0.0,0.0,0.0,0.0,0.0,0.0,0.0
96,Rarowatu,Bombana,2020,0.0,0.0,0.0,0.0,0.0,0.0,0.0,0.0
97,Rumbia,Bombana,2020,0.0,0.0,0.0,0.0,0.0,0.0,0.0,0.0
98,Kabaena,Bombana,2020,0.0,0.0,0.0,0.0,0.0,0.0,0.0,0.0
99,Kabaena Timur,Bombana,2020,0.0,0.0,0.0,0.0,0.0,0.0,0.0,0.0
100,Poleang Barat,Bombana,2020,0.0,0.0,0.0,0.0,0.0,0.0,0.0,0.0
101,Mata Oleo,Bombana,2020,0.0,0.0,0.0,0.0,0.0,0.0,0.0,0.0
102,Rarowatu Utara,Bombana,2020,0.0,0.0,0.0,0.0,0.0,0.0,0.0,0.0
103,Poleang Utara,Bombana,2020,0.0,0.0,0.0,0.0,0.0,0.0,0.0,0.0
104,Poleang Selatan,Bombana,2020,0.0,0.0,0.0,0.0,0.0,0.0,0.0,0.0
105,Poleang Tenggara,Bombana,2020,0.0,0.0,0.0,0.0,0.0,0.0,0.0,0.0
106,Kabaena Selatan,Bombana,2020,0.0,0.0,0.0,0.0,0.0,0.0,0.0,0.0
107,Kabaena Barat,Bombana,2020,0.0,0.0,0.0,0.0,0.0,0.0,0.0,0.0
108,Kabaena Utara,Bombana,2020,0.0,0.0,0.0,0.0,0.0,0.0,0.0,0.0
109,Kabaena Tengah,Bombana,2020,0.0,0.0,0.0,0.0,0.0,0.0,0.0,0.0
110,Kep. Masaloka Raya,Bombana,2020,0.0,0.0,0.0,0.0,0.0,0.0,0.0,0.0
111,Rumbia Tengah,Bombana,2020,0.0,0.0,0.0,0.0,0.0,0.0,0.0,0.0
112,Poleang Tengah,Bombana,2020,0.0,0.0,0.0,0.0,0.0,0.0,0.0,0.0
113,Tontonunu,Bombana,2020,0.0,0.0,0.0,0.0,0.0,0.0,0.0,0.0
114,Lantari Jaya,Bombana,2020,0.0,0.0,0.0,0.0,0.0,0.0,0.0,0.0
115,Mata Usu,Bombana,2020,0.0,0.0,0.0,0.0,0.0,0.0,0.0,0.0
116,Wangi-Wangi,Wakatobi,2020,0.0,0.0,0.0,0.0,0.0,0.0,0.0,0.0
117,Kaledupa,Wakatobi,2020,0.0,0.0,0.0,0.0,0.0,0.0,0.0,0.0
118,Tomia,Wakatobi,2020,0.0,0.0,0.0,0.0,0.0,0.0,0.0,0.0
119,Binongko,Wakatobi,2020,0.0,0.0,0.0,0.0,0.0,0.0,0.0,0.0
120,Wangi Wangi Selatan,Wakatobi,2020,0.0,0.0,0.0,0.0,0.0,0.0,0.0,0.0
121,Kaledupa Selatan,Wakatobi,2020,0.0,0.0,0.0,0.0,0.0,0.0,0.0,0.0
122,Tomia Timur,Wakatobi,2020,0.0,0.0,0.0,0.0,0.0,0.0,0.0,0.0
123,Togo Binongko,Wakatobi,2020,0.0,0.0,0.0,0.0,0.0,0.0,0.0,0.0
124,Lasusua,Kolaka Utara,2020,0.0,0.0,0.0,0.0,0.0,0.0,0.0,0.0
125,Pakue,Kolaka Utara,2020,0.0,0.0,0.0,0.0,0.0,0.0,0.0,0.0
126,Batu Putih,Kolaka Utara,2020,0.0,0.0,0.0,0.0,0.0,0.0,0.0,0.0
127,Rante Angin,Kolaka Utara,2020,0.0,0.0,0.0,0.0,0.0,0.0,0.0,0.0
128,Kodeoha,Kolaka Utara,2020,0.0,0.0,0.0,0.0,0.0,0.0,0.0,0.0
129,Ngapa,Kolaka Utara,2020,0.0,0.0,0.0,0.0,0.0,0.0,0.0,0.0
130,Wawo,Kolaka Utara,2020,0.0,0.0,0.0,0.0,0.0,0.0,0.0,0.0
131,Lambai,Kolaka Utara,2020,0.0,0.0,0.0,0.0,0.0,0.0,0.0,0.0
132,Watunohu,Kolaka Utara,2020,0.0,0.0,0.0,0.0,0.0,0.0,0.0,0.0
133,Pakue Tengah,Kolaka Utara,2020,0.0,0.0,0.0,0.0,0.0,0.0,0.0,0.0
134,Pakue Utara,Kolaka Utara,2020,0.0,0.0,0.0,0.0,0.0,0.0,0.0,0.0
135,Porehu,Kolaka Utara,2020,0.0,0.0,0.0,0.0,0.0,0.0,0.0,0.0
136,Katoi,Kolaka Utara,2020,0.0,0.0,0.0,0.0,0.0,0.0,0.0,0.0
137,Tiwu,Kolaka Utara,2020,0.0,0.0,0.0,0.0,0.0,0.0,0.0,0.0
138,Tolala,Kolaka Utara,2020,0.0,0.0,0.0,0.0,0.0,0.0,0.0,0.0
139,Asera,Konawe Utara,2020,0.0,0.0,0.0,0.0,0.0,0.0,0.0,0.0
140,Wiwirano,Konawe Utara,2020,0.0,0.0,0.0,0.0,0.0,0.0,0.0,0.0
141,Langgikima,Konawe Utara,2020,0.0,0.0,0.0,0.0,0.0,0.0,0.0,0.0
142,Molawe,Konawe Utara,2020,0.0,0.0,0.0,0.0,0.0,0.0,0.0,0.0
143,Lasolo,Konawe Utara,2020,0.0,0.0,0.0,0.0,0.0,0.0,0.0,0.0
144,Lembo,Konawe Utara,2020,0.0,0.0,0.0,0.0,0.0,0.0,0.0,0.0
145,Sawa,Konawe Utara,2020,0.0,0.0,0.0,0.0,0.0,0.0,0.0,0.0
146,Oheo,Konawe Utara,2020,0.0,0.0,0.0,0.0,0.0,0.0,0.0,0.0
147,Andowia,Konawe Utara,2020,0.0,0.0,0.0,0.0,0.0,0.0,0.0,0.0
148,Motui,Konawe Utara,2020,0.0,0.0,0.0,0.0,0.0,0.0,0.0,0.0
149,Wawolesea,Konawe Utara,2020,0.0,0.0,0.0,0.0,0.0,0.0,0.0,0.0
150,Lasolo Kepulauan,Konawe Utara,2020,0.0,0.0,0.0,0.0,0.0,0.0,0.0,0.0
151,Landawe,Konawe Utara,2020,0.0,0.0,0.0,0.0,0.0,0.0,0.0,0.0
152,Kulisusu,Buton Utara,2020,0.0,0.0,0.0,0.0,0.0,0.0,0.0,0.0
153,Kambowa,Buton Utara,2020,0.0,0.0,0.0,0.0,0.0,0.0,0.0,0.0
154,Bonegunu,Buton Utara,2020,0.0,0.0,0.0,0.0,0.0,0.0,0.0,0.0
155,Kulisusu Barat,Buton Utara,2020,0.0,0.0,0.0,0.0,0.0,0.0,0.0,0.0
156,Kulisusu Utara,Buton Utara,2020,0.0,0.0,0.0,0.0,0.0,0.0,0.0,0.0
157,Wakorumba Utara,Buton Utara,2020,0.0,0.0,0.0,0.0,0.0,0.0,0.0,0.0
158,Tirawuta,Kolaka Timur,2020,0.0,0.0,0.0,0.0,0.0,0.0,0.0,0.0
159,Loea,Kolaka Timur,2020,0.0,0.0,0.0,0.0,0.0,0.0,0.0,0.0
160,Ladongi,Kolaka Timur,2020,0.0,0.0,0.0,0.0,0.0,0.0,0.0,0.0
161,Poli Polia,Kolaka Timur,2020,0.0,0.0,0.0,0.0,0.0,0.0,0.0,0.0
162,Lambandia,Kolaka Timur,2020,0.0,0.0,0.0,0.0,0.0,0.0,0.0,0.0
163,Lalolae,Kolaka Timur,2020,0.0,0.0,0.0,0.0,0.0,0.0,0.0,0.0
164,Mowewe,Kolaka Timur,2020,0.0,0.0,0.0,0.0,0.0,0.0,0.0,0.0
165,Uluiwoi,Kolaka Timur,2020,0.0,0.0,0.0,0.0,0.0,0.0,0.0,0.0
166,Tinondo,Kolaka Timur,2020,0.0,0.0,0.0,0.0,0.0,0.0,0.0,0.0
167,Aere,Kolaka Timur,2020,0.0,0.0,0.0,0.0,0.0,0.0,0.0,0.0
168,Ueesi,Kolaka Timur,2020,0.0,0.0,0.0,0.0,0.0,0.0,0.0,0.0
169,Dangia,Kolaka Timur,2020,0.0,0.0,0.0,0.0,0.0,0.0,0.0,0.0
170,Wawonii Barat,Konawe Kepulauan,2020,0.0,0.0,0.0,0.0,0.0,0.0,0.0,0.0
171,Wawonii Utara,Konawe Kepulauan,2020,0.0,0.0,0.0,0.0,0.0,0.0,0.0,0.0
172,Wawonii Timur Laut,Konawe Kepulauan,2020,0.0,0.0,0.0,0.0,0.0,0.0,0.0,0.0
173,Wawonii Timur,Konawe Kepulauan,2020,0.0,0.0,0.0,0.0,0.0,0.0,0.0,0.0
174,Wawonii Tenggara,Konawe Kepulauan,2020,0.0,0.0,0.0,0.0,0.0,0.0,0.0,0.0
175,Wawonii Selatan,Konawe Kepulauan,2020,0.0,0.0,0.0,0.0,0.0,0.0,0.0,0.0
176,Wawonii Tengah,Konawe Kepulauan,2020,0.0,0.0,0.0,0.0,0.0,0.0,0.0,0.0
177,Sawerigadi,Muna Barat,2020,0.0,0.0,0.0,0.0,0.0,0.0,0.0,0.0
178,Barangka,Muna Barat,2020,0.0,0.0,0.0,0.0,0.0,0.0,0.0,0.0
179,Lawa,Muna Barat,2020,0.0,0.0,0.0,0.0,0.0,0.0,0.0,0.0
180,Wadaga,Muna Barat,2020,0.0,0.0,0.0,0.0,0.0,0.0,0.0,0.0
181,Tiworo Selatan,Muna Barat,2020,0.0,0.0,0.0,0.0,0.0,0.0,0.0,0.0
182,Maginti,Muna Barat,2020,0.0,0.0,0.0,0.0,0.0,0.0,0.0,0.0
183,Tiworo Tengah,Muna Barat,2020,0.0,0.0,0.0,0.0,0.0,0.0,0.0,0.0
184,Tiworo Utara,Muna Barat,2020,0.0,0.0,0.0,0.0,0.0,0.0,0.0,0.0
185,Tiworo Kepulauan,Muna Barat,2020,0.0,0.0,0.0,0.0,0.0,0.0,0.0,0.0
186,Kusambi,Muna Barat,2020,0.0,0.0,0.0,0.0,0.0,0.0,0.0,0.0
187,Napano Kusambi,Muna Barat,2020,0.0,0.0,0.0,0.0,0.0,0.0,0.0,0.0
188,Lakudo,Buton Tengah,2020,0.0,0.0,0.0,0.0,0.0,0.0,0.0,0.0
189,Mawasangka Timur,Buton Tengah,2020,0.0,0.0,0.0,0.0,0.0,0.0,0.0,0.0
190,Mawasangka Tengah,Buton Tengah,2020,0.0,0.0,0.0,0.0,0.0,0.0,0.0,0.0
191,Mawasangka,Buton Tengah,2020,0.0,0.0,0.0,0.0,0.0,0.0,0.0,0.0
192,Talaga Raya,Buton Tengah,2020,0.0,0.0,0.0,0.0,0.0,0.0,0.0,0.0
193,Gu,Buton Tengah,2020,0.0,0.0,0.0,0.0,0.0,0.0,0.0,0.0
194,Sangia Wambulu,Buton Tengah,2020,0.0,0.0,0.0,0.0,0.0,0.0,0.0,0.0
195,Batauga,Buton Selatan,2020,0.0,0.0,0.0,0.0,0.0,0.0,0.0,0.0
196,Sampolawa,Buton Selatan,2020,0.0,0.0,0.0,0.0,0.0,0.0,0.0,0.0
197,Lapandewa,Buton Selatan,2020,0.0,0.0,0.0,0.0,0.0,0.0,0.0,0.0
198,Batu Atas,Buton Selatan,2020,0.0,0.0,0.0,0.0,0.0,0.0,0.0,0.0
199,Siompu Barat,Buton Selatan,2020,0.0,0.0,0.0,0.0,0.0,0.0,0.0,0.0
200,Siompu,Buton Selatan,2020,0.0,0.0,0.0,0.0,0.0,0.0,0.0,0.0
201,Kadatua,Buton Selatan,2020,0.0,0.0,0.0,0.0,0.0,0.0,0.0,0.0
202,Mandonga,Kota Kendari,2020,0.0,0.0,0.0,0.0,0.0,0.0,0.0,0.0
203,Kendari,Kota Kendari,2020,0.0,0.0,0.0,0.0,0.0,0.0,0.0,0.0
204,Baruga,Kota Kendari,2020,0.0,0.0,0.0,0.0,0.0,0.0,0.0,0.0
205,Poasia,Kota Kendari,2020,0.0,0.0,0.0,0.0,0.0,0.0,0.0,0.0
206,Kendari Barat,Kota Kendari,2020,0.0,0.0,0.0,0.0,0.0,0.0,0.0,0.0
207,Abeli,Kota Kendari,2020,0.0,0.0,0.0,0.0,0.0,0.0,0.0,0.0
208,Wua-Wua,Kota Kendari,2020,0.0,0.0,0.0,0.0,0.0,0.0,0.0,0.0
209,Kadia,Kota Kendari,2020,0.0,0.0,0.0,0.0,0.0,0.0,0.0,0.0
210,Puuwatu,Kota Kendari,2020,0.0,0.0,0.0,0.0,0.0,0.0,0.0,0.0
211,Kambu,Kota Kendari,2020,0.0,0.0,0.0,0.0,0.0,0.0,0.0,0.0
212,Nambo,Kota Kendari,2020,0.0,0.0,0.0,0.0,0.0,0.0,0.0,0.0
213,Betoambari,Kota Bau Bau,2020,0.0,0.0,0.0,0.0,0.0,0.0,0.0,0.0
214,Wolio,Kota Bau Bau,2020,0.0,0.0,0.0,0.0,0.0,0.0,0.0,0.0
215,Sorawolio,Kota Bau Bau,2020,0.0,0.0,0.0,0.0,0.0,0.0,0.0,0.0
216,Bungi,Kota Bau Bau,2020,0.0,0.0,0.0,0.0,0.0,0.0,0.0,0.0
217,Kokalukuna,Kota Bau Bau,2020,0.0,0.0,0.0,0.0,0.0,0.0,0.0,0.0
218,Murhum,Kota Bau Bau,2020,0.0,0.0,0.0,0.0,0.0,0.0,0.0,0.0
219,Lea-Lea,Kota Bau Bau,2020,0.0,0.0,0.0,0.0,0.0,0.0,0.0,0.0
220,Batupoaro,Kota Bau Bau,2020,0.0,0.0,0.0,0.0,0.0,0.0,0.0,0.0
0,Wundulako,Kolaka,2025,-0.0498,-0.0562,0.0009,0.0014,-5.3523,-1.7679,-0.1336,-0.1191
1,Kolaka,Kolaka,2025,0.1663,0.3099,0.0012,0.0016,-3.5179,0.0254,-0.1702,-0.1577
2,Pomalaa,Kolaka,2025,-0.1781,-0.3466,0.0019,0.0023,-14.1048,-10.7536,-0.1949,-0.1887
3,Watubangga,Kolaka,2025,-0.9266,-1.1494,0.0009,-0.0001,-20.4173,-11.1271,0.0103,-0.0092
4,Wolo,Kolaka,2025,0.6023,0.4584,0.0015,0.0009,41.8732,57.954,-0.2778,-0.2301
5,Baula,Kolaka,2025,-0.211,-0.4991,0.0007,0.0013,-7.7179,-5.0174,-0.1112,-0.0634
6,Latambaga,Kolaka,2025,0.8212,0.8372,0.0016,0.0018,-2.0932,-1.857,-0.1894,-0.215
7,Tanggetada,Kolaka,2025,-0.538,-0.8718,-0.0006,-0.0003,-20.589,-14.7012,-0.1816,-0.0023
8,Samaturu,Kolaka,2025,0.673,0.7622,0.0007,0.0011,-19.5534,-3.4773,-0.2874,-0.2474
9,Toari,Kolaka,2025,0.0,-0.9098,0.0,0.0,0.0,-22.1699,0.0,-0.0529
10,Polinggona,Kolaka,2025,-1.0917,-1.2656,-0.0011,-0.0006,-19.915,-12.611,0.066,0.0126
11,Iwoimendaa,Kolaka,2025,0.502,0.3302,0.002,0.0006,56.906,60.1282,-0.3918,-0.229
12,Lambuya,Konawe,2025,-1.7291,-1.7011,-0.0052,-0.0047,-19.041,-16.8571,0.0696,0.0697
13,Unaaha,Konawe,2025,-1.235,-1.2475,-0.0056,-0.005,-20.1279,-18.3446,0.0049,0.0191
14,Wawotobi,Konawe,2025,-1.655,-1.6146,-0.0066,-0.0065,-23.7436,-23.1578,0.0555,0.0574
15,Pondidaha,Konawe,2025,-2.1833,-2.174,-0.0064,-0.0064,-24.9307,-25.5709,0.1164,0.1073
16,Sampara,Konawe,2025,0.0,-2.206,0.0,-0.0057,0.0,-20.8364,0.0,0.1219
17,Abuki,Konawe,2025,-0.3845,-0.471,-0.0035,-0.0036,-18.1256,-17.7052,-0.0812,-0.0644
18,Soropia,Konawe,2025,0.0,-0.4696,0.0,-0.0022,0.0,-24.4754,0.0,-0.1147
19,Tongauna,Konawe,2025,-1.0165,-0.9697,-0.0047,-0.0042,-17.9413,-16.9746,0.0019,0.0087
20,Latoma,Konawe,2025,0.0,0.4886,0.0,-0.0015,0.0,-0.1088,0.0,-0.2208
21,Puriala,Konawe,2025,-1.9479,-2.009,-0.005,-0.005,-17.2903,-16.6401,0.0951,0.099
22,Uepai,Konawe,2025,-1.4804,-1.2771,-0.0049,-0.0045,-17.9914,-17.1121,0.0475,0.0363
23,Wonggeduku,Konawe,2025,-2.0397,-2.0645,-0.0061,-0.0064,-22.8091,-24.0675,0.0986,0.0942
24,Besulutu,Konawe,2025,0.0,-2.1565,0.0,-0.0061,0.0,-24.6139,0.0,0.1126
25,Bondoala,Konawe,2025,0.0,-1.9158,0.0,-0.0053,0.0,-22.0846,0.0,0.0715
26,Routa,Konawe,2025,0.0,-0.3155,0.0,0.0001,0.0,26.3049,0.0,-0.047
27,Anggaberi,Konawe,2025,-1.3486,-1.2442,-0.0062,-0.0056,-22.1706,-19.3196,0.0209,0.0525
28,Meluhu,Konawe,2025,-1.7231,-1.6331,-0.0079,-0.0082,-25.9346,-27.0833,0.0673,0.0363
29,Amonggedo,Konawe,2025,-1.9906,-1.9436,-0.007,-0.0077,-23.8311,-28.2462,0.0986,0.0749
30,Asinua,Konawe,2025,-0.132,-0.0318,-0.004,-0.0038,-20.7347,-22.3613,-0.0791,-0.0657
31,Konawe,Konawe,2025,-1.721,-1.6075,-0.0055,-0.0057,-19.8547,-20.6127,0.0726,0.0555
32,Kapoiala,Konawe,2025,0.0,-1.1054,0.0,-0.0066,0.0,-22.724,0.0,-0.0254
33,Lalonggasumeeto,Konawe,2025,0.0,-1.0384,0.0,-0.0013,0.0,-16.348,0.0,-0.0208
34,Onembute,Konawe,2025,-1.6141,-1.5724,-0.0041,-0.0044,-13.934,-14.439,0.0415,0.0718
35,Padangguni,Konawe,2025,-0.2629,-0.3049,-0.0037,-0.0041,-18.7897,-19.2905,-0.0861,-0.0765
36,Morosi,Konawe,2025,-1.5777,-1.881,-0.0055,-0.0056,-21.8988,-23.2725,0.0137,0.0662
37,Anggalomoare,Konawe,2025,0.0,-1.7783,0.0,-0.0049,0.0,-12.254,0.0,0.0121
38,Wonggeduku Barat,Konawe,2025,-1.8654,-1.8228,-0.006,-0.0059,-22.1503,-21.5383,0.0813,0.0795
39,Tongauna Utara,Konawe,2025,-0.8345,-0.7233,-0.0045,-0.0041,-18.0739,-16.481,-0.0321,0.0189
40,Napabalano,Muna,2025,0.0,-0.9333,0.0,-0.0005,0.0,-21.0735,0.0,-0.0745
41,Maligano,Muna,2025,0.0,-1.874,0.0,-0.0019,0.0,-15.1114,0.0,0.0467
42,Wakorumba Selatan,Muna,2025,0.0,-1.7299,0.0,-0.0041,0.0,-15.1583,0.0,0.0192
43,Lasalepa,Muna,2025,0.0,-1.5081,0.0,-0.0009,0.0,-13.9181,0.0,-0.0033
44,Batalaiworu,Muna,2025,0.0,-1.966,0.0,-0.0016,0.0,-9.6737,0.0,0.0529
45,Katobu,Muna,2025,0.0,-2.1009,0.0,-0.0015,0.0,-8.889,0.0,0.0701
46,Duruka,Muna,2025,0.0,-2.1843,0.0,-0.0041,0.0,-9.9123,0.0,0.083
47,Lohia,Muna,2025,0.0,-1.8869,0.0,-0.002,0.0,-12.1711,0.0,0.0395
48,Watopute,Muna,2025,0.0,-1.7497,0.0,0.0002,0.0,-10.2692,0.0,0.0272
49,Kontunaga,Muna,2025,0.0,-2.1252,0.0,-0.001,0.0,-7.1515,0.0,0.0679
50,Kabangka,Muna,2025,-1.179,-1.2325,-0.0006,-0.0011,-16.8301,-14.3741,-0.0172,-0.0374
51,Kabawo,Muna,2025,0.0,-1.2972,0.0,-0.0019,0.0,-17.8372,0.0,-0.0255
52,Parigi,Muna,2025,-1.2244,-1.2403,-0.0014,-0.0018,-22.3623,-20.8647,-0.0468,-0.0457
53,Bone,Muna,2025,0.0,-0.8883,0.0,-0.0012,0.0,-32.0682,0.0,-0.0934
54,Tongkuno,Muna,2025,0.0,-1.0371,0.0,-0.001,0.0,-30.2708,0.0,-0.0716
55,Pasir Putih,Muna,2025,0.0,-1.1622,0.0,-0.002,0.0,-26.1686,0.0,-0.0602
56,Kontu Kowuna,Muna,2025,0.0,-1.285,0.0,-0.0008,0.0,-13.9899,0.0,-0.037
57,Marobo,Muna,2025,0.0,-0.9878,0.0,-0.0018,0.0,-26.0662,0.0,-0.0779
58,Tongkuno Selatan,Muna,2025,0.0,-0.7119,0.0,-0.0009,0.0,-39.4714,0.0,-0.1189
59,Pasi Kolaga,Muna,2025,0.0,-1.0652,0.0,-0.0015,0.0,-29.7978,0.0,-0.069
60,Batukara,Muna,2025,0.0,-1.8057,0.0,-0.0031,0.0,-14.1688,0.0,0.0255
61,Towea,Muna,2025,0.0,-0.5799,0.0,-0.0003,0.0,-28.0416,0.0,-0.1163
62,Pasarwajo,Buton,2025,0.0,-0.5534,0.0,-0.001,0.0,-14.5855,0.0,-0.1304
63,Kapontori,Buton,2025,-1.8949,-1.073,0.008,-0.0024,-25.7973,-15.9705,0.0602,-0.0571
64,Lasalimu,Buton,2025,-1.4176,-1.0692,-0.0038,-0.0018,-1.8757,-9.8013,-0.0073,-0.0575
65,Lasalimu Selatan,Buton,2025,-0.4017,-0.4984,-0.0015,-0.0026,-23.1159,-21.389,-0.1513,-0.1394
66,Siotapina,Buton,2025,0.0,-0.5121,0.0,-0.0067,0.0,-28.0722,0.0,-0.1397
67,Wolowa,Buton,2025,0.0,-0.6393,0.0,-0.0018,0.0,-13.4139,0.0,-0.1304
68,Wabula,Buton,2025,0.0,0.4645,0.0,0.0021,0.0,-55.1453,0.0,-0.2397
69,Tinanggea,Konawe Selatan,2025,-1.8193,-1.5073,-0.0042,-0.0054,-1.2133,-7.1326,0.0896,0.0323
70,Angata,Konawe Selatan,2025,-2.1597,-2.1784,-0.0042,-0.0036,-13.5055,-9.4401,0.1008,0.1011
71,Andoolo,Konawe Selatan,2025,0.0,-1.7326,0.0,-0.0033,0.0,-6.5429,0.0,0.058
72,Palangga,Konawe Selatan,2025,-0.9841,-1.0635,0.0105,-0.0036,-8.6532,-14.58,-0.108,-0.0308
73,Landono,Konawe Selatan,2025,-2.1723,-2.2058,-0.0054,-0.0055,-18.2938,-19.0254,0.1054,0.1031
74,Lainea,Konawe Selatan,2025,0.0957,-0.1186,0.0014,0.0025,-40.7547,-34.9343,-0.1966,-0.1739
75,Konda,Konawe Selatan,2025,-2.0018,-1.924,-0.0064,-0.0049,-16.9872,-11.6687,0.1052,0.0685
76,Ranomeeto,Konawe Selatan,2025,-2.0953,-2.123,-0.0052,-0.0056,-16.7344,-15.4151,0.114,0.0949
77,Kolono,Konawe Selatan,2025,-0.5036,-0.4404,-0.003,0.0034,-23.1862,-26.6371,-0.0996,-0.1435
78,Moramo,Konawe Selatan,2025,-1.3913,-1.4986,-0.0029,-0.004,-6.7314,-14.0272,0.0937,-0.0328
79,Laonti,Konawe Selatan,2025,0.0,-0.2079,0.0,-0.002,0.0,-24.0793,0.0,-0.1449
80,Lalembuu,Konawe Selatan,2025,-2.0532,-2.1629,-0.0009,-0.0069,1.992,-0.2587,0.0919,0.1203
81,Benua,Konawe Selatan,2025,0.0,-2.1685,0.0,-0.0042,0.0,-7.1499,0.0,0.1105
82,Palangga Selatan,Konawe Selatan,2025,-0.3385,-0.3528,0.0008,-0.0031,-24.999,-24.6785,-0.1316,-0.1198
83,Mowila,Konawe Selatan,2025,-2.2088,-2.178,-0.0054,-0.005,-19.645,-17.2629,0.1105,0.1073
84,Moramo Utara,Konawe Selatan,2025,-1.7469,-1.3621,-0.0048,-0.004,-12.4863,-13.0075,0.044,0.0096
85,Buke,Konawe Selatan,2025,0.0,-2.0998,0.0,-0.0046,0.0,-9.9027,0.0,0.0966
86,Wolasi,Konawe Selatan,2025,-1.5773,-1.4782,-0.0043,-0.0039,-10.652,-11.1043,0.029,0.0119
87,Laeya,Konawe Selatan,2025,-0.5561,-0.5465,0.0008,-0.004,-18.6416,-24.6712,-0.108,-0.0971
88,Baito,Konawe Selatan,2025,-1.8003,-1.7651,-0.0034,-0.0045,-11.0444,-11.7777,0.0469,0.0543
89,Basala,Konawe Selatan,2025,-2.1469,-2.1978,-0.0035,-0.0048,1.1056,-2.0764,0.1084,0.1203
90,Ranomeeto Barat,Konawe Selatan,2025,-2.1574,-2.3607,-0.0054,-0.0075,-18.0419,-26.7238,0.1335,0.1069
91,Kolono Timur,Konawe Selatan,2025,0.0,-0.2056,0.0,-0.0019,0.0,-33.1246,0.0,-0.157
92,Sabulakoa,Konawe Selatan,2025,-2.2131,-2.1758,-0.0057,-0.0058,-22.0303,-22.1508,0.1256,0.0901
93,Andoolo Barat,Konawe Selatan,2025,0.0,-2.0651,0.0,-0.0039,0.0,-3.4383,0.0,0.097
94,Poleang,Bombana,2025,0.0,-0.5679,0.0,0.0001,0.0,-29.1733,0.0,-0.1038
95,Poleang Timur,Bombana,2025,-0.8846,-1.1991,0.0022,-0.0018,-8.2674,-13.552,-0.045,-0.1278
96,Rarowatu,Bombana,2025,-0.9976,-0.9271,-0.0001,-0.0011,-5.0847,-7.8596,-0.0392,-0.051
97,Rumbia,Bombana,2025,-0.7466,-0.8572,-0.0037,0.0015,-13.8052,-15.8347,-0.094,-0.0153
98,Kabaena,Bombana,2025,0.0,0.0,0.0,0.0,0.0,0.0,0.0,0.0
99,Kabaena Timur,Bombana,2025,0.0,-1.1575,0.0,-0.0035,0.0,-30.5266,0.0,-0.0584
100,Poleang Barat,Bombana,2025,0.0,-0.8288,0.0,-0.0002,0.0,-25.6184,0.0,-0.0646
101,Mata Oleo,Bombana,2025,-0.3073,-0.2826,0.0016,0.0001,-28.8052,-27.4392,-0.1818,-0.1394
102,Rarowatu Utara,Bombana,2025,-1.4258,-1.7973,-0.0053,-0.01,-4.2444,-7.7366,0.0437,0.0509
103,Poleang Utara,Bombana,2025,-0.9354,-0.9737,0.0006,-0.0003,-7.4695,-7.7407,-0.0499,-0.0324
104,Poleang Selatan,Bombana,2025,-0.6246,-0.6971,0.0021,0.002,-20.2783,-17.115,-0.0218,-0.0867
105,Poleang Tenggara,Bombana,2025,-0.4474,-0.4415,0.0014,0.0018,-19.5207,-20.6342,-0.1536,-0.1348
106,Kabaena Selatan,Bombana,2025,0.0,-0.4852,0.0,0.0106,0.0,-47.6757,0.0,-0.292
107,Kabaena Barat,Bombana,2025,0.0,-0.4307,0.0,-0.0015,0.0,-44.2908,0.0,-0.1071
108,Kabaena Utara,Bombana,2025,-0.4923,-0.6864,-0.0009,-0.0029,-43.3874,-38.1523,-0.1435,-0.1454
109,Kabaena Tengah,Bombana,2025,0.0,-1.1322,0.0,-0.0044,0.0,-30.2729,0.0,-0.0427
110,Kep. Masaloka Raya,Bombana,2025,0.0,0.0,0.0,0.0,0.0,0.0,0.0,0.0
111,Rumbia Tengah,Bombana,2025,-0.5778,-0.5357,-0.0026,-0.0012,-19.4752,-21.8372,-0.1175,-0.1131
112,Poleang Tengah,Bombana,2025,-0.639,-0.6929,0.0005,0.0001,-20.7503,-19.8976,-0.0911,-0.0789
113,Tontonunu,Bombana,2025,-0.8605,-0.8213,-0.0001,-0.001,-8.0731,-11.1652,-0.0782,-0.065
114,Lantari Jaya,Bombana,2025,-1.5793,-1.9603,-0.0032,-0.0096,-0.2189,-4.5053,0.073,0.0696
115,Mata Usu,Bombana,2025,0.0,-1.5462,0.0,-0.0015,0.0,-0.0644,0.0,0.0394
116,Wangi-Wangi,Wakatobi,2025,0.0,-0.2564,0.0,0.0003,0.0,-33.4473,0.0,-0.1813
117,Kaledupa,Wakatobi,2025,0.0,0.2952,0.0,0.0001,0.0,-62.3275,0.0,-0.2699
118,Tomia,Wakatobi,2025,0.0,0.5315,0.0,-0.0,0.0,-79.688,0.0,-0.3398
119,Binongko,Wakatobi,2025,0.0,0.4136,0.0,0.0,0.0,-87.7141,0.0,-0.3084
120,Wangi Wangi Selatan,Wakatobi,2025,0.0,-0.14,0.0,0.0004,0.0,-39.3996,0.0,-0.199
121,Kaledupa Selatan,Wakatobi,2025,0.0,0.3801,0.0,-0.0,0.0,-70.3808,0.0,-0.285
122,Tomia Timur,Wakatobi,2025,0.0,0.4175,0.0,0.0,0.0,-82.7157,0.0,-0.3026
123,Togo Binongko,Wakatobi,2025,0.0,0.4121,0.0,0.0,0.0,-89.0497,0.0,-0.3094
124,Lasusua,Kolaka Utara,2025,0.0,0.1502,0.0,0.0005,0.0,84.8064,0.0,-0.2008
125,Pakue,Kolaka Utara,2025,0.0,0.3889,0.0,0.0014,0.0,-0.4524,0.0,-0.1664
126,Batu Putih,Kolaka Utara,2025,0.7232,0.7009,0.0014,0.0015,-14.5308,-9.7678,-0.1434,-0.1671
127,Rante Angin,Kolaka Utara,2025,0.2045,0.1815,0.0003,0.0003,44.2971,54.0509,-0.2193,-0.2007
128,Kodeoha,Kolaka Utara,2025,0.1424,0.2002,0.0005,0.001,46.9758,70.9634,-0.179,-0.0994
129,Ngapa,Kolaka Utara,2025,0.0,0.272,0.0,0.0015,0.0,57.1016,0.0,-0.0862
130,Wawo,Kolaka Utara,2025,0.1991,0.1259,0.0001,0.0004,24.0135,44.1815,-0.2395,-0.1391
131,Lambai,Kolaka Utara,2025,0.0,0.1893,0.0,0.0003,0.0,64.1854,0.0,-0.2266
132,Watunohu,Kolaka Utara,2025,0.0,0.2399,0.0,0.001,0.0,31.1867,0.0,-0.0049
133,Pakue Tengah,Kolaka Utara,2025,0.5439,0.5509,0.0012,0.0015,-10.6446,-3.3171,-0.1622,-0.1849
134,Pakue Utara,Kolaka Utara,2025,0.6407,0.6311,0.0012,0.0019,-14.3847,0.5133,-0.1569,-0.1977
135,Porehu,Kolaka Utara,2025,0.0,0.607,0.0,0.0039,0.0,4.5872,0.0,-0.1288
136,Katoi,Kolaka Utara,2025,0.1071,0.0915,0.0002,0.0002,58.6328,71.3627,-0.1881,-0.1892
137,Tiwu,Kolaka Utara,2025,0.0,0.014,0.0,0.0002,0.0,42.1304,0.0,-0.4492
138,Tolala,Kolaka Utara,2025,0.0,0.4346,0.0,0.0008,0.0,-21.7639,0.0,-0.1253
139,Asera,Konawe Utara,2025,0.0,-0.3245,0.0,-0.0046,0.0,-26.526,0.0,-0.0635
140,Wiwirano,Konawe Utara,2025,0.0706,-0.1392,-0.0038,-0.0054,-24.0186,-12.595,-0.085,-0.0145
141,Langgikima,Konawe Utara,2025,0.0,0.5993,0.0,-0.0025,0.0,-27.0011,0.0,-0.1894
142,Molawe,Konawe Utara,2025,0.0,-0.3818,0.0,-0.0044,0.0,-30.207,0.0,-0.1016
143,Lasolo,Konawe Utara,2025,0.0,-1.0539,0.0,-0.0078,0.0,-28.277,0.0,-0.0224
144,Lembo,Konawe Utara,2025,0.0,-0.9783,0.0,-0.0073,0.0,-27.6081,0.0,-0.0282
145,Sawa,Konawe Utara,2025,-0.7731,-0.6879,-0.0043,-0.0019,-25.6637,-25.4654,-0.0632,-0.0768
146,Oheo,Konawe Utara,2025,-0.2529,-0.1402,-0.0047,-0.0049,-30.2648,-29.2343,-0.0667,-0.1351
147,Andowia,Konawe Utara,2025,0.0,-0.3585,0.0,-0.0119,0.0,-35.4213,0.0,-0.0801
148,Motui,Konawe Utara,2025,-1.4154,-1.1531,-0.0049,-0.006,-26.0087,-26.6704,0.0209,-0.022
149,Wawolesea,Konawe Utara,2025,0.0,-0.9415,0.0,-0.0074,0.0,-28.5849,0.0,-0.0369
150,Lasolo Kepulauan,Konawe Utara,2025,0.0,0.8459,0.0,0.0026,0.0,-29.4773,0.0,-0.2294
151,Landawe,Konawe Utara,2025,0.0999,0.3318,-0.0036,-0.0047,-25.2362,-26.4704,-0.1324,-0.1647
152,Kulisusu,Buton Utara,2025,0.0,-0.5667,0.0,-0.0009,0.0,-23.3471,0.0,-0.1238
153,Kambowa,Buton Utara,2025,0.0,-1.2333,0.0,-0.0016,0.0,-16.1757,0.0,-0.04
154,Bonegunu,Buton Utara,2025,0.0,-1.2381,0.0,0.0005,0.0,-16.2818,0.0,-0.0514
155,Kulisusu Barat,Buton Utara,2025,-1.263,-1.1328,0.0001,-0.0042,-15.3391,-15.9103,-0.0437,-0.0435
156,Kulisusu Utara,Buton Utara,2025,0.0,-0.3676,0.0,-0.003,0.0,-21.908,0.0,-0.1286
157,Wakorumba Utara,Buton Utara,2025,0.0,-1.0919,0.0,-0.0012,0.0,-18.6206,0.0,-0.0116
158,Tirawuta,Kolaka Timur,2025,-1.3228,-1.0092,-0.0026,-0.0018,-8.6895,-6.8529,0.04,0.0018
159,Loea,Kolaka Timur,2025,-1.3915,-1.0204,-0.0021,-0.0008,-6.6811,-4.4459,0.1326,0.006
160,Ladongi,Kolaka Timur,2025,-1.6321,-1.1913,-0.0021,-0.0005,-7.4327,-4.2887,0.0677,0.0236
161,Poli Polia,Kolaka Timur,2025,-1.6949,-1.4377,-0.0014,-0.0007,-4.3671,-4.1364,0.071,0.0463
162,Lambandia,Kolaka Timur,2025,-2.1204,-1.99,-0.0024,-0.0028,1.1038,-1.0739,0.1023,0.1056
163,Lalolae,Kolaka Timur,2025,-0.0965,-0.0581,0.0011,0.0011,3.8832,4.435,-0.0989,-0.0822
164,Mowewe,Kolaka Timur,2025,0.4728,0.4969,0.0016,0.0018,8.6654,8.1259,-0.1281,-0.1731
165,Uluiwoi,Kolaka Timur,2025,0.0,0.5724,0.0,-0.0013,0.0,-6.7886,0.0,-0.1684
166,Tinondo,Kolaka Timur,2025,-0.0757,0.268,-0.0003,0.0002,-1.8441,-0.3396,0.1144,-0.1242
167,Aere,Kolaka Timur,2025,-1.7429,-1.4999,-0.0033,-0.0006,-4.2462,-2.7605,0.215,0.0694
168,Ueesi,Kolaka Timur,2025,0.0,0.7784,0.0,0.0004,0.0,21.8043,0.0,-0.2434
169,Dangia,Kolaka Timur,2025,-1.8572,-2.1011,-0.0005,-0.0028,-7.4582,-4.7885,0.1013,0.1096
170,Wawonii Barat,Konawe Kepulauan,2025,0.0,0.5662,0.0,-0.0004,0.0,-34.4362,0.0,-0.2569
171,Wawonii Utara,Konawe Kepulauan,2025,0.496,0.5525,0.0028,0.0014,-39.7544,-38.4715,-0.2521,-0.2466
172,Wawonii Timur Laut,Konawe Kepulauan,2025,0.0,0.5225,0.0,0.0002,0.0,-38.4142,0.0,-0.2365
173,Wawonii Timur,Konawe Kepulauan,2025,0.0,0.5202,0.0,0.0007,0.0,-36.4989,0.0,-0.239
174,Wawonii Tenggara,Konawe Kepulauan,2025,0.0,0.5926,0.0,-0.0048,0.0,-31.746,0.0,-0.2507
175,Wawonii Selatan,Konawe Kepulauan,2025,0.0,0.398,0.0,-0.0007,0.0,-31.1635,0.0,-0.2223
176,Wawonii Tengah,Konawe Kepulauan,2025,0.0,0.4497,0.0,-0.0031,0.0,-30.1779,0.0,-0.243
177,Sawerigadi,Muna Barat,2025,-1.1067,-1.1269,-0.0001,-0.0002,-12.7089,-13.6614,-0.0563,-0.0511
178,Barangka,Muna Barat,2025,0.0,-1.5601,0.0,-0.0006,0.0,-9.7469,0.0,0.0022
179,Lawa,Muna Barat,2025,0.0,-1.5788,0.0,-0.0032,0.0,-8.7461,0.0,0.0153
180,Wadaga,Muna Barat,2025,0.0,-1.4537,0.0,-0.0007,0.0,-14.6727,0.0,0.0063
181,Tiworo Selatan,Muna Barat,2025,-0.9886,-1.0655,-0.0007,-0.0009,-15.6441,-15.2695,-0.0643,-0.0567
182,Maginti,Muna Barat,2025,0.0,-0.8925,0.0,-0.001,0.0,-18.766,0.0,-0.0796
183,Tiworo Tengah,Muna Barat,2025,-0.9076,-0.7357,-0.0,-0.0007,-16.4828,-19.6995,-0.078,-0.0929
184,Tiworo Utara,Muna Barat,2025,0.0,-0.5282,0.0,-0.0005,0.0,-22.9365,0.0,-0.1199
185,Tiworo Kepulauan,Muna Barat,2025,-0.926,-0.8032,0.0023,-0.0002,-13.8833,-17.2771,-0.1063,-0.0916
186,Kusambi,Muna Barat,2025,0.0,-1.0186,0.0,-0.0009,0.0,-16.3926,0.0,-0.0635
187,Napano Kusambi,Muna Barat,2025,0.0,-0.7891,0.0,-0.0,0.0,-19.0666,0.0,-0.0871
188,Lakudo,Buton Tengah,2025,0.0,-0.5693,0.0,-0.0,0.0,-38.3116,0.0,0.0071
189,Mawasangka Timur,Buton Tengah,2025,0.0,0.0,0.0,0.0,0.0,0.0,0.0,0.0
190,Mawasangka Tengah,Buton Tengah,2025,0.0,0.0945,0.0,-0.0001,0.0,-68.9649,0.0,-0.2485
191,Mawasangka,Buton Tengah,2025,-0.5848,-0.4973,-0.0006,0.0034,-36.029,-35.2998,-0.1333,-0.1579
192,Talaga Raya,Buton Tengah,2025,0.0,0.1106,0.0,0.0005,0.0,-58.2599,0.0,-0.2423
193,Gu,Buton Tengah,2025,0.0,-0.5795,0.0,-0.0006,0.0,-40.9706,0.0,-0.1377
194,Sangia Wambulu,Buton Tengah,2025,0.0,-0.6993,0.0,-0.0005,0.0,-23.6825,0.0,-0.116
195,Batauga,Buton Selatan,2025,0.0,-0.2174,0.0,-0.001,0.0,-34.5485,0.0,-0.1688
196,Sampolawa,Buton Selatan,2025,0.0,-0.3186,0.0,-0.0016,0.0,-24.1392,0.0,-0.1693
197,Lapandewa,Buton Selatan,2025,0.0,0.0,0.0,0.0,0.0,0.0,0.0,0.0
198,Batu Atas,Buton Selatan,2025,0.0,0.3581,0.0,0.0,0.0,-119.5147,0.0,-0.2698
199,Siompu Barat,Buton Selatan,2025,0.0,0.3858,0.0,-0.0,0.0,-93.0025,0.0,-0.259
200,Siompu,Buton Selatan,2025,0.0,0.0,0.0,0.0,0.0,0.0,0.0,0.0
201,Kadatua,Buton Selatan,2025,0.0,0.0,0.0,0.0,0.0,0.0,0.0,0.0
202,Mandonga,Kota Kendari,2025,0.0,-1.6635,0.0,-0.0028,0.0,-20.5687,0.0,0.0626
203,Kendari,Kota Kendari,2025,0.0,-0.9129,0.0,-0.0032,0.0,-20.6071,0.0,-0.0536
204,Baruga,Kota Kendari,2025,-1.7926,-1.8018,-0.0052,-0.0053,-14.2127,-16.104,0.0508,0.0587
205,Poasia,Kota Kendari,2025,0.0,-1.4103,0.0,-0.0043,0.0,-16.5062,0.0,0.0071
206,Kendari Barat,Kota Kendari,2025,0.0,-1.2173,0.0,-0.0037,0.0,-19.3623,0.0,-0.0175
207,Abeli,Kota Kendari,2025,0.0,-1.2338,0.0,-0.0038,0.0,-17.5083,0.0,-0.0133
208,Wua-Wua,Kota Kendari,2025,0.0,-1.6227,0.0,-0.0028,0.0,-10.805,0.0,0.0021
209,Kadia,Kota Kendari,2025,0.0,-1.9767,0.0,-0.0055,0.0,-22.9771,0.0,0.0976
210,Puuwatu,Kota Kendari,2025,0.0,-2.3351,0.0,-0.007,0.0,-29.7168,0.0,0.2215
211,Kambu,Kota Kendari,2025,0.0,-1.6029,0.0,-0.0047,0.0,-15.4431,0.0,0.0333
212,Nambo,Kota Kendari,2025,0.0,-1.0766,0.0,-0.0036,0.0,-17.8509,0.0,-0.0348
213,Betoambari,Kota Bau Bau,2025,0.0,-0.4612,0.0,-0.0009,0.0,-24.6426,0.0,-0.1509
214,Wolio,Kota Bau Bau,2025,0.0,-0.6332,0.0,-0.0012,0.0,-17.9637,0.0,-0.0981
215,Sorawolio,Kota Bau Bau,2025,-0.6977,-0.6891,-0.0023,-0.0005,-13.4672,-14.2459,-0.0988,-0.1009
216,Bungi,Kota Bau Bau,2025,-0.9145,-0.856,-0.0007,0.001,-13.579,-14.059,-0.0873,-0.0987
217,Kokalukuna,Kota Bau Bau,2025,0.0,-0.6393,0.0,-0.001,0.0,-14.3017,0.0,-0.1361
218,Murhum,Kota Bau Bau,2025,0.0,-0.4931,0.0,-0.0008,0.0,-23.2561,0.0,-0.1582
219,Lea-Lea,Kota Bau Bau,2025,-0.8922,-0.8319,-0.0004,0.0001,-16.2204,-17.481,-0.0856,-0.1067
220,Batupoaro,Kota Bau Bau,2025,0.0,0.0,0.0,0.0,0.0,0.0,0.0,0.0
0,Wundulako,Kolaka,2030,0.9269,1.1591,0.0049,0.0069,43.8681,42.8949,0.2101,0.1958
1,Kolaka,Kolaka,2030,0.9837,1.139,0.0048,0.0057,45.4607,43.9117,0.1892,0.1971
2,Pomalaa,Kolaka,2030,1.0968,1.2616,0.0064,0.0089,37.1429,47.4076,0.134,0.0642
3,Watubangga,Kolaka,2030,1.098,1.3921,0.0095,0.0108,32.255,44.0106,0.2561,0.1571
4,Wolo,Kolaka,2030,0.6133,0.4977,0.0026,0.0026,115.6545,130.2115,0.1996,0.2258
5,Baula,Kolaka,2030,0.9208,1.2983,0.0051,0.0092,43.2613,45.5342,0.2248,0.198
6,Latambaga,Kolaka,2030,1.0207,1.0503,0.0035,0.0039,53.7527,53.8034,0.2387,0.2061
7,Tanggetada,Kolaka,2030,1.0094,1.149,0.005,0.0078,35.1898,40.7798,0.0687,0.2319
8,Samaturu,Kolaka,2030,0.6743,0.8115,0.0014,0.0022,65.2108,60.0041,0.1975,0.2137
9,Toari,Kolaka,2030,0.0,1.1751,0.0,0.0086,0.0,35.2702,0.0,0.1652
10,Polinggona,Kolaka,2030,1.1539,1.2907,0.0083,0.0097,33.7838,40.8523,0.28,0.1832
11,Iwoimendaa,Kolaka,2030,0.7006,0.5221,0.0029,0.0016,152.0864,150.3762,0.0468,0.218
12,Lambuya,Konawe,2030,0.3668,0.4386,0.0027,0.0035,17.8407,21.0038,0.2791,0.2806
13,Unaaha,Konawe,2030,0.3559,0.3952,0.0015,0.0024,6.6485,10.4817,0.2461,0.2622
14,Wawotobi,Konawe,2030,0.2175,0.2377,0.001,0.0012,9.1334,10.0421,0.2749,0.2831
15,Pondidaha,Konawe,2030,0.0467,0.0425,0.0005,0.0006,9.0539,9.3746,0.3071,0.3036
16,Sampara,Konawe,2030,0.0,0.1162,0.0,0.0015,0.0,11.9403,0.0,0.2939
17,Abuki,Konawe,2030,0.559,0.542,0.0017,0.0018,2.2041,3.115,0.2158,0.2344
18,Soropia,Konawe,2030,0.0,0.5458,0.0,0.0003,0.0,19.1992,0.0,0.1499
19,Tongauna,Konawe,2030,0.4286,0.4704,0.0022,0.0028,6.2492,7.772,0.2645,0.2868
20,Latoma,Konawe,2030,0.0,1.2365,0.0,0.0019,0.0,26.1073,0.0,0.1132
21,Puriala,Konawe,2030,0.4375,0.4501,0.0025,0.0023,16.4139,16.9753,0.2847,0.2793
22,Uepai,Konawe,2030,0.4299,0.4956,0.0032,0.0036,17.3697,15.6358,0.277,0.285
23,Wonggeduku,Konawe,2030,0.1246,0.0743,0.0013,0.001,13.5606,11.7933,0.2976,0.2932
24,Besulutu,Konawe,2030,0.0,0.0461,0.0,0.0011,0.0,10.7422,0.0,0.3012
25,Bondoala,Konawe,2030,0.0,0.064,0.0,0.001,0.0,10.6609,0.0,0.2692
26,Routa,Konawe,2030,0.0,0.8569,0.0,0.0073,0.0,59.0612,0.0,0.1974
27,Anggaberi,Konawe,2030,0.3196,0.377,0.0012,0.0022,6.7813,9.421,0.2571,0.3142
28,Meluhu,Konawe,2030,0.1142,0.1198,0.0003,0.0,6.499,3.6054,0.288,0.2637
29,Amonggedo,Konawe,2030,0.0576,0.0336,0.0009,-0.0001,14.3773,5.0262,0.318,0.2773
30,Asinua,Konawe,2030,0.7333,0.768,0.0007,0.0008,5.5176,7.343,0.2412,0.2732
31,Konawe,Konawe,2030,0.2868,0.3088,0.0025,0.0022,17.5807,14.1881,0.2916,0.2783
32,Kapoiala,Konawe,2030,0.0,0.4097,0.0,-0.0019,0.0,16.124,0.0,0.209
33,Lalonggasumeeto,Konawe,2030,0.0,0.7385,0.0,0.0079,0.0,27.6855,0.0,0.2162
34,Onembute,Konawe,2030,0.7028,0.6562,0.0042,0.0039,20.0395,20.4327,0.2331,0.2817
35,Padangguni,Konawe,2030,0.6355,0.6066,0.0012,0.0004,4.2121,0.9045,0.2172,0.2298
36,Morosi,Konawe,2030,0.3573,0.1853,0.0011,0.0012,15.1611,13.1556,0.2119,0.2482
37,Anggalomoare,Konawe,2030,0.0,0.4629,0.0,0.0023,0.0,19.9043,0.0,0.1818
38,Wonggeduku Barat,Konawe,2030,0.1874,0.2102,0.0017,0.002,14.4978,15.9586,0.2909,0.2946
39,Tongauna Utara,Konawe,2030,0.4005,0.4091,0.0017,0.0017,0.8801,3.9923,0.2386,0.365
40,Napabalano,Muna,2030,0.0,0.3693,0.0,0.0028,0.0,9.0048,0.0,0.2386
41,Maligano,Muna,2030,0.0,-0.1688,0.0,0.0043,0.0,13.131,0.0,0.3075
42,Wakorumba Selatan,Muna,2030,0.0,0.0647,0.0,0.0016,0.0,12.8255,0.0,0.2754
43,Lasalepa,Muna,2030,0.0,0.153,0.0,0.004,0.0,11.0138,0.0,0.2727
44,Batalaiworu,Muna,2030,0.0,0.0006,0.0,0.0043,0.0,13.0954,0.0,0.2939
45,Katobu,Muna,2030,0.0,-0.0584,0.0,0.0052,0.0,13.4256,0.0,0.3035
46,Duruka,Muna,2030,0.0,-0.1168,0.0,0.0019,0.0,12.2942,0.0,0.3142
47,Lohia,Muna,2030,0.0,0.0527,0.0,0.0036,0.0,12.213,0.0,0.2845
48,Watopute,Muna,2030,0.0,0.0972,0.0,0.0063,0.0,10.7325,0.0,0.2834
49,Kontunaga,Muna,2030,0.0,-0.0355,0.0,0.0056,0.0,12.43,0.0,0.2953
50,Kabangka,Muna,2030,0.0,0.3789,0.0,0.0032,0.0,8.6257,0.0,0.2457
51,Kabawo,Muna,2030,0.0,0.3415,0.0,0.0021,0.0,5.9676,0.0,0.2574
52,Parigi,Muna,2030,0.0,0.3979,0.0,0.0015,0.0,3.8578,0.0,0.2372
53,Bone,Muna,2030,0.0,0.4705,0.0,0.0013,0.0,-1.882,0.0,0.2207
54,Tongkuno,Muna,2030,0.0,0.3728,0.0,0.0021,0.0,2.3699,0.0,0.2362
55,Pasir Putih,Muna,2030,0.0,0.3555,0.0,0.001,0.0,5.7695,0.0,0.2247
56,Kontu Kowuna,Muna,2030,0.0,0.3425,0.0,0.0039,0.0,8.9368,0.0,0.2456
57,Marobo,Muna,2030,0.0,0.5134,0.0,0.0003,0.0,2.4151,0.0,0.2182
58,Tongkuno Selatan,Muna,2030,0.0,0.4012,0.0,0.0015,0.0,-2.441,0.0,0.2217
59,Pasi Kolaga,Muna,2030,0.0,0.37,0.0,0.0015,0.0,3.6454,0.0,0.2343
60,Batukara,Muna,2030,0.0,-0.0204,0.0,0.0035,0.0,14.2027,0.0,0.2779
61,Towea,Muna,2030,0.0,0.4877,0.0,0.0022,0.0,6.8294,0.0,0.2148
62,Pasarwajo,Buton,2030,0.0,0.5222,0.0,0.0017,0.0,4.1993,0.0,0.2052
63,Kapontori,Buton,2030,-0.6279,0.3385,0.0097,0.0005,11.0845,13.5751,0.4193,0.246
64,Lasalimu,Buton,2030,0.2094,0.3368,-0.0009,0.0006,13.4952,6.7794,0.2673,0.2411
65,Lasalimu Selatan,Buton,2030,0.5885,0.5292,-0.0007,-0.0019,-2.629,-2.265,0.1926,0.2036
66,Siotapina,Buton,2030,0.0,0.4215,0.0,-0.0064,0.0,-7.4116,0.0,0.2142
67,Wolowa,Buton,2030,0.0,0.5055,0.0,0.0003,0.0,2.6713,0.0,0.1923
68,Wabula,Buton,2030,0.0,1.0495,0.0,0.0035,0.0,-28.7671,0.0,0.1631
69,Tinanggea,Konawe Selatan,2030,0.4967,0.4882,0.0023,-0.0037,4.7522,-2.9197,0.2598,0.2256
70,Angata,Konawe Selatan,2030,0.5325,0.6505,0.0029,0.0038,21.1671,21.674,0.2454,0.2361
71,Andoolo,Konawe Selatan,2030,0.0,0.5397,0.0,0.0007,0.0,4.8959,0.0,0.2225
72,Palangga,Konawe Selatan,2030,0.9823,0.6212,0.0247,-0.0011,14.0581,-2.0967,0.0501,0.2071
73,Landono,Konawe Selatan,2030,0.2814,0.2676,0.0011,0.0009,14.7075,14.1972,0.265,0.2645
74,Lainea,Konawe Selatan,2030,0.8402,0.7088,0.004,0.0062,-11.5183,-7.7573,0.1447,0.1635
75,Konda,Konawe Selatan,2030,0.1018,0.2679,-0.001,0.001,3.588,9.5887,0.2985,0.2456
76,Ranomeeto,Konawe Selatan,2030,0.236,0.2521,0.0016,0.0009,10.2982,10.8548,0.2637,0.2486
77,Kolono,Konawe Selatan,2030,0.5318,0.4785,-0.0007,0.0077,-1.0866,-0.6758,0.2157,0.1722
78,Moramo,Konawe Selatan,2030,0.3129,0.0331,0.0026,0.0008,8.0422,1.1013,0.3128,0.2013
79,Laonti,Konawe Selatan,2030,0.0,0.5509,0.0,-0.0012,0.0,8.4865,0.0,0.2015
80,Lalembuu,Konawe Selatan,2030,0.7488,0.5923,0.0082,-0.0008,15.3231,13.7101,0.2042,0.2488
81,Benua,Konawe Selatan,2030,0.0,0.6304,0.0,0.0025,0.0,17.1929,0.0,0.2456
82,Palangga Selatan,Konawe Selatan,2030,0.0,0.785,0.0,-0.0024,0.0,-14.9037,0.0,0.1843
83,Mowila,Konawe Selatan,2030,0.3147,0.4026,0.0013,0.0014,15.6147,16.198,0.276,0.2686
84,Moramo Utara,Konawe Selatan,2030,0.2431,0.304,0.0009,0.0011,9.3896,9.3719,0.2341,0.2351
85,Buke,Konawe Selatan,2030,0.0,0.5082,0.0,0.0001,0.0,11.7488,0.0,0.2432
86,Wolasi,Konawe Selatan,2030,0.0,0.4045,0.0,0.0008,0.0,5.2479,0.0,0.2239
87,Laeya,Konawe Selatan,2030,0.8241,0.6676,0.0072,-0.0023,0.2631,-8.2089,0.1554,0.2014
88,Baito,Konawe Selatan,2030,0.5557,0.4995,0.0014,-0.0011,10.7148,7.1862,0.2166,0.2356
89,Basala,Konawe Selatan,2030,0.7454,0.6517,0.0052,0.0027,18.6876,18.3597,0.2248,0.2498
90,Ranomeeto Barat,Konawe Selatan,2030,0.2267,0.021,0.0012,-0.0013,11.2098,1.4524,0.2902,0.2329
91,Kolono Timur,Konawe Selatan,2030,0.0,0.6046,0.0,-0.0015,0.0,4.8971,0.0,0.1909
92,Sabulakoa,Konawe Selatan,2030,0.1505,0.2327,0.0012,0.001,13.6944,13.5105,0.3122,0.2568
93,Andoolo Barat,Konawe Selatan,2030,0.0,0.5776,0.0,0.0016,0.0,11.5515,0.0,0.231
94,Poleang,Bombana,2030,0.0,1.003,0.0,0.0059,0.0,28.8784,0.0,0.1728
95,Poleang Timur,Bombana,2030,1.3533,0.9224,0.0106,0.0051,38.0951,32.6026,0.143,0.0552
96,Rarowatu,Bombana,2030,1.1077,1.033,0.0049,0.0016,28.6264,23.1056,0.1509,0.1618
97,Rumbia,Bombana,2030,0.9544,0.7864,-0.0039,0.003,16.7,14.7227,0.1395,0.2457
98,Kabaena,Bombana,2030,0.0,0.0,0.0,0.0,0.0,0.0,0.0,0.0
99,Kabaena Timur,Bombana,2030,0.0,0.4786,0.0,-0.0028,0.0,-0.6887,0.0,0.2044
100,Poleang Barat,Bombana,2030,0.0,1.107,0.0,0.0076,0.0,32.9071,0.0,0.1718
101,Mata Oleo,Bombana,2030,0.8718,0.9046,0.0026,0.0009,14.8842,14.754,0.1329,0.1793
102,Rarowatu Utara,Bombana,2030,0.9555,0.4826,-0.0044,-0.0067,20.9131,19.4389,0.1935,0.2098
103,Poleang Utara,Bombana,2030,1.2552,1.198,0.0099,0.0095,37.9278,37.9702,0.1377,0.1627
104,Poleang Selatan,Bombana,2030,1.1648,1.1666,0.0064,0.0086,32.0073,33.6973,0.2506,0.1407
105,Poleang Tenggara,Bombana,2030,1.0526,1.0568,0.0044,0.0043,24.3628,23.7423,0.1327,0.145
106,Kabaena Selatan,Bombana,2030,0.0,0.3471,0.0,0.0125,0.0,-17.1503,0.0,0.0546
107,Kabaena Barat,Bombana,2030,0.0,0.576,0.0,-0.0034,0.0,-6.8197,0.0,0.2161
108,Kabaena Utara,Bombana,2030,0.582,0.6081,-0.0017,-0.0062,-7.7681,-2.2724,0.1918,0.1182
109,Kabaena Tengah,Bombana,2030,0.0,0.6361,0.0,-0.0068,0.0,1.9976,0.0,0.2016
110,Kep. Masaloka Raya,Bombana,2030,0.0,0.0,0.0,0.0,0.0,0.0,0.0,0.0
111,Rumbia Tengah,Bombana,2030,0.9082,0.8915,-0.0025,-0.0011,12.7948,11.91,0.1571,0.171
112,Poleang Tengah,Bombana,2030,1.0774,1.0862,0.0069,0.007,31.96,32.805,0.1702,0.1698
113,Tontonunu,Bombana,2030,1.2185,1.2309,0.0096,0.0087,39.6065,39.9034,0.1417,0.1475
114,Lantari Jaya,Bombana,2030,1.0596,0.6069,0.0024,-0.0054,25.2594,21.0581,0.2095,0.2061
115,Mata Usu,Bombana,2030,0.0,1.2912,0.0,0.0111,0.0,45.731,0.0,0.1669
116,Wangi-Wangi,Wakatobi,2030,0.0,0.6341,0.0,-0.0003,0.0,-2.7341,0.0,0.1704
117,Kaledupa,Wakatobi,2030,0.0,0.8073,0.0,-0.0,0.0,-9.993,0.0,0.1313
118,Tomia,Wakatobi,2030,0.0,0.9505,0.0,-0.0,0.0,-16.6351,0.0,0.0657
119,Binongko,Wakatobi,2030,0.0,0.7706,0.0,0.0,0.0,-28.2145,0.0,0.1093
120,Wangi Wangi Selatan,Wakatobi,2030,0.0,0.6738,0.0,0.0,0.0,-4.7028,0.0,0.1629
121,Kaledupa Selatan,Wakatobi,2030,0.0,0.8184,0.0,-0.0,0.0,-12.9488,0.0,0.1265
122,Tomia Timur,Wakatobi,2030,0.0,0.7984,0.0,-0.0,0.0,-22.107,0.0,0.1153
123,Togo Binongko,Wakatobi,2030,0.0,0.7633,0.0,-0.0,0.0,-29.852,0.0,0.1086
124,Lasusua,Kolaka Utara,2030,0.0,0.8391,0.0,0.0016,0.0,289.901,0.0,0.1805
125,Pakue,Kolaka Utara,2030,0.0,1.128,0.0,0.0044,0.0,207.7239,0.0,0.1389
126,Batu Putih,Kolaka Utara,2030,1.3434,1.3116,0.0051,0.0051,128.2293,127.1313,0.1615,0.1028
127,Rante Angin,Kolaka Utara,2030,0.723,0.7485,0.0011,0.0014,186.0912,198.6867,0.1964,0.201
128,Kodeoha,Kolaka Utara,2030,0.7833,0.9517,0.0016,0.0032,285.6417,298.3707,0.1808,0.2481
129,Ngapa,Kolaka Utara,2030,0.0,1.0993,0.0,0.0047,0.0,271.2908,0.0,0.2723
130,Wawo,Kolaka Utara,2030,0.6704,0.6632,0.0005,0.0014,156.3031,182.722,0.1852,0.2785
131,Lambai,Kolaka Utara,2030,0.0,0.7879,0.0,0.0014,0.0,226.0956,0.0,0.1549
132,Watunohu,Kolaka Utara,2030,0.0,0.8726,0.0,0.0026,0.0,262.6488,0.0,0.2389
133,Pakue Tengah,Kolaka Utara,2030,1.2263,1.2298,0.0044,0.0049,177.7392,178.1525,0.1721,0.1073
134,Pakue Utara,Kolaka Utara,2030,1.3016,1.2546,0.0048,0.0052,154.0731,156.2326,0.1417,0.0673
135,Porehu,Kolaka Utara,2030,0.0,1.1686,0.0,0.0077,0.0,104.4795,0.0,0.1852
136,Katoi,Kolaka Utara,2030,0.0,0.7532,0.0,0.0008,0.0,315.3557,0.0,0.1721
137,Tiwu,Kolaka Utara,2030,0.0,0.6598,0.0,0.0017,0.0,274.9402,0.0,-0.1822
138,Tolala,Kolaka Utara,2030,0.0,1.1113,0.0,0.0051,0.0,92.3508,0.0,0.1903
139,Asera,Konawe Utara,2030,0.0,0.6605,0.0,0.001,0.0,0.5335,0.0,0.1648
140,Wiwirano,Konawe Utara,2030,0.8545,0.8902,-0.0011,-0.0024,15.4871,26.9625,0.1955,0.2569
141,Langgikima,Konawe Utara,2030,0.0,0.9804,0.0,0.0008,0.0,25.0962,0.0,0.1038
142,Molawe,Konawe Utara,2030,0.0,0.5219,0.0,0.0009,0.0,4.2887,0.0,0.1636
143,Lasolo,Konawe Utara,2030,0.0,0.2956,0.0,-0.0003,0.0,4.8617,0.0,0.2213
144,Lembo,Konawe Utara,2030,0.0,0.2673,0.0,-0.0019,0.0,11.0737,0.0,0.2351
145,Sawa,Konawe Utara,2030,0.3507,0.4249,-0.0009,0.0037,16.1189,16.7769,0.2088,0.1913
146,Oheo,Konawe Utara,2030,0.652,0.7205,-0.0015,-0.0019,-1.3865,0.1152,0.2081,0.1411
147,Andowia,Konawe Utara,2030,0.0,0.356,0.0,-0.0118,0.0,-6.9768,0.0,0.2199
148,Motui,Konawe Utara,2030,0.1885,0.3175,0.0014,-0.0007,13.0243,12.5639,0.2455,0.2151
149,Wawolesea,Konawe Utara,2030,0.0,0.2967,0.0,-0.0008,0.0,8.1053,0.0,0.2216
150,Lasolo Kepulauan,Konawe Utara,2030,0.0,1.3655,0.0,0.0031,0.0,16.2994,0.0,0.0855
151,Landawe,Konawe Utara,2030,0.887,1.0535,-0.0008,-0.0009,12.7933,19.2802,0.1417,0.0661
152,Kulisusu,Buton Utara,2030,0.0,0.3574,0.0,0.0016,0.0,10.1446,0.0,0.2189
153,Kambowa,Buton Utara,2030,0.0,0.306,0.0,0.0017,0.0,7.8238,0.0,0.2459
154,Bonegunu,Buton Utara,2030,0.0,0.2011,0.0,0.0064,0.0,10.6057,0.0,0.2355
155,Kulisusu Barat,Buton Utara,2030,0.1117,0.1595,0.0049,-0.0004,12.3153,12.9496,0.249,0.2586
156,Kulisusu Utara,Buton Utara,2030,0.0,0.4201,0.0,-0.0036,0.0,16.1365,0.0,0.2433
157,Wakorumba Utara,Buton Utara,2030,0.0,0.1946,0.0,0.0027,0.0,14.9634,0.0,0.299
158,Tirawuta,Kolaka Timur,2030,0.8696,0.9252,0.0057,0.0061,24.281,26.1334,0.255,0.2364
159,Loea,Kolaka Timur,2030,0.9746,1.0755,0.0064,0.0075,25.9309,29.021,0.3351,0.2369
160,Ladongi,Kolaka Timur,2030,0.9101,1.17,0.0067,0.0085,24.9043,31.5366,0.244,0.2349
161,Poli Polia,Kolaka Timur,2030,1.0646,1.1907,0.0081,0.0091,30.4672,34.4092,0.2277,0.2205
162,Lambandia,Kolaka Timur,2030,0.8448,0.9554,0.0068,0.007,25.2277,28.4513,0.2279,0.2334
163,Lalolae,Kolaka Timur,2030,1.2416,1.2298,0.0076,0.0075,34.3491,34.6198,0.1985,0.2189
164,Mowewe,Kolaka Timur,2030,1.1897,1.2431,0.0059,0.0062,39.6993,41.6465,0.2408,0.1734
165,Uluiwoi,Kolaka Timur,2030,0.0,1.1761,0.0,0.0023,0.0,24.616,0.0,0.1847
166,Tinondo,Kolaka Timur,2030,1.0132,1.0859,0.0053,0.0049,26.3593,29.5101,0.4444,0.2133
167,Aere,Kolaka Timur,2030,1.1334,1.2746,0.0072,0.0101,32.9764,41.8572,0.3479,0.2238
168,Ueesi,Kolaka Timur,2030,0.0,1.6164,0.0,0.0028,0.0,48.8158,0.0,0.0585
169,Dangia,Kolaka Timur,2030,0.9726,0.8253,0.0088,0.0062,23.7915,23.629,0.2534,0.2452
170,Wawonii Barat,Konawe Kepulauan,2030,0.0,0.8791,0.0,-0.0002,0.0,26.7258,0.0,0.1235
171,Wawonii Utara,Konawe Kepulauan,2030,0.0,0.8587,0.0,0.0013,0.0,35.9729,0.0,0.1405
172,Wawonii Timur Laut,Konawe Kepulauan,2030,0.0,0.8402,0.0,0.0002,0.0,41.3972,0.0,0.1482
173,Wawonii Timur,Konawe Kepulauan,2030,0.0,0.8376,0.0,0.0007,0.0,40.4024,0.0,0.1496
174,Wawonii Tenggara,Konawe Kepulauan,2030,0.0,0.9549,0.0,-0.0068,0.0,40.016,0.0,0.1362
175,Wawonii Selatan,Konawe Kepulauan,2030,0.0,0.7944,0.0,-0.0003,0.0,20.2017,0.0,0.1624
176,Wawonii Tengah,Konawe Kepulauan,2030,0.0,0.8395,0.0,-0.0029,0.0,20.0068,0.0,0.1336
177,Sawerigadi,Muna Barat,2030,0.3664,0.3682,0.0052,0.0046,10.5753,8.682,0.2462,0.244
178,Barangka,Muna Barat,2030,0.0,0.2038,0.0,0.0052,0.0,10.7896,0.0,0.2677
179,Lawa,Muna Barat,2030,0.0,0.2838,0.0,0.0013,0.0,13.0981,0.0,0.2771
180,Wadaga,Muna Barat,2030,0.0,0.1803,0.0,0.0045,0.0,8.2577,0.0,0.2924
181,Tiworo Selatan,Muna Barat,2030,0.485,0.4383,0.0032,0.0029,10.0936,9.6083,0.2368,0.2405
182,Maginti,Muna Barat,2030,0.0,0.5666,0.0,0.0011,0.0,8.5547,0.0,0.2206
183,Tiworo Tengah,Muna Barat,2030,0.0,0.5814,0.0,0.0017,0.0,6.0807,0.0,0.2224
184,Tiworo Utara,Muna Barat,2030,0.0,0.653,0.0,0.0016,0.0,2.1803,0.0,0.2081
185,Tiworo Kepulauan,Muna Barat,2030,0.4848,0.5044,0.0075,0.0038,9.8576,6.5432,0.1981,0.2252
186,Kusambi,Muna Barat,2030,0.0,0.3921,0.0,0.0028,0.0,6.2877,0.0,0.2403
187,Napano Kusambi,Muna Barat,2030,0.0,0.5294,0.0,0.0032,0.0,6.7363,0.0,0.2261
188,Lakudo,Buton Tengah,2030,0.0,0.2383,0.0,0.0023,0.0,3.6494,0.0,0.4261
189,Mawasangka Timur,Buton Tengah,2030,0.0,0.0,0.0,0.0,0.0,0.0,0.0,0.0
190,Mawasangka Tengah,Buton Tengah,2030,0.0,0.5566,0.0,-0.0004,0.0,-22.3081,0.0,0.1722
191,Mawasangka,Buton Tengah,2030,0.0,0.6935,0.0,0.0056,0.0,-2.3059,0.0,0.1716
192,Talaga Raya,Buton Tengah,2030,0.0,0.5692,0.0,0.0028,0.0,-26.8488,0.0,0.1471
193,Gu,Buton Tengah,2030,0.0,0.4123,0.0,0.0016,0.0,-0.1815,0.0,0.2097
194,Sangia Wambulu,Buton Tengah,2030,0.0,0.1925,0.0,-0.0074,0.0,22.4536,0.0,0.2974
195,Batauga,Buton Selatan,2030,0.0,0.6431,0.0,0.0006,0.0,-11.1491,0.0,0.1847
196,Sampolawa,Buton Selatan,2030,0.0,0.6398,0.0,0.0001,0.0,-2.6403,0.0,0.1638
197,Lapandewa,Buton Selatan,2030,0.0,0.0,0.0,0.0,0.0,0.0,0.0,0.0
198,Batu Atas,Buton Selatan,2030,0.0,0.659,0.0,0.0,0.0,-69.511,0.0,0.1584
199,Siompu Barat,Buton Selatan,2030,0.0,0.8443,0.0,0.0004,0.0,-49.1178,0.0,0.125
200,Siompu,Buton Selatan,2030,0.0,0.0,0.0,0.0,0.0,0.0,0.0,0.0
201,Kadatua,Buton Selatan,2030,0.0,0.0,0.0,0.0,0.0,0.0,0.0,0.0
202,Mandonga,Kota Kendari,2030,0.0,0.157,0.0,0.004,0.0,14.4876,0.0,0.28
203,Kendari,Kota Kendari,2030,0.0,0.4589,0.0,0.001,0.0,14.0625,0.0,0.1987
204,Baruga,Kota Kendari,2030,0.2065,0.2232,0.0004,0.0005,8.2842,9.1196,0.245,0.2504
205,Poasia,Kota Kendari,2030,0.0,0.3152,0.0,0.0008,0.0,10.9893,0.0,0.2241
206,Kendari Barat,Kota Kendari,2030,0.0,0.3599,0.0,0.0012,0.0,12.9271,0.0,0.2148
207,Abeli,Kota Kendari,2030,0.0,0.3617,0.0,0.0009,0.0,11.8786,0.0,0.2169
208,Wua-Wua,Kota Kendari,2030,0.0,0.5163,0.0,0.0041,0.0,20.4937,0.0,0.1709
209,Kadia,Kota Kendari,2030,0.0,0.0163,0.0,0.0007,0.0,8.0644,0.0,0.291
210,Puuwatu,Kota Kendari,2030,0.0,-0.3535,0.0,-0.0003,0.0,0.135,0.0,0.4503
211,Kambu,Kota Kendari,2030,0.0,0.2682,0.0,0.0007,0.0,9.904,0.0,0.239
212,Nambo,Kota Kendari,2030,0.0,0.3813,0.0,0.0008,0.0,11.9033,0.0,0.2088
213,Betoambari,Kota Bau Bau,2030,0.0,0.4691,0.0,0.0012,0.0,-0.573,0.0,0.1937
214,Wolio,Kota Bau Bau,2030,0.0,0.3725,0.0,0.0016,0.0,4.62,0.0,0.259
215,Sorawolio,Kota Bau Bau,2030,0.0,0.3608,0.0,0.0025,0.0,7.9682,0.0,0.2318
216,Bungi,Kota Bau Bau,2030,0.0762,0.1409,0.0037,0.0055,18.3479,18.4483,0.2524,0.2385
217,Kokalukuna,Kota Bau Bau,2030,0.0,0.398,0.0,0.0024,0.0,16.1373,0.0,0.1807
218,Murhum,Kota Bau Bau,2030,0.0,0.4412,0.0,0.0016,0.0,2.3656,0.0,0.1814
219,Lea-Lea,Kota Bau Bau,2030,0.0196,0.058,0.0044,0.005,19.4293,17.839,0.262,0.2392
220,Batupoaro,Kota Bau Bau,2030,0.0,0.0,0.0,0.0,0.0,0.0,0.0,0.0
0,Wundulako,Kolaka,2035,-3.122,-3.6076,-0.0004,0.0001,8.082,3.6681,0.2191,0.2679
1,Kolaka,Kolaka,2035,-2.8831,-3.1578,-0.0001,-0.0004,7.5024,3.9389,0.1787,0.2147
2,Pomalaa,Kolaka,2035,-3.0062,-3.0933,0.0013,0.0029,2.4956,5.4842,0.1724,0.1198
3,Watubangga,Kolaka,2035,-3.7097,-4.061,0.0003,-0.0026,-25.8341,-22.6868,0.3856,0.3478
4,Wolo,Kolaka,2035,-0.4248,-0.9026,0.0005,-0.0012,60.9747,52.9174,-0.1261,-0.0583
5,Baula,Kolaka,2035,-3.2153,-4.2277,-0.0002,0.0009,7.9636,0.2693,0.2584,0.3543
6,Latambaga,Kolaka,2035,-2.1255,-2.0922,-0.001,-0.0006,3.4857,3.7857,0.1392,0.1019
7,Tanggetada,Kolaka,2035,-2.9223,-3.7878,-0.0008,-0.001,-6.6868,-14.3406,0.0938,0.3651
8,Samaturu,Kolaka,2035,-0.181,-1.0137,0.0006,-0.0004,54.9729,20.8784,-0.1505,-0.0339
9,Toari,Kolaka,2035,0.0,-3.3221,0.0,-0.0011,0.0,-25.6388,0.0,0.2728
10,Polinggona,Kolaka,2035,0.0,-4.4452,0.0,-0.0029,0.0,-25.2031,0.0,0.404
11,Iwoimendaa,Kolaka,2035,-0.2055,-0.503,0.0012,-0.0006,84.9903,74.8831,-0.2767,-0.0943
12,Lambuya,Konawe,2035,-5.8753,-5.8235,-0.0101,-0.0092,-58.2522,-52.831,0.4585,0.4639
13,Unaaha,Konawe,2035,-5.483,-5.5183,-0.0125,-0.0114,-58.5261,-55.6805,0.3746,0.4
14,Wawotobi,Konawe,2035,-5.5726,-5.5405,-0.0134,-0.0131,-67.3358,-65.3552,0.4182,0.4275
15,Pondidaha,Konawe,2035,-5.824,-5.6574,-0.0116,-0.0116,-75.1671,-76.1393,0.4778,0.4734
16,Sampara,Konawe,2035,0.0,-5.0168,0.0,-0.0105,0.0,-73.0916,0.0,0.4361
17,Abuki,Konawe,2035,-4.9518,-5.0759,-0.01,-0.0101,-56.7419,-55.5567,0.2807,0.3159
18,Soropia,Konawe,2035,0.0,-1.5888,0.0,-0.0042,0.0,-55.6424,0.0,0.0341
19,Tongauna,Konawe,2035,-5.4591,-5.4691,-0.0112,-0.0103,-54.8209,-52.9805,0.3908,0.4218
20,Latoma,Konawe,2035,0.0,-3.4745,0.0,-0.0064,0.0,-38.4153,0.0,0.0891
21,Puriala,Konawe,2035,-5.7132,-5.6208,-0.0104,-0.0101,-57.4557,-55.498,0.4711,0.4606
22,Uepai,Konawe,2035,-5.7689,-5.6768,-0.0099,-0.0096,-53.4708,-51.7094,0.4482,0.4491
23,Wonggeduku,Konawe,2035,-5.8275,-5.8627,-0.0112,-0.0117,-68.3435,-70.364,0.4685,0.4647
24,Besulutu,Konawe,2035,0.0,-5.2862,0.0,-0.0113,0.0,-76.0367,0.0,0.4536
25,Bondoala,Konawe,2035,0.0,-4.4814,0.0,-0.0104,0.0,-67.7617,0.0,0.3745
26,Routa,Konawe,2035,0.0,-5.2879,0.0,-0.0078,0.0,-42.3585,0.0,0.313
27,Anggaberi,Konawe,2035,-5.4841,-5.3042,-0.0131,-0.0123,-61.6944,-57.3705,0.3876,0.4478
28,Meluhu,Konawe,2035,-5.2194,-5.1573,-0.0161,-0.0168,-68.8735,-69.2997,0.4055,0.377
29,Amonggedo,Konawe,2035,-5.5269,-5.3749,-0.0124,-0.015,-65.2659,-75.4997,0.4831,0.4079
30,Asinua,Konawe,2035,-4.5495,-4.5366,-0.0105,-0.0103,-62.0147,-64.3405,0.283,0.312
31,Konawe,Konawe,2035,-5.8025,-5.711,-0.0105,-0.0113,-59.6528,-60.4215,0.4633,0.439
32,Kapoiala,Konawe,2035,0.0,-3.1462,0.0,-0.0105,0.0,-57.6274,0.0,0.2277
33,Lalonggasumeeto,Konawe,2035,0.0,-2.8707,0.0,0.0001,0.0,-43.3224,0.0,0.2429
34,Onembute,Konawe,2035,-5.8109,-5.8483,-0.0091,-0.0093,-44.124,-44.525,0.4345,0.4818
35,Padangguni,Konawe,2035,-4.7146,-4.6747,-0.0099,-0.0107,-58.5385,-60.5501,0.2617,0.2781
36,Morosi,Konawe,2035,-4.2798,-4.5552,-0.0106,-0.0106,-65.7805,-67.4094,0.3118,0.3543
37,Anggalomoare,Konawe,2035,0.0,-4.4225,0.0,-0.0098,0.0,-58.5719,0.0,0.3125
38,Wonggeduku Barat,Konawe,2035,-5.774,-5.7662,-0.0114,-0.0111,-65.4303,-63.382,0.4576,0.462
39,Tongauna Utara,Konawe,2035,-5.3539,-5.3393,-0.0113,-0.0113,-55.8639,-53.0722,0.3448,0.4897
40,Napabalano,Muna,2035,0.0,-3.0304,0.0,-0.0029,0.0,-31.1667,0.0,0.2144
41,Maligano,Muna,2035,0.0,-4.2645,0.0,-0.008,0.0,-46.2169,0.0,0.3749
42,Wakorumba Selatan,Muna,2035,0.0,-3.7788,0.0,-0.0089,0.0,-45.9804,0.0,0.326
43,Lasalepa,Muna,2035,0.0,-3.9134,0.0,-0.0045,0.0,-33.2769,0.0,0.3312
44,Batalaiworu,Muna,2035,0.0,-4.5763,0.0,-0.0067,0.0,-35.4558,0.0,0.414
45,Katobu,Muna,2035,0.0,-4.758,0.0,-0.0064,0.0,-37.1644,0.0,0.4401
46,Duruka,Muna,2035,0.0,-4.8538,0.0,-0.0101,0.0,-38.9022,0.0,0.4563
47,Lohia,Muna,2035,0.0,-4.3744,0.0,-0.0068,0.0,-37.9882,0.0,0.3922
48,Watopute,Muna,2035,0.0,-4.361,0.0,-0.0029,0.0,-30.5812,0.0,0.386
49,Kontunaga,Muna,2035,0.0,-4.9592,0.0,-0.0058,0.0,-31.76,0.0,0.4516
50,Kabangka,Muna,2035,0.0,-3.6667,0.0,-0.004,0.0,-26.9936,0.0,0.2992
51,Kabawo,Muna,2035,0.0,-3.49,0.0,-0.0046,0.0,-30.0083,0.0,0.2955
52,Parigi,Muna,2035,0.0,-3.1502,0.0,-0.0042,0.0,-30.4318,0.0,0.2487
53,Bone,Muna,2035,0.0,-2.5467,0.0,-0.0029,0.0,-33.5274,0.0,0.1726
54,Tongkuno,Muna,2035,0.0,-2.9742,0.0,-0.0034,0.0,-37.6501,0.0,0.2246
55,Pasir Putih,Muna,2035,0.0,-2.8203,0.0,-0.0059,0.0,-46.5962,0.0,0.1995
56,Kontu Kowuna,Muna,2035,0.0,-3.7513,0.0,-0.0038,0.0,-28.0637,0.0,0.3076
57,Marobo,Muna,2035,0.0,-2.6245,0.0,-0.0037,0.0,-29.1672,0.0,0.1829
58,Tongkuno Selatan,Muna,2035,0.0,-2.4822,0.0,-0.0027,0.0,-39.9471,0.0,0.1585
59,Pasi Kolaga,Muna,2035,0.0,-2.7894,0.0,-0.0047,0.0,-45.7196,0.0,0.21
60,Batukara,Muna,2035,0.0,-3.9756,0.0,-0.0079,0.0,-45.3248,0.0,0.3365
61,Towea,Muna,2035,0.0,-2.2282,0.0,-0.0023,0.0,-35.1986,0.0,0.1161
62,Pasarwajo,Buton,2035,0.0,-1.9582,0.0,-0.0041,0.0,-37.8213,0.0,0.1111
63,Kapontori,Buton,2035,-4.2999,-2.9574,0.0002,-0.0074,-52.5007,-44.2101,0.4519,0.242
64,Lasalimu,Buton,2035,-3.1073,-2.3564,-0.0094,-0.0056,-40.5172,-39.3223,0.2754,0.1781
65,Lasalimu Selatan,Buton,2035,0.0,-1.2778,0.0,-0.0052,0.0,-35.4623,0.0,0.0373
66,Siotapina,Buton,2035,0.0,-1.2667,0.0,-0.0099,0.0,-41.4522,0.0,0.0318
67,Wolowa,Buton,2035,0.0,-1.7898,0.0,-0.0052,0.0,-38.6168,0.0,0.0752
68,Wabula,Buton,2035,0.0,0.1313,0.0,0.0026,0.0,-44.2391,0.0,-0.116
69,Tinanggea,Konawe Selatan,2035,-3.4716,-3.0014,-0.0062,-0.0103,-32.3207,-39.6985,0.3226,0.2338
70,Angata,Konawe Selatan,2035,-5.0654,-5.1441,-0.008,-0.008,-54.1055,-47.1419,0.3867,0.4046
71,Andoolo,Konawe Selatan,2035,0.0,-3.3834,0.0,-0.0065,0.0,-46.3339,0.0,0.2593
72,Palangga,Konawe Selatan,2035,-2.4519,-2.4511,0.02,-0.0064,-45.8333,-50.3742,0.0189,0.1536
73,Landono,Konawe Selatan,2035,-4.8227,-4.907,-0.0098,-0.01,-74.3968,-74.5494,0.3895,0.3893
74,Lainea,Konawe Selatan,2035,-0.7736,-1.2216,0.0034,0.0061,-34.5198,-37.3719,-0.0768,-0.025
75,Konda,Konawe Selatan,2035,-4.1224,-4.0098,-0.0113,-0.0092,-68.241,-62.4577,0.3669,0.3161
76,Ranomeeto,Konawe Selatan,2035,0.0,-4.4187,0.0,-0.0099,0.0,-69.7582,0.0,0.3461
77,Kolono,Konawe Selatan,2035,-1.8583,-1.7483,-0.0042,0.0058,-41.7096,-41.3147,0.082,0.0103
78,Moramo,Konawe Selatan,2035,-3.4159,-3.418,-0.0072,-0.0077,-45.8188,-51.5296,0.3357,0.1831
79,Laonti,Konawe Selatan,2035,0.0,-1.2084,0.0,-0.0055,0.0,-46.8951,0.0,-0.005
80,Lalembuu,Konawe Selatan,2035,-4.4162,-4.5884,-0.0039,-0.0146,-26.0546,-29.3507,0.3551,0.4072
81,Benua,Konawe Selatan,2035,0.0,-4.8277,0.0,-0.0094,0.0,-44.1226,0.0,0.4015
82,Palangga Selatan,Konawe Selatan,2035,0.0,-1.3965,0.0,-0.0052,0.0,-42.0787,0.0,0.0399
83,Mowila,Konawe Selatan,2035,-5.1689,-4.9208,-0.0097,-0.0093,-69.2657,-69.7393,0.4199,0.4019
84,Moramo Utara,Konawe Selatan,2035,-3.7664,-3.2165,-0.0087,-0.0075,-58.0922,-52.6944,0.2793,0.241
85,Buke,Konawe Selatan,2035,0.0,-4.1883,0.0,-0.0093,0.0,-55.2659,0.0,0.3381
86,Wolasi,Konawe Selatan,2035,0.0,-3.1784,0.0,-0.007,0.0,-54.6319,0.0,0.219
87,Laeya,Konawe Selatan,2035,-1.7711,-1.73,0.0032,-0.0058,-46.7696,-47.6535,0.046,0.071
88,Baito,Konawe Selatan,2035,-3.6669,-3.5597,-0.007,-0.0097,-60.3734,-59.2448,0.2691,0.2759
89,Basala,Konawe Selatan,2035,-4.8123,-4.9847,-0.0094,-0.0114,-26.012,-31.8283,0.4078,0.4327
90,Ranomeeto Barat,Konawe Selatan,2035,-4.6247,-4.7707,-0.0099,-0.0124,-73.8083,-82.3945,0.3935,0.3392
91,Kolono Timur,Konawe Selatan,2035,0.0,-1.3389,0.0,-0.005,0.0,-36.5201,0.0,0.0057
92,Sabulakoa,Konawe Selatan,2035,-5.2716,-5.2391,-0.0104,-0.0104,-75.7061,-75.5666,0.445,0.4005
93,Andoolo Barat,Konawe Selatan,2035,0.0,-4.2059,0.0,-0.0087,0.0,-39.5435,0.0,0.3465
94,Poleang,Bombana,2035,0.0,-2.323,0.0,-0.0017,0.0,-27.0872,0.0,0.1628
95,Poleang Timur,Bombana,2035,-2.8444,-3.1216,-0.0021,-0.0062,-16.6502,-20.6002,0.2402,0.1311
96,Rarowatu,Bombana,2035,-2.8033,-2.622,-0.0048,-0.0064,-13.2078,-13.8292,0.208,0.2027
97,Rumbia,Bombana,2035,-2.2624,-2.3504,-0.0095,-0.0015,-15.0034,-16.497,0.1189,0.2223
98,Kabaena,Bombana,2035,0.0,0.0,0.0,0.0,0.0,0.0,0.0,0.0
99,Kabaena Timur,Bombana,2035,0.0,-2.5428,0.0,-0.0062,0.0,-29.4518,0.0,0.1705
100,Poleang Barat,Bombana,2035,0.0,-2.9566,0.0,-0.0021,0.0,-28.5152,0.0,0.2403
101,Mata Oleo,Bombana,2035,-1.5342,-1.5206,0.0007,-0.0012,-10.804,-10.4611,0.0118,0.0619
102,Rarowatu Utara,Bombana,2035,-3.3706,-3.9884,-0.0149,-0.0201,-16.608,-23.8441,0.322,0.3328
103,Poleang Utara,Bombana,2035,-2.974,-3.0232,-0.0043,-0.0055,-17.4989,-18.1523,0.23,0.2504
104,Poleang Selatan,Bombana,2035,-2.1829,-2.4801,-0.0011,-0.0007,-21.5174,-20.2869,0.2804,0.1688
105,Poleang Tenggara,Bombana,2035,0.0,-1.8541,0.0,0.0001,0.0,-12.5512,0.0,0.0889
106,Kabaena Selatan,Bombana,2035,0.0,-1.4762,0.0,0.0115,0.0,-33.7393,0.0,-0.1399
107,Kabaena Barat,Bombana,2035,0.0,-1.5552,0.0,-0.004,0.0,-24.7009,0.0,0.0503
108,Kabaena Utara,Bombana,2035,-1.5543,-1.9383,-0.0024,-0.0072,-25.8249,-24.1963,0.0516,0.0063
109,Kabaena Tengah,Bombana,2035,0.0,-2.5697,0.0,-0.0091,0.0,-27.0139,0.0,0.1895
110,Kep. Masaloka Raya,Bombana,2035,0.0,0.0,0.0,0.0,0.0,0.0,0.0,0.0
111,Rumbia Tengah,Bombana,2035,0.0,-1.9199,0.0,-0.004,0.0,-15.9659,0.0,0.1014
112,Poleang Tengah,Bombana,2035,0.0,-2.5399,0.0,-0.003,0.0,-23.1077,0.0,0.1939
113,Tontonunu,Bombana,2035,0.0,-2.876,0.0,-0.0056,0.0,-19.8895,0.0,0.2164
114,Lantari Jaya,Bombana,2035,-3.7602,-4.3726,-0.0103,-0.0209,-15.8695,-23.7699,0.3842,0.381
115,Mata Usu,Bombana,2035,0.0,-4.5642,0.0,-0.0068,0.0,-21.5493,0.0,0.394
116,Wangi-Wangi,Wakatobi,2035,0.0,-1.4555,0.0,-0.0051,0.0,-42.7363,0.0,0.0221
117,Kaledupa,Wakatobi,2035,0.0,-0.1987,0.0,-0.0008,0.0,-43.1429,0.0,-0.1496
118,Tomia,Wakatobi,2035,0.0,0.2424,0.0,-0.0,0.0,-46.8005,0.0,-0.2629
119,Binongko,Wakatobi,2035,0.0,0.0563,0.0,0.0,0.0,-54.79,0.0,-0.2086
120,Wangi Wangi Selatan,Wakatobi,2035,0.0,-1.1902,0.0,-0.0039,0.0,-43.1679,0.0,-0.0121
121,Kaledupa Selatan,Wakatobi,2035,0.0,0.0057,0.0,-0.0,0.0,-43.921,0.0,-0.1794
122,Tomia Timur,Wakatobi,2035,0.0,0.0651,0.0,-0.0,0.0,-49.9244,0.0,-0.2025
123,Togo Binongko,Wakatobi,2035,0.0,0.0505,0.0,-0.0,0.0,-55.6004,0.0,-0.2079
124,Lasusua,Kolaka Utara,2035,0.0,-0.467,0.0,-0.0006,0.0,51.2115,0.0,-0.1189
125,Pakue,Kolaka Utara,2035,0.0,-1.4455,0.0,-0.0025,0.0,-9.5372,0.0,-0.0312
126,Batu Putih,Kolaka Utara,2035,-2.5941,-2.7163,-0.0048,-0.0048,-54.4233,-50.4845,0.0705,0.0123
127,Rante Angin,Kolaka Utara,2035,-0.2699,-0.4146,-0.0004,-0.0008,52.8695,47.6661,-0.1189,-0.106
128,Kodeoha,Kolaka Utara,2035,-0.5579,-0.8975,-0.0008,-0.0014,18.9839,35.4618,-0.106,-0.0237
129,Ngapa,Kolaka Utara,2035,0.0,-1.2115,0.0,-0.0019,0.0,29.8402,0.0,0.093
130,Wawo,Kolaka Utara,2035,-0.1595,-0.4003,-0.0004,-0.0005,69.7677,57.77,-0.1579,-0.0347
131,Lambai,Kolaka Utara,2035,0.0,-0.442,0.0,-0.0009,0.0,48.0019,0.0,-0.1553
132,Watunohu,Kolaka Utara,2035,0.0,-0.8475,0.0,-0.0013,0.0,14.2164,0.0,-0.0466
133,Pakue Tengah,Kolaka Utara,2035,0.0,-2.0483,0.0,-0.0037,0.0,-26.6621,0.0,-0.022
134,Pakue Utara,Kolaka Utara,2035,-2.2259,-2.5098,-0.0043,-0.0042,-43.7844,-34.498,0.0394,-0.0523
135,Porehu,Kolaka Utara,2035,0.0,-3.5051,0.0,-0.0028,0.0,-40.7743,0.0,0.176
136,Katoi,Kolaka Utara,2035,0.0,-0.3788,0.0,-0.0006,0.0,36.0446,0.0,-0.161
137,Tiwu,Kolaka Utara,2035,0.0,-1.0121,0.0,-0.002,0.0,11.5514,0.0,-0.4674
138,Tolala,Kolaka Utara,2035,0.0,-3.0432,0.0,-0.0042,0.0,-49.5049,0.0,0.1225
139,Asera,Konawe Utara,2035,0.0,-3.4096,0.0,-0.0072,0.0,-72.5917,0.0,0.1286
140,Wiwirano,Konawe Utara,2035,-1.8049,-2.4417,-0.0083,-0.0121,-68.1433,-63.7956,0.0911,0.2078
141,Langgikima,Konawe Utara,2035,0.0,-0.5764,0.0,-0.001,0.0,-53.1938,0.0,-0.0548
142,Molawe,Konawe Utara,2035,0.0,-2.7377,0.0,-0.0087,0.0,-61.6164,0.0,0.1274
143,Lasolo,Konawe Utara,2035,0.0,-3.7805,0.0,-0.0167,0.0,-62.7209,0.0,0.2446
144,Lembo,Konawe Utara,2035,0.0,-3.3677,0.0,-0.0139,0.0,-62.087,0.0,0.2484
145,Sawa,Konawe Utara,2035,-2.8024,-2.7074,-0.0093,-0.0038,-58.0932,-56.9139,0.1994,0.1748
146,Oheo,Konawe Utara,2035,-2.7247,-2.6156,-0.0097,-0.0098,-81.2118,-77.7759,0.1579,0.0899
147,Andowia,Konawe Utara,2035,0.0,-2.9698,0.0,-0.0215,0.0,-73.5288,0.0,0.1926
148,Motui,Konawe Utara,2035,-3.7275,-3.4261,-0.0083,-0.0104,-63.5922,-63.7782,0.2944,0.2458
149,Wawolesea,Konawe Utara,2035,0.0,-3.4604,0.0,-0.0154,0.0,-62.9797,0.0,0.2299
150,Lasolo Kepulauan,Konawe Utara,2035,0.0,-0.6783,0.0,-0.0029,0.0,-57.1986,0.0,-0.0068
151,Landawe,Konawe Utara,2035,-1.8444,-1.2701,-0.0078,-0.005,-68.4289,-58.4431,0.0459,-0.0991
152,Kulisusu,Buton Utara,2035,0.0,-1.6622,0.0,-0.0039,0.0,-44.6512,0.0,0.0548
153,Kambowa,Buton Utara,2035,0.0,-2.724,0.0,-0.0056,0.0,-44.7865,0.0,0.2141
154,Bonegunu,Buton Utara,2035,0.0,-2.8886,0.0,-0.0018,0.0,-42.6685,0.0,0.1962
155,Kulisusu Barat,Buton Utara,2035,-3.004,-2.7987,-0.0047,-0.0098,-41.8137,-42.0254,0.2078,0.1981
156,Kulisusu Utara,Buton Utara,2035,0.0,-1.4067,0.0,-0.0101,0.0,-41.4126,0.0,0.0652
157,Wakorumba Utara,Buton Utara,2035,0.0,-2.9283,0.0,-0.0063,0.0,-42.2545,0.0,0.2562
158,Tirawuta,Kolaka Timur,2035,-5.5926,-5.392,-0.0069,-0.0059,-33.2114,-29.1964,0.458,0.4208
159,Loea,Kolaka Timur,2035,-5.5214,-5.2786,-0.0062,-0.0042,-29.764,-22.6918,0.5456,0.4421
160,Ladongi,Kolaka Timur,2035,-5.6366,-5.3141,-0.006,-0.0034,-30.3042,-20.6362,0.4659,0.4657
161,Poli Polia,Kolaka Timur,2035,-5.4558,-5.3652,-0.0054,-0.0035,-24.927,-20.3865,0.4766,0.4681
162,Lambandia,Kolaka Timur,2035,-5.1997,-5.2634,-0.0097,-0.0085,-25.3803,-25.2643,0.4533,0.4709
163,Lalolae,Kolaka Timur,2035,-4.63,-4.6009,-0.0021,-0.0022,-8.3217,-7.5315,0.3469,0.3631
164,Mowewe,Kolaka Timur,2035,-4.017,-3.858,-0.0022,-0.0018,-0.4337,0.0699,0.328,0.2428
165,Uluiwoi,Kolaka Timur,2035,0.0,-3.5931,0.0,-0.0059,0.0,-38.3165,0.0,0.1737
166,Tinondo,Kolaka Timur,2035,-4.746,-4.3484,-0.0045,-0.0044,-19.2563,-21.9713,0.6141,0.2929
167,Aere,Kolaka Timur,2035,0.0,-5.2798,0.0,-0.0038,0.0,-19.962,0.0,0.4948
168,Ueesi,Kolaka Timur,2035,0.0,-2.3435,0.0,-0.0033,0.0,-13.8769,0.0,-0.036
169,Dangia,Kolaka Timur,2035,-5.6267,-5.5919,-0.0043,-0.0081,-31.2378,-31.7607,0.4927,0.4745
170,Wawonii Barat,Konawe Kepulauan,2035,0.0,0.1846,0.0,-0.0005,0.0,-51.3556,0.0,-0.1879
171,Wawonii Utara,Konawe Kepulauan,2035,0.0,0.2183,0.0,0.0012,0.0,-53.776,0.0,-0.1786
172,Wawonii Timur Laut,Konawe Kepulauan,2035,0.0,0.1542,0.0,0.0002,0.0,-50.7475,0.0,-0.1671
173,Wawonii Timur,Konawe Kepulauan,2035,0.0,0.161,0.0,0.0007,0.0,-48.7152,0.0,-0.1696
174,Wawonii Tenggara,Konawe Kepulauan,2035,0.0,0.3027,0.0,-0.0073,0.0,-44.4704,0.0,-0.1903
175,Wawonii Selatan,Konawe Kepulauan,2035,0.0,-0.0677,0.0,-0.0013,0.0,-50.5648,0.0,-0.1465
176,Wawonii Tengah,Konawe Kepulauan,2035,0.0,-0.006,0.0,-0.0039,0.0,-48.7591,0.0,-0.1719
177,Sawerigadi,Muna Barat,2035,-3.9516,-3.7073,-0.0035,-0.0032,-27.3305,-27.3927,0.3253,0.2951
178,Barangka,Muna Barat,2035,0.0,-4.3122,0.0,-0.0044,0.0,-27.9013,0.0,0.3727
179,Lawa,Muna Barat,2035,0.0,-4.2974,0.0,-0.0094,0.0,-27.3996,0.0,0.3955
180,Wadaga,Muna Barat,2035,0.0,-4.0647,0.0,-0.004,0.0,-30.622,0.0,0.3707
181,Tiworo Selatan,Muna Barat,2035,-3.5936,-3.6229,-0.0036,-0.004,-26.7326,-26.8012,0.2855,0.292
182,Maginti,Muna Barat,2035,0.0,-3.212,0.0,-0.0042,0.0,-26.3408,0.0,0.2409
183,Tiworo Tengah,Muna Barat,2035,0.0,-2.9678,0.0,-0.0034,0.0,-27.0896,0.0,0.2161
184,Tiworo Utara,Muna Barat,2035,0.0,-2.5021,0.0,-0.0024,0.0,-27.6892,0.0,0.1581
185,Tiworo Kepulauan,Muna Barat,2035,-3.687,-3.2332,-0.0004,-0.0026,-27.2365,-27.5568,0.258,0.2368
186,Kusambi,Muna Barat,2035,0.0,-3.2516,0.0,-0.0035,0.0,-27.4208,0.0,0.245
187,Napano Kusambi,Muna Barat,2035,0.0,-2.8329,0.0,-0.002,0.0,-26.8599,0.0,0.1981
188,Lakudo,Buton Tengah,2035,0.0,-2.4012,0.0,-0.0013,0.0,-31.1518,0.0,0.3567
189,Mawasangka Timur,Buton Tengah,2035,0.0,0.0,0.0,0.0,0.0,0.0,0.0,0.0
190,Mawasangka Tengah,Buton Tengah,2035,0.0,-1.2797,0.0,-0.0015,0.0,-43.3032,0.0,-0.0114
191,Mawasangka,Buton Tengah,2035,0.0,-1.8574,0.0,0.0035,0.0,-28.9495,0.0,0.0683
192,Talaga Raya,Buton Tengah,2035,0.0,-0.8226,0.0,0.0044,0.0,-40.0997,0.0,-0.1116
193,Gu,Buton Tengah,2035,0.0,-2.4144,0.0,-0.0029,0.0,-41.4387,0.0,0.137
194,Sangia Wambulu,Buton Tengah,2035,0.0,-3.3331,0.0,-0.0177,0.0,-37.262,0.0,0.311
195,Batauga,Buton Selatan,2035,0.0,-1.5545,0.0,-0.0035,0.0,-38.8468,0.0,0.063
196,Sampolawa,Buton Selatan,2035,0.0,-1.8185,0.0,-0.0054,0.0,-36.2441,0.0,0.0648
197,Lapandewa,Buton Selatan,2035,0.0,0.0,0.0,0.0,0.0,0.0,0.0,0.0
198,Batu Atas,Buton Selatan,2035,0.0,-0.2798,0.0,0.0,0.0,-72.5365,0.0,-0.1093
199,Siompu Barat,Buton Selatan,2035,0.0,-0.2044,0.0,0.0,0.0,-55.7706,0.0,-0.1336
200,Siompu,Buton Selatan,2035,0.0,0.0,0.0,0.0,0.0,0.0,0.0,0.0
201,Kadatua,Buton Selatan,2035,0.0,0.0,0.0,0.0,0.0,0.0,0.0,0.0
202,Mandonga,Kota Kendari,2035,0.0,-3.8489,0.0,-0.0053,0.0,-58.3412,0.0,0.338
203,Kendari,Kota Kendari,2035,0.0,-2.5806,0.0,-0.0058,0.0,-55.181,0.0,0.1645
204,Baruga,Kota Kendari,2035,-3.8617,-3.9282,-0.0095,-0.0096,-61.4537,-63.4082,0.2978,0.3116
205,Poasia,Kota Kendari,2035,0.0,-3.3161,0.0,-0.008,0.0,-56.8834,0.0,0.2389
206,Kendari Barat,Kota Kendari,2035,0.0,-3.1539,0.0,-0.0068,0.0,-55.5361,0.0,0.2237
207,Abeli,Kota Kendari,2035,0.0,-3.0526,0.0,-0.0071,0.0,-55.6207,0.0,0.2138
208,Wua-Wua,Kota Kendari,2035,0.0,-3.8841,0.0,-0.0064,0.0,-54.2141,0.0,0.2537
209,Kadia,Kota Kendari,2035,0.0,-4.2811,0.0,-0.0097,0.0,-65.6872,0.0,0.3677
210,Puuwatu,Kota Kendari,2035,0.0,-4.8435,0.0,-0.0108,0.0,-74.9357,0.0,0.5566
211,Kambu,Kota Kendari,2035,0.0,-3.613,0.0,-0.0087,0.0,-59.4496,0.0,0.2768
212,Nambo,Kota Kendari,2035,0.0,-2.7808,0.0,-0.0066,0.0,-54.7077,0.0,0.1838
213,Betoambari,Kota Bau Bau,2035,0.0,-2.1815,0.0,-0.0043,0.0,-37.6434,0.0,0.1186
214,Wolio,Kota Bau Bau,2035,0.0,-2.5865,0.0,-0.005,0.0,-38.28,0.0,0.2321
215,Sorawolio,Kota Bau Bau,2035,0.0,-2.6793,0.0,-0.005,0.0,-37.693,0.0,0.1986
216,Bungi,Kota Bau Bau,2035,-3.5657,-3.48,-0.0058,-0.004,-40.9136,-39.9469,0.2779,0.2622
217,Kokalukuna,Kota Bau Bau,2035,0.0,-2.9871,0.0,-0.0063,0.0,-34.8871,0.0,0.1723
218,Murhum,Kota Bau Bau,2035,0.0,-2.3266,0.0,-0.0045,0.0,-37.4944,0.0,0.1182
219,Lea-Lea,Kota Bau Bau,2035,-3.707,-3.5907,-0.0054,-0.0043,-42.1121,-42.0811,0.295,0.2608
220,Batupoaro,Kota Bau Bau,2035,0.0,0.0,0.0,0.0,0.0,0.0,0.0,0.0
0,Wundulako,Kolaka,2040,-0.813,-0.7895,0.0013,0.0029,5.6175,4.2512,0.4099,0.4416
1,Kolaka,Kolaka,2040,-0.5741,-0.491,0.0018,0.0025,7.0255,6.93,0.3905,0.4147
2,Pomalaa,Kolaka,2040,-0.73,-0.6261,0.0027,0.0057,-4.6174,7.6026,0.3641,0.2766
3,Watubangga,Kolaka,2040,-0.9593,-0.8955,0.0046,0.0057,-7.771,3.2125,0.5057,0.4465
4,Wolo,Kolaka,2040,0.3874,0.0132,0.0022,0.0005,73.8803,80.0484,0.2425,0.3266
5,Baula,Kolaka,2040,-0.895,-1.2437,0.0013,0.0035,2.9429,-1.8604,0.4542,0.4991
6,Latambaga,Kolaka,2040,0.0,-0.202,0.0,0.0009,0.0,8.3701,0.0,0.3826
7,Tanggetada,Kolaka,2040,-0.6322,-0.9967,0.0016,0.0032,-1.1422,-0.0548,0.2477,0.4911
8,Samaturu,Kolaka,2040,0.47,0.1369,0.0011,0.0006,26.257,17.0259,0.2237,0.3076
9,Toari,Kolaka,2040,0.0,-0.6758,0.0,0.0048,0.0,-4.3809,0.0,0.4139
10,Polinggona,Kolaka,2040,0.0,-1.2266,0.0,0.0042,0.0,-1.3202,0.0,0.5003
11,Iwoimendaa,Kolaka,2040,0.4409,0.2152,0.002,0.0004,94.8837,93.0695,0.1125,0.2938
12,Lambuya,Konawe,2040,-2.7188,-2.6472,-0.0029,-0.0019,-20.5043,-15.7699,0.6598,0.6644
13,Unaaha,Konawe,2040,-2.3528,-2.3663,-0.0045,-0.0034,-20.9593,-18.0076,0.5885,0.6128
14,Wawotobi,Konawe,2040,-2.6391,-2.607,-0.0052,-0.0048,-26.3413,-24.0267,0.6321,0.6452
15,Pondidaha,Konawe,2040,-3.0872,-3.0153,-0.0042,-0.0042,-31.6906,-32.6009,0.6911,0.6969
16,Sampara,Konawe,2040,0.0,-2.6231,0.0,-0.0035,0.0,-32.5587,0.0,0.6629
17,Abuki,Konawe,2040,-1.8238,-1.8893,-0.0025,-0.0026,-16.5816,-16.6839,0.5195,0.5476
18,Soropia,Konawe,2040,0.0,-0.4231,0.0,-0.0017,0.0,-21.3317,0.0,0.3236
19,Tongauna,Konawe,2040,-2.2352,-2.2066,-0.0033,-0.0025,-18.2138,-16.5453,0.604,0.636
20,Latoma,Konawe,2040,0.0,-0.7634,0.0,0.0,0.0,3.7224,0.0,0.3823
21,Puriala,Konawe,2040,-2.6898,-2.6538,-0.003,-0.0024,-21.709,-18.728,0.6752,0.6652
22,Uepai,Konawe,2040,-2.5469,-2.3912,-0.0024,-0.0021,-16.1248,-15.2911,0.6529,0.6543
23,Wonggeduku,Konawe,2040,-2.9833,-3.0371,-0.0037,-0.004,-25.5714,-27.3542,0.6795,0.6775
24,Besulutu,Konawe,2040,0.0,-2.8077,0.0,-0.0041,0.0,-34.1857,0.0,0.6765
25,Bondoala,Konawe,2040,0.0,-2.375,0.0,-0.0044,0.0,-33.8525,0.0,0.6076
26,Routa,Konawe,2040,0.0,-1.6946,0.0,-0.0004,0.0,-5.1621,0.0,0.4436
27,Anggaberi,Konawe,2040,-2.4208,-2.2926,-0.0049,-0.0037,-22.8279,-18.1173,0.6018,0.6722
28,Meluhu,Konawe,2040,-2.5636,-2.4987,-0.0067,-0.0071,-26.5764,-27.837,0.6367,0.6128
29,Amonggedo,Konawe,2040,-2.8817,-2.7711,-0.004,-0.0064,-19.6141,-32.6673,0.7139,0.6324
30,Asinua,Konawe,2040,0.0,-1.57,0.0,-0.0032,0.0,-17.2707,0.0,0.5838
31,Konawe,Konawe,2040,-2.7508,-2.6409,-0.003,-0.0036,-19.3682,-20.8194,0.6712,0.6484
32,Kapoiala,Konawe,2040,0.0,-1.3954,0.0,-0.0057,0.0,-24.5763,0.0,0.4759
33,Lalonggasumeeto,Konawe,2040,0.0,-1.0776,0.0,0.0052,0.0,-10.3115,0.0,0.4921
34,Onembute,Konawe,2040,-2.4163,-2.4416,-0.0013,-0.0016,-12.7943,-12.6955,0.6186,0.668
35,Padangguni,Konawe,2040,-1.734,-1.7582,-0.0026,-0.0037,-14.4506,-17.0463,0.5161,0.5369
36,Morosi,Konawe,2040,-2.0734,-2.2908,-0.004,-0.0039,-27.7377,-29.2402,0.5405,0.5766
37,Anggalomoare,Konawe,2040,0.0,-2.1536,0.0,-0.0032,0.0,-23.4798,0.0,0.5373
38,Wonggeduku Barat,Konawe,2040,-2.8481,-2.8195,-0.0037,-0.0034,-23.3413,-21.5349,0.6694,0.6732
39,Tongauna Utara,Konawe,2040,-2.1416,-2.1417,-0.0034,-0.0034,-19.3726,-16.2943,0.5618,0.7173
40,Napabalano,Muna,2040,0.0,-0.8134,0.0,0.0002,0.0,-20.3113,0.0,0.4381
41,Maligano,Muna,2040,0.0,-1.6023,0.0,-0.0007,0.0,-27.1706,0.0,0.5512
42,Wakorumba Selatan,Muna,2040,0.0,-1.2586,0.0,-0.0025,0.0,-25.7679,0.0,0.5082
43,Lasalepa,Muna,2040,0.0,-1.2214,0.0,-0.0001,0.0,-20.239,0.0,0.5072
44,Batalaiworu,Muna,2040,0.0,-1.5024,0.0,-0.0013,0.0,-20.1004,0.0,0.5497
45,Katobu,Muna,2040,0.0,-1.6014,0.0,-0.0007,0.0,-20.9637,0.0,0.5669
46,Duruka,Muna,2040,0.0,-1.6589,0.0,-0.0044,0.0,-22.3582,0.0,0.5786
47,Lohia,Muna,2040,0.0,-1.3764,0.0,-0.0017,0.0,-21.9341,0.0,0.5328
48,Watopute,Muna,2040,0.0,-1.3445,0.0,0.0021,0.0,-17.3848,0.0,0.5287
49,Kontunaga,Muna,2040,0.0,-1.5986,0.0,-0.0003,0.0,-17.3614,0.0,0.5581
50,Kabangka,Muna,2040,0.0,-0.8189,0.0,-0.0003,0.0,-11.4505,0.0,0.4502
51,Kabawo,Muna,2040,0.0,-0.791,0.0,-0.0014,0.0,-14.5151,0.0,0.4624
52,Parigi,Muna,2040,0.0,-0.6289,0.0,-0.0017,0.0,-14.3558,0.0,0.4326
53,Bone,Muna,2040,0.0,-0.3708,0.0,-0.0011,0.0,-19.7824,0.0,0.3941
54,Tongkuno,Muna,2040,0.0,-0.6315,0.0,-0.0007,0.0,-22.7075,0.0,0.4286
55,Pasir Putih,Muna,2040,0.0,-0.6253,0.0,-0.0014,0.0,-27.5015,0.0,0.407
56,Kontu Kowuna,Muna,2040,0.0,-0.8822,0.0,0.0001,0.0,-13.2125,0.0,0.4588
57,Marobo,Muna,2040,0.0,-0.3808,0.0,-0.0025,0.0,-14.7173,0.0,0.3953
58,Tongkuno Selatan,Muna,2040,0.0,-0.393,0.0,-0.0005,0.0,-24.0061,0.0,0.3898
59,Pasi Kolaga,Muna,2040,0.0,-0.6302,0.0,-0.0007,0.0,-28.9594,0.0,0.4264
60,Batukara,Muna,2040,0.0,-1.4166,0.0,-0.0009,0.0,-25.2238,0.0,0.5167
61,Towea,Muna,2040,0.0,-0.5154,0.0,0.0003,0.0,-21.9653,0.0,0.3913
62,Pasarwajo,Buton,2040,0.0,0.0541,0.0,0.0014,0.0,-10.993,0.0,0.3494
63,Kapontori,Buton,2040,0.0,-0.4033,0.0,-0.0015,0.0,-15.1963,0.0,0.4155
64,Lasalimu,Buton,2040,-0.4355,-0.303,-0.0023,-0.0007,-9.5894,-14.0381,0.4305,0.4
65,Lasalimu Selatan,Buton,2040,0.0,0.0364,0.0,-0.0028,0.0,-18.7792,0.0,0.3346
66,Siotapina,Buton,2040,0.0,-0.0467,0.0,-0.0078,0.0,-23.2915,0.0,0.3416
67,Wolowa,Buton,2040,0.0,0.0604,0.0,-0.0005,0.0,-12.6179,0.0,0.3234
68,Wabula,Buton,2040,0.0,0.7123,0.0,0.0038,0.0,-32.41,0.0,0.2753
69,Tinanggea,Konawe Selatan,2040,-1.2225,-1.0299,0.0022,-0.0033,-6.3187,-12.0861,0.533,0.4703
70,Angata,Konawe Selatan,2040,-2.4263,-2.3621,-0.0003,0.0002,-13.1677,-11.2742,0.6028,0.6116
71,Andoolo,Konawe Selatan,2040,0.0,-1.3039,0.0,0.0007,0.0,-13.175,0.0,0.4938
72,Palangga,Konawe Selatan,2040,-0.6733,-0.8305,0.0259,-0.0018,-9.9737,-18.9482,0.2865,0.434
73,Landono,Konawe Selatan,2040,-2.4192,-2.4849,-0.0028,-0.003,-28.4012,-28.6001,0.6203,0.6194
74,Lainea,Konawe Selatan,2040,0.1201,-0.1609,0.0033,0.0085,-19.8851,-20.8864,0.2787,0.3096
75,Konda,Konawe Selatan,2040,-2.0034,-1.8615,-0.005,-0.0028,-32.08,-25.6978,0.6075,0.5555
76,Ranomeeto,Konawe Selatan,2040,0.0,-2.1458,0.0,-0.0033,0.0,-28.9873,0.0,0.5755
77,Kolono,Konawe Selatan,2040,-0.5537,-0.5543,-0.0009,0.0095,-19.9988,-19.7989,0.3953,0.3288
78,Moramo,Konawe Selatan,2040,-1.3868,-1.5682,-0.0002,-0.0016,-17.1773,-23.3485,0.5781,0.441
79,Laonti,Konawe Selatan,2040,0.0,-0.2304,0.0,-0.0033,0.0,-13.4812,0.0,0.3552
80,Lalembuu,Konawe Selatan,2040,-1.5241,-1.7359,0.0074,-0.0041,-3.135,-5.6089,0.5153,0.575
81,Benua,Konawe Selatan,2040,0.0,-2.0969,0.0,-0.0006,0.0,-11.1495,0.0,0.5996
82,Palangga Selatan,Konawe Selatan,2040,-0.6589,-0.188,0.0094,-0.0027,-35.9316,-18.3068,0.3994,0.3554
83,Mowila,Konawe Selatan,2040,-2.6355,-2.4547,-0.0025,-0.0023,-24.3886,-24.842,0.6476,0.633
84,Moramo Utara,Konawe Selatan,2040,-1.7077,-1.3477,-0.0023,-0.0017,-23.2103,-20.8121,0.5201,0.4943
85,Buke,Konawe Selatan,2040,0.0,-1.8918,0.0,-0.0019,0.0,-17.5876,0.0,0.5691
86,Wolasi,Konawe Selatan,2040,0.0,-1.2949,0.0,-0.0016,0.0,-21.3669,0.0,0.4812
87,Laeya,Konawe Selatan,2040,-0.4026,-0.4556,0.006,-0.0031,-17.7962,-21.6547,0.3544,0.3864
88,Baito,Konawe Selatan,2040,-1.5811,-1.5342,-0.0008,-0.004,-20.6419,-21.3084,0.5204,0.5294
89,Basala,Konawe Selatan,2040,-1.7679,-2.0062,0.0016,-0.0012,-2.6001,-5.301,0.5636,0.6018
90,Ranomeeto Barat,Konawe Selatan,2040,0.0,-2.4666,0.0,-0.0056,0.0,-40.5022,0.0,0.5722
91,Kolono Timur,Konawe Selatan,2040,0.0,-0.2076,0.0,-0.0034,0.0,-18.6448,0.0,0.3414
92,Sabulakoa,Konawe Selatan,2040,-2.7433,-2.6985,-0.0036,-0.0032,-29.6068,-29.4948,0.62,0.6219
93,Andoolo Barat,Konawe Selatan,2040,0.0,-1.6861,0.0,0.0003,0.0,-9.3148,0.0,0.5474
94,Poleang,Bombana,2040,0.0,-0.151,0.0,0.0033,0.0,-6.0328,0.0,0.3624
95,Poleang Timur,Bombana,2040,0.0065,-0.3919,0.0059,0.0007,5.4601,0.7073,0.3756,0.2739
96,Rarowatu,Bombana,2040,-0.1604,-0.21,0.0057,0.0016,6.4368,3.0836,0.3591,0.3869
97,Rumbia,Bombana,2040,-0.1389,-0.2975,-0.0039,0.0039,1.2288,-0.9996,0.3301,0.4454
98,Kabaena,Bombana,2040,0.0,0.0,0.0,0.0,0.0,0.0,0.0,0.0
99,Kabaena Timur,Bombana,2040,0.0,-0.3443,0.0,-0.0078,0.0,-19.7364,0.0,0.3818
100,Poleang Barat,Bombana,2040,0.0,-0.4877,0.0,0.0042,0.0,-5.8238,0.0,0.4042
101,Mata Oleo,Bombana,2040,0.0527,0.0756,0.0018,0.0001,-0.4732,0.5311,0.2872,0.3378
102,Rarowatu Utara,Bombana,2040,-0.5041,-1.1276,-0.0033,-0.0087,1.3976,-4.4627,0.4485,0.4649
103,Poleang Utara,Bombana,2040,-0.134,-0.1737,0.0046,0.0042,4.8382,5.0716,0.3683,0.3884
104,Poleang Selatan,Bombana,2040,0.1518,0.016,0.0027,0.0053,-1.252,0.9764,0.4731,0.3331
105,Poleang Tenggara,Bombana,2040,0.0,0.0915,0.0,0.0025,0.0,1.9533,0.0,0.3198
106,Kabaena Selatan,Bombana,2040,0.0,-0.1347,0.0,0.0108,0.0,-33.3222,0.0,0.1658
107,Kabaena Barat,Bombana,2040,0.0,-0.0595,0.0,-0.004,0.0,-27.6727,0.0,0.3182
108,Kabaena Utara,Bombana,2040,-0.0084,-0.1547,-0.0025,-0.0074,-27.1001,-22.9235,0.3354,0.2476
109,Kabaena Tengah,Bombana,2040,0.0,-0.3007,0.0,-0.0097,0.0,-18.6361,0.0,0.385
110,Kep. Masaloka Raya,Bombana,2040,0.0,0.0,0.0,0.0,0.0,0.0,0.0,0.0
111,Rumbia Tengah,Bombana,2040,0.0,-0.0795,0.0,-0.0008,0.0,-1.1765,0.0,0.3489
112,Poleang Tengah,Bombana,2040,0.0,-0.1393,0.0,0.0034,0.0,-1.4658,0.0,0.3728
113,Tontonunu,Bombana,2040,0.0,-0.166,0.0,0.0037,0.0,4.3687,0.0,0.3651
114,Lantari Jaya,Bombana,2040,-0.6532,-1.2591,0.0031,-0.0084,4.1754,-3.1263,0.5046,0.498
115,Mata Usu,Bombana,2040,0.0,-1.1283,0.0,0.0055,0.0,7.9323,0.0,0.4844
116,Wangi-Wangi,Wakatobi,2040,0.0,-0.199,0.0,-0.0018,0.0,-34.1669,0.0,0.3428
117,Kaledupa,Wakatobi,2040,0.0,0.3283,0.0,-0.0003,0.0,-43.4947,0.0,0.2547
118,Tomia,Wakatobi,2040,0.0,0.5701,0.0,-0.0,0.0,-47.9679,0.0,0.1751
119,Binongko,Wakatobi,2040,0.0,0.3566,0.0,0.0,0.0,-60.0951,0.0,0.2285
120,Wangi Wangi Selatan,Wakatobi,2040,0.0,-0.0802,0.0,-0.0011,0.0,-36.5355,0.0,0.3241
121,Kaledupa Selatan,Wakatobi,2040,0.0,0.3973,0.0,-0.0,0.0,-46.7284,0.0,0.2427
122,Tomia Timur,Wakatobi,2040,0.0,0.3925,0.0,-0.0,0.0,-54.8273,0.0,0.231
123,Togo Binongko,Wakatobi,2040,0.0,0.35,0.0,0.0,0.0,-61.5359,0.0,0.2292
124,Lasusua,Kolaka Utara,2040,0.0,0.391,0.0,0.0006,0.0,112.7022,0.0,0.2661
125,Pakue,Kolaka Utara,2040,0.0,0.1841,0.0,0.0007,0.0,-9.5957,0.0,0.279
126,Batu Putih,Kolaka Utara,2040,0.1427,0.0849,0.001,0.0009,-6.6311,-5.7578,0.2562,0.2063
127,Rante Angin,Kolaka Utara,2040,0.427,0.3673,0.0004,0.0004,69.3529,73.9391,0.2742,0.2804
128,Kodeoha,Kolaka Utara,2040,0.342,0.2383,0.0003,0.0008,56.0224,81.5268,0.2463,0.3181
129,Ngapa,Kolaka Utara,2040,0.0,0.2159,0.0,0.0012,0.0,60.92,0.0,0.4435
130,Wawo,Kolaka Utara,2040,0.4488,0.3439,0.0,0.0005,54.9354,68.1916,0.2388,0.3554
131,Lambai,Kolaka Utara,2040,0.0,0.367,0.0,0.0002,0.0,85.8766,0.0,0.2231
132,Watunohu,Kolaka Utara,2040,0.0,0.2485,0.0,0.0004,0.0,30.4753,0.0,0.2787
133,Pakue Tengah,Kolaka Utara,2040,0.0,0.1406,0.0,0.0008,0.0,-6.4667,0.0,0.232
134,Pakue Utara,Kolaka Utara,2040,0.1713,0.0766,0.0008,0.001,-9.2494,-1.9691,0.2622,0.1529
135,Porehu,Kolaka Utara,2040,0.0,-0.2097,0.0,0.0027,0.0,-8.0422,0.0,0.3594
136,Katoi,Kolaka Utara,2040,0.0,0.4021,0.0,0.0,0.0,105.2322,0.0,0.2087
137,Tiwu,Kolaka Utara,2040,0.0,0.0499,0.0,-0.0003,0.0,43.8611,0.0,-0.1256
138,Tolala,Kolaka Utara,2040,0.0,-0.1753,0.0,0.0003,0.0,-15.8423,0.0,0.3622
139,Asera,Konawe Utara,2040,0.0,-1.2412,0.0,-0.0014,0.0,-19.6777,0.0,0.3775
140,Wiwirano,Konawe Utara,2040,-0.6044,-1.1109,-0.0044,-0.0075,-8.949,-7.5327,0.396,0.519
141,Langgikima,Konawe Utara,2040,0.0,0.5642,0.0,0.0021,0.0,-5.5746,0.0,0.203
142,Molawe,Konawe Utara,2040,0.0,-0.9049,0.0,-0.0027,0.0,-22.0666,0.0,0.3759
143,Lasolo,Konawe Utara,2040,0.0,-1.6128,0.0,-0.0074,0.0,-23.8665,0.0,0.4942
144,Lembo,Konawe Utara,2040,0.0,-1.5115,0.0,-0.0075,0.0,-26.065,0.0,0.5014
145,Sawa,Konawe Utara,2040,-1.2139,-1.1013,-0.0052,0.0015,-25.2402,-23.4831,0.4509,0.425
146,Oheo,Konawe Utara,2040,-1.1679,-1.0164,-0.0053,-0.0057,-22.1515,-20.0169,0.4597,0.3856
147,Andowia,Konawe Utara,2040,0.0,-1.1626,0.0,-0.018,0.0,-30.3917,0.0,0.4597
148,Motui,Konawe Utara,2040,-1.8212,-1.5701,-0.0025,-0.0047,-28.9676,-28.787,0.5319,0.4866
149,Wawolesea,Konawe Utara,2040,0.0,-1.4782,0.0,-0.0074,0.0,-25.3001,0.0,0.4833
150,Lasolo Kepulauan,Konawe Utara,2040,0.0,0.6022,0.0,-0.0017,0.0,-16.8445,0.0,0.2603
151,Landawe,Konawe Utara,2040,-0.5766,0.0457,-0.004,-0.0003,-9.6283,0.0215,0.3487,0.1553
152,Kulisusu,Buton Utara,2040,0.0,-0.4796,0.0,-0.0002,0.0,-21.6905,0.0,0.388
153,Kambowa,Buton Utara,2040,0.0,-0.6302,0.0,-0.0001,0.0,-21.9474,0.0,0.433
154,Bonegunu,Buton Utara,2040,0.0,-0.9499,0.0,0.0045,0.0,-22.5663,0.0,0.4425
155,Kulisusu Barat,Buton Utara,2040,-1.0417,-0.9364,0.0014,-0.0042,-21.7591,-21.2501,0.4572,0.46
156,Kulisusu Utara,Buton Utara,2040,0.0,-0.3345,0.0,-0.008,0.0,-15.5979,0.0,0.4199
157,Wakorumba Utara,Buton Utara,2040,0.0,-0.9422,0.0,-0.001,0.0,-21.7,0.0,0.5106
158,Tirawuta,Kolaka Timur,2040,-2.1247,-1.8519,0.0005,0.001,-6.8111,-5.205,0.6315,0.587
159,Loea,Kolaka Timur,2040,-2.1044,-1.7944,0.0013,0.0022,-5.3232,-4.0198,0.7091,0.5949
160,Ladongi,Kolaka Timur,2040,-2.2666,-1.9075,0.0016,0.0027,-6.6684,-4.8041,0.6256,0.6123
161,Poli Polia,Kolaka Timur,2040,-2.114,-2.0007,0.0023,0.003,-4.5316,-4.5662,0.6279,0.603
162,Lambandia,Kolaka Timur,2040,-1.9348,-1.9224,0.0013,0.0019,-1.1724,-1.4123,0.5951,0.6012
163,Lalolae,Kolaka Timur,2040,-0.9412,-0.8969,0.0035,0.0035,3.6081,3.9579,0.4873,0.502
164,Mowewe,Kolaka Timur,2040,-0.4136,-0.374,0.0032,0.0034,9.1175,9.9669,0.4858,0.4084
165,Uluiwoi,Kolaka Timur,2040,0.0,-0.6844,0.0,0.0002,0.0,-1.677,0.0,0.4351
166,Tinondo,Kolaka Timur,2040,-1.0099,-0.7246,0.0017,0.002,-2.9612,2.3868,0.7824,0.4674
167,Aere,Kolaka Timur,2040,0.0,-1.7889,0.0,0.004,0.0,-0.6111,0.0,0.6008
168,Ueesi,Kolaka Timur,2040,0.0,0.0421,0.0,0.0025,0.0,13.7104,0.0,0.266
169,Dangia,Kolaka Timur,2040,-2.3324,-2.3289,0.0041,0.0017,-7.112,-4.5669,0.653,0.6338
170,Wawonii Barat,Konawe Kepulauan,2040,0.0,0.5849,0.0,-0.0003,0.0,-1.5012,0.0,0.2191
171,Wawonii Utara,Konawe Kepulauan,2040,0.0,0.5746,0.0,0.0012,0.0,4.9921,0.0,0.2402
172,Wawonii Timur Laut,Konawe Kepulauan,2040,0.0,0.5197,0.0,0.0003,0.0,9.3999,0.0,0.2511
173,Wawonii Timur,Konawe Kepulauan,2040,0.0,0.5206,0.0,0.0007,0.0,11.157,0.0,0.2524
174,Wawonii Tenggara,Konawe Kepulauan,2040,0.0,0.6571,0.0,-0.0074,0.0,14.6082,0.0,0.2357
175,Wawonii Selatan,Konawe Kepulauan,2040,0.0,0.4054,0.0,-0.0006,0.0,-1.329,0.0,0.2685
176,Wawonii Tengah,Konawe Kepulauan,2040,0.0,0.4694,0.0,-0.0032,0.0,-2.4667,0.0,0.2352
177,Sawerigadi,Muna Barat,2040,-0.932,-0.898,0.0014,0.001,-12.134,-13.283,0.4591,0.4546
178,Barangka,Muna Barat,2040,0.0,-1.2011,0.0,0.0005,0.0,-13.9704,0.0,0.5034
179,Lawa,Muna Barat,2040,0.0,-1.108,0.0,-0.0048,0.0,-12.8491,0.0,0.5189
180,Wadaga,Muna Barat,2040,0.0,-1.1065,0.0,0.0004,0.0,-15.9528,0.0,0.5143
181,Tiworo Selatan,Muna Barat,2040,-0.7679,-0.7819,0.0,-0.0002,-11.2101,-11.2511,0.4506,0.4456
182,Maginti,Muna Barat,2040,0.0,-0.6042,0.0,-0.0012,0.0,-10.7015,0.0,0.4177
183,Tiworo Tengah,Muna Barat,2040,0.0,-0.5389,0.0,-0.0004,0.0,-11.4579,0.0,0.412
184,Tiworo Utara,Muna Barat,2040,0.0,-0.372,0.0,0.0,0.0,-12.0185,0.0,0.3842
185,Tiworo Kepulauan,Muna Barat,2040,0.0,-0.6543,0.0,0.001,0.0,-12.6163,0.0,0.4188
186,Kusambi,Muna Barat,2040,0.0,-0.7962,0.0,-0.0003,0.0,-14.8616,0.0,0.4424
187,Napano Kusambi,Muna Barat,2040,0.0,-0.602,0.0,0.0008,0.0,-15.8759,0.0,0.4193
188,Lakudo,Buton Tengah,2040,0.0,-0.4614,0.0,0.0013,0.0,-14.8219,0.0,0.6159
189,Mawasangka Timur,Buton Tengah,2040,0.0,0.0,0.0,0.0,0.0,0.0,0.0,0.0
190,Mawasangka Tengah,Buton Tengah,2040,0.0,0.0814,0.0,-0.001,0.0,-39.2603,0.0,0.2972
191,Mawasangka,Buton Tengah,2040,0.0,-0.0052,0.0,0.0045,0.0,-18.6375,0.0,0.3226
192,Talaga Raya,Buton Tengah,2040,0.0,0.0996,0.0,0.0057,0.0,-37.6291,0.0,0.2359
193,Gu,Buton Tengah,2040,0.0,-0.3322,0.0,-0.0003,0.0,-23.3072,0.0,0.3684
194,Sangia Wambulu,Buton Tengah,2040,0.0,-0.6237,0.0,-0.0118,0.0,-5.7733,0.0,0.4892
195,Batauga,Buton Selatan,2040,0.0,0.2772,0.0,0.0008,0.0,-26.2929,0.0,0.321
196,Sampolawa,Buton Selatan,2040,0.0,0.2143,0.0,-0.0001,0.0,-16.0206,0.0,0.2985
197,Lapandewa,Buton Selatan,2040,0.0,0.0,0.0,0.0,0.0,0.0,0.0,0.0
198,Batu Atas,Buton Selatan,2040,0.0,0.35,0.0,0.0,0.0,-91.3162,0.0,0.2918
199,Siompu Barat,Buton Selatan,2040,0.0,0.588,0.0,0.0005,0.0,-67.0467,0.0,0.2359
200,Siompu,Buton Selatan,2040,0.0,0.0,0.0,0.0,0.0,0.0,0.0,0.0
201,Kadatua,Buton Selatan,2040,0.0,0.0,0.0,0.0,0.0,0.0,0.0,0.0
202,Mandonga,Kota Kendari,2040,0.0,-1.9297,0.0,0.0003,0.0,-25.1452,0.0,0.5847
203,Kendari,Kota Kendari,2040,0.0,-1.0444,0.0,-0.0017,0.0,-22.612,0.0,0.4388
204,Baruga,Kota Kendari,2040,-1.8036,-1.8631,-0.0033,-0.0035,-26.1973,-27.6906,0.539,0.5531
205,Poasia,Kota Kendari,2040,0.0,-1.4639,0.0,-0.0026,0.0,-23.598,0.0,0.4919
206,Kendari Barat,Kota Kendari,2040,0.0,-1.4352,0.0,-0.002,0.0,-23.519,0.0,0.4877
207,Abeli,Kota Kendari,2040,0.0,-1.3062,0.0,-0.0022,0.0,-22.8179,0.0,0.4741
208,Wua-Wua,Kota Kendari,2040,0.0,-1.7608,0.0,-0.0,0.0,-18.3503,0.0,0.4888
209,Kadia,Kota Kendari,2040,0.0,-2.2323,0.0,-0.0038,0.0,-31.6959,0.0,0.608
210,Puuwatu,Kota Kendari,2040,0.0,-2.7345,0.0,-0.0045,0.0,-40.3382,0.0,0.7971
211,Kambu,Kota Kendari,2040,0.0,-1.6515,0.0,-0.0029,0.0,-25.227,0.0,0.5246
212,Nambo,Kota Kendari,2040,0.0,-1.1358,0.0,-0.002,0.0,-22.1586,0.0,0.4508
213,Betoambari,Kota Bau Bau,2040,0.0,0.0339,0.0,0.001,0.0,-17.757,0.0,0.3363
214,Wolio,Kota Bau Bau,2040,0.0,-0.1296,0.0,0.0015,0.0,-14.8258,0.0,0.4351
215,Sorawolio,Kota Bau Bau,2040,0.0,-0.1841,0.0,0.0017,0.0,-10.2017,0.0,0.3873
216,Bungi,Kota Bau Bau,2040,-0.6726,-0.605,0.0018,0.0036,-7.8983,-7.4652,0.4285,0.4164
217,Kokalukuna,Kota Bau Bau,2040,0.0,-0.2306,0.0,0.0008,0.0,-4.9544,0.0,0.3329
218,Murhum,Kota Bau Bau,2040,0.0,-0.0305,0.0,0.0011,0.0,-15.922,0.0,0.3287
219,Lea-Lea,Kota Bau Bau,2040,-0.7935,-0.7342,0.0021,0.0033,-8.7719,-9.8747,0.4474,0.4166
220,Batupoaro,Kota Bau Bau,2040,0.0,0.0,0.0,0.0,0.0,0.0,0.0,0.0
0,Wundulako,Kolaka,2045,0.3334,0.5338,0.0019,0.0033,18.5614,22.4049,0.5676,0.5863
1,Kolaka,Kolaka,2045,0.5598,0.6971,0.0028,0.0034,22.6271,26.8122,0.5631,0.5806
2,Pomalaa,Kolaka,2045,0.4641,0.5897,0.0029,0.0047,4.0624,13.6179,0.5236,0.4174
3,Watubangga,Kolaka,2045,0.1852,0.437,0.0002,0.0037,6.1293,12.9367,0.6233,0.5596
4,Wolo,Kolaka,2045,0.9641,0.6022,0.0043,0.0023,69.9442,73.3965,0.4987,0.5934
5,Baula,Kolaka,2045,0.2979,0.3556,0.0017,0.0039,13.9831,15.5471,0.6117,0.6105
6,Latambaga,Kolaka,2045,0.0,0.9078,0.0,0.0045,0.0,31.1518,0.0,0.5825
7,Tanggetada,Kolaka,2045,0.3184,0.1814,-0.002,-0.0006,0.5012,5.4107,0.4082,0.6296
8,Samaturu,Kolaka,2045,0.8751,0.8353,0.0019,0.0027,24.0283,30.8581,0.5183,0.5638
9,Toari,Kolaka,2045,0.0,0.5208,0.0,0.0034,0.0,14.9847,0.0,0.5398
10,Polinggona,Kolaka,2045,0.0,0.1338,0.0,0.0007,0.0,5.9936,0.0,0.6173
11,Iwoimendaa,Kolaka,2045,0.9269,0.7556,0.0029,0.0016,85.1541,83.055,0.38,0.5555
12,Lambuya,Konawe,2045,-0.5846,-0.5111,-0.0004,0.0005,-7.5581,-2.5983,0.6811,0.6866
13,Unaaha,Konawe,2045,-0.3334,-0.3249,-0.0022,-0.0011,-15.7882,-11.4688,0.6298,0.6504
14,Wawotobi,Konawe,2045,-0.6779,-0.6565,-0.0028,-0.0022,-19.3969,-16.8718,0.6659,0.6831
15,Pondidaha,Konawe,2045,-1.0434,-1.0289,-0.0023,-0.0022,-22.5643,-23.1346,0.7108,0.7259
16,Sampara,Konawe,2045,0.0,-0.7019,0.0,-0.0016,0.0,-17.652,0.0,0.6845
17,Abuki,Konawe,2045,0.3707,0.2779,-0.0008,-0.001,-14.7049,-13.9714,0.5712,0.5998
18,Soropia,Konawe,2045,0.0,0.4637,0.0,-0.0009,0.0,-1.1189,0.0,0.4278
19,Tongauna,Konawe,2045,-0.1511,-0.0979,-0.0014,-0.0007,-13.8373,-11.7463,0.6435,0.6749
20,Latoma,Konawe,2045,0.0,0.6387,0.0,0.0006,0.0,22.7423,0.0,0.5411
21,Puriala,Konawe,2045,-0.6153,-0.589,-0.0012,-0.0006,-10.0794,-6.3933,0.7051,0.6946
22,Uepai,Konawe,2045,-0.4248,-0.2581,0.0002,0.0003,-4.2215,-5.1573,0.6801,0.683
23,Wonggeduku,Konawe,2045,-0.9345,-1.0046,-0.0015,-0.0018,-15.492,-18.0699,0.7016,0.7016
24,Besulutu,Konawe,2045,0.0,-0.8917,0.0,-0.0021,0.0,-21.8212,0.0,0.7015
25,Bondoala,Konawe,2045,0.0,-0.7002,0.0,-0.0025,0.0,-18.7325,0.0,0.646
26,Routa,Konawe,2045,0.0,-0.0039,0.0,0.0001,0.0,-7.0828,0.0,0.527
27,Anggaberi,Konawe,2045,-0.4375,-0.349,-0.0025,-0.0012,-17.219,-13.2878,0.6415,0.7181
28,Meluhu,Konawe,2045,-0.8581,-0.8312,-0.0035,-0.0039,-23.5132,-25.6868,0.6902,0.6726
29,Amonggedo,Konawe,2045,-0.9728,-0.9947,-0.0013,-0.0036,-9.9998,-27.7187,0.7547,0.6744
30,Asinua,Konawe,2045,0.0,0.6704,0.0,-0.0006,0.0,-9.6976,0.0,0.6531
31,Konawe,Konawe,2045,-0.6714,-0.5875,-0.0005,-0.0011,-8.1128,-10.9752,0.6962,0.6778
32,Kapoiala,Konawe,2045,0.0,-0.0381,0.0,-0.0041,0.0,-8.0246,0.0,0.5429
33,Lalonggasumeeto,Konawe,2045,0.0,0.3249,0.0,0.0067,0.0,5.8327,0.0,0.554
34,Onembute,Konawe,2045,-0.3055,-0.3194,0.001,0.0008,1.0891,1.4497,0.6527,0.7004
35,Padangguni,Konawe,2045,0.4829,0.443,-0.0004,-0.0018,-10.9135,-16.0692,0.5739,0.596
36,Morosi,Konawe,2045,-0.3988,-0.5405,-0.002,-0.0019,-14.3335,-15.186,0.5827,0.6093
37,Anggalomoare,Konawe,2045,0.0,-0.3026,0.0,-0.0011,0.0,-8.144,0.0,0.5572
38,Wonggeduku Barat,Konawe,2045,-0.8195,-0.7867,-0.0013,-0.0009,-13.5047,-11.5926,0.6966,0.7002
39,Tongauna Utara,Konawe,2045,-0.0487,-0.0605,-0.002,-0.0018,-18.17,-14.3693,0.6055,0.7664
40,Napabalano,Muna,2045,0.0,0.2658,0.0,0.0014,0.0,9.0899,0.0,0.526
41,Maligano,Muna,2045,0.0,-0.3603,0.0,0.0016,0.0,7.3342,0.0,0.6228
42,Wakorumba Selatan,Muna,2045,0.0,0.0965,0.0,-0.0009,0.0,7.64,0.0,0.5747
43,Lasalepa,Muna,2045,0.0,-0.0018,0.0,0.0018,0.0,7.0299,0.0,0.5875
44,Batalaiworu,Muna,2045,0.0,-0.1556,0.0,0.0012,0.0,6.8206,0.0,0.6213
45,Katobu,Muna,2045,0.0,-0.2201,0.0,0.0017,0.0,6.2394,0.0,0.6363
46,Duruka,Muna,2045,0.0,-0.2618,0.0,-0.0018,0.0,5.1537,0.0,0.6474
47,Lohia,Muna,2045,0.0,-0.0373,0.0,0.0005,0.0,7.3245,0.0,0.6062
48,Watopute,Muna,2045,0.0,-0.0674,0.0,0.0046,0.0,5.9665,0.0,0.6092
49,Kontunaga,Muna,2045,0.0,-0.2273,0.0,0.0025,0.0,6.1516,0.0,0.6319
50,Kabangka,Muna,2045,0.0,0.3427,0.0,0.0016,0.0,8.9892,0.0,0.5547
51,Kabawo,Muna,2045,0.0,0.393,0.0,0.0007,0.0,7.9943,0.0,0.562
52,Parigi,Muna,2045,0.0,0.5463,0.0,0.0005,0.0,8.2994,0.0,0.5328
53,Bone,Muna,2045,0.0,0.6801,0.0,0.0006,0.0,8.4608,0.0,0.5077
54,Tongkuno,Muna,2045,0.0,0.4955,0.0,0.001,0.0,10.0658,0.0,0.5259
55,Pasir Putih,Muna,2045,0.0,0.5483,0.0,-0.0007,0.0,9.7777,0.0,0.4889
56,Kontu Kowuna,Muna,2045,0.0,0.3065,0.0,0.0022,0.0,9.3711,0.0,0.5579
57,Marobo,Muna,2045,0.0,0.689,0.0,-0.0008,0.0,8.735,0.0,0.5098
58,Tongkuno Selatan,Muna,2045,0.0,0.615,0.0,0.0008,0.0,11.1868,0.0,0.5031
59,Pasi Kolaga,Muna,2045,0.0,0.5231,0.0,0.0002,0.0,9.0244,0.0,0.5128
60,Batukara,Muna,2045,0.0,-0.0542,0.0,0.001,0.0,8.4616,0.0,0.5802
61,Towea,Muna,2045,0.0,0.4789,0.0,0.0011,0.0,0.6179,0.0,0.4804
62,Pasarwajo,Buton,2045,0.0,1.0085,0.0,0.0016,0.0,17.6524,0.0,0.4655
63,Kapontori,Buton,2045,0.0,0.6794,0.0,-0.0011,0.0,17.1158,0.0,0.5146
64,Lasalimu,Buton,2045,0.5658,0.6483,-0.0023,-0.001,11.678,6.7796,0.5424,0.5151
65,Lasalimu Selatan,Buton,2045,0.0,0.8785,0.0,-0.0032,0.0,6.8749,0.0,0.4596
66,Siotapina,Buton,2045,0.0,0.7865,0.0,-0.0082,0.0,5.6288,0.0,0.4681
67,Wolowa,Buton,2045,0.0,0.9767,0.0,-0.0007,0.0,12.7441,0.0,0.4416
68,Wabula,Buton,2045,0.0,1.5854,0.0,0.0038,0.0,14.1977,0.0,0.3896
69,Tinanggea,Konawe Selatan,2045,0.1,0.2369,-0.0074,-0.0118,-15.3563,-22.8829,0.6117,0.5489
70,Angata,Konawe Selatan,2045,-0.4055,-0.3809,0.0008,0.001,-0.0067,-0.1644,0.6295,0.6499
71,Andoolo,Konawe Selatan,2045,0.0,0.1919,0.0,-0.0054,0.0,-15.2703,0.0,0.5518
72,Palangga,Konawe Selatan,2045,0.8258,0.4997,0.0249,-0.0046,-3.8661,-22.2376,0.3402,0.5014
73,Landono,Konawe Selatan,2045,-0.4726,-0.5242,-0.0014,-0.0017,-12.9708,-13.9081,0.6431,0.6418
74,Lainea,Konawe Selatan,2045,1.0131,0.805,0.0056,0.0096,-30.403,-23.7777,0.3673,0.3957
75,Konda,Konawe Selatan,2045,-0.323,-0.1477,-0.0033,-0.0012,-16.4979,-10.0914,0.6406,0.5864
76,Ranomeeto,Konawe Selatan,2045,0.0,-0.2862,0.0,-0.0016,0.0,-11.8032,0.0,0.5958
77,Kolono,Konawe Selatan,2045,0.5158,0.4394,-0.0002,0.0112,-17.9216,-18.3361,0.4713,0.4031
78,Moramo,Konawe Selatan,2045,0.0196,-0.2421,0.0019,0.0003,-6.5282,-14.7196,0.6272,0.4916
79,Laonti,Konawe Selatan,2045,0.0,0.622,0.0,-0.0027,0.0,-12.7079,0.0,0.4474
80,Lalembuu,Konawe Selatan,2045,0.0375,-0.17,0.0029,-0.0092,-7.0227,-8.9366,0.5826,0.6436
81,Benua,Konawe Selatan,2045,0.0,-0.2691,0.0,-0.0022,0.0,-4.915,0.0,0.6469
82,Palangga Selatan,Konawe Selatan,2045,0.3262,0.8791,0.0087,-0.0055,-57.8668,-35.3626,0.4928,0.4437
83,Mowila,Konawe Selatan,2045,-0.6182,-0.4569,-0.0012,-0.0012,-12.4252,-11.756,0.6709,0.6563
84,Moramo Utara,Konawe Selatan,2045,-0.1037,0.0347,-0.0004,0.0,-8.061,-7.5093,0.5576,0.5491
85,Buke,Konawe Selatan,2045,0.0,-0.1235,0.0,-0.0049,0.0,-10.9613,0.0,0.611
86,Wolasi,Konawe Selatan,2045,0.0,0.2354,0.0,-0.0003,0.0,-9.9255,0.0,0.5247
87,Laeya,Konawe Selatan,2045,0.8648,0.7424,0.0063,-0.0027,-16.5354,-25.8821,0.4228,0.459
88,Baito,Konawe Selatan,2045,0.1248,0.096,-0.0021,-0.0065,-10.9633,-14.5913,0.5661,0.5775
89,Basala,Konawe Selatan,2045,-0.1352,-0.2876,-0.0018,-0.0036,-4.368,-3.8873,0.6316,0.6623
90,Ranomeeto Barat,Konawe Selatan,2045,0.0,-0.5872,0.0,-0.004,0.0,-23.6319,0.0,0.5951
91,Kolono Timur,Konawe Selatan,2045,0.0,0.6994,0.0,-0.003,0.0,-13.0554,0.0,0.4307
92,Sabulakoa,Konawe Selatan,2045,-0.7144,-0.6964,-0.0029,-0.0017,-17.8743,-17.3206,0.5493,0.641
93,Andoolo Barat,Konawe Selatan,2045,0.0,-0.0604,0.0,-0.0051,0.0,-9.5965,0.0,0.6043
94,Poleang,Bombana,2045,0.0,0.7871,0.0,0.0037,0.0,21.5589,0.0,0.5027
95,Poleang Timur,Bombana,2045,0.9785,0.5582,0.0061,0.0002,21.3783,16.6226,0.5031,0.3968
96,Rarowatu,Bombana,2045,0.7265,0.6453,-0.0021,-0.0086,10.1898,4.2166,0.4857,0.5187
97,Rumbia,Bombana,2045,0.715,0.5511,-0.0128,-0.0037,1.0491,0.4314,0.4619,0.5767
98,Kabaena,Bombana,2045,0.0,0.0,0.0,0.0,0.0,0.0,0.0,0.0
99,Kabaena Timur,Bombana,2045,0.0,0.7043,0.0,-0.0059,0.0,2.6568,0.0,0.4911
100,Poleang Barat,Bombana,2045,0.0,0.6624,0.0,0.0046,0.0,19.1567,0.0,0.5303
101,Mata Oleo,Bombana,2045,0.8873,0.9085,0.0016,-0.0009,14.0629,12.8322,0.422,0.4736
102,Rarowatu Utara,Bombana,2045,0.3647,-0.2206,-0.0216,-0.0214,-2.718,-6.0116,0.5699,0.589
103,Poleang Utara,Bombana,2045,0.8174,0.7777,0.0049,0.0049,19.6769,19.7704,0.4999,0.5201
104,Poleang Selatan,Bombana,2045,0.0,0.9167,0.0,0.0055,0.0,21.8666,0.0,0.464
105,Poleang Tenggara,Bombana,2045,0.0,0.9706,0.0,0.0018,0.0,17.284,0.0,0.4469
106,Kabaena Selatan,Bombana,2045,0.0,0.6422,0.0,0.0117,0.0,0.599,0.0,0.2911
107,Kabaena Barat,Bombana,2045,0.0,0.7157,0.0,-0.0041,0.0,6.6375,0.0,0.4364
108,Kabaena Utara,Bombana,2045,0.8016,0.7211,-0.0025,-0.0078,6.4084,6.3566,0.4687,0.3666
109,Kabaena Tengah,Bombana,2045,0.0,0.7448,0.0,-0.009,0.0,3.4097,0.0,0.4907
110,Kep. Masaloka Raya,Bombana,2045,0.0,0.0,0.0,0.0,0.0,0.0,0.0,0.0
111,Rumbia Tengah,Bombana,2045,0.0,0.7814,0.0,-0.0052,0.0,2.9642,0.0,0.48
112,Poleang Tengah,Bombana,2045,0.0,0.7917,0.0,0.0039,0.0,20.8618,0.0,0.511
113,Tontonunu,Bombana,2045,0.0,0.8148,0.0,0.0048,0.0,22.464,0.0,0.4974
114,Lantari Jaya,Bombana,2045,0.4105,-0.1722,-0.0103,-0.0202,1.2221,-5.7149,0.6249,0.6122
115,Mata Usu,Bombana,2045,0.0,0.2545,0.0,0.0045,0.0,10.6197,0.0,0.5891
116,Wangi-Wangi,Wakatobi,2045,0.0,0.9703,0.0,0.0023,0.0,40.7119,0.0,0.4229
117,Kaledupa,Wakatobi,2045,0.0,1.2591,0.0,0.0004,0.0,61.8085,0.0,0.3638
118,Tomia,Wakatobi,2045,0.0,1.4468,0.0,-0.0,0.0,30.7929,0.0,0.2866
119,Binongko,Wakatobi,2045,0.0,1.2812,0.0,0.0,0.0,10.703,0.0,0.3437
120,Wangi Wangi Selatan,Wakatobi,2045,0.0,1.0405,0.0,0.0023,0.0,46.243,0.0,0.411
121,Kaledupa Selatan,Wakatobi,2045,0.0,1.2831,0.0,-0.0,0.0,56.1644,0.0,0.3562
122,Tomia Timur,Wakatobi,2045,0.0,1.2859,0.0,-0.0,0.0,23.559,0.0,0.347
123,Togo Binongko,Wakatobi,2045,0.0,1.2806,0.0,-0.0,0.0,8.4252,0.0,0.3447
124,Lasusua,Kolaka Utara,2045,0.0,0.859,0.0,0.001,0.0,103.5518,0.0,0.5056
125,Pakue,Kolaka Utara,2045,0.0,0.6439,0.0,0.0019,0.0,100.6864,0.0,0.4659
126,Batu Putih,Kolaka Utara,2045,0.4666,0.4154,0.0019,0.0017,59.1742,54.7862,0.4178,0.3747
127,Rante Angin,Kolaka Utara,2045,0.9266,0.9073,0.0007,0.0008,57.8444,62.2602,0.529,0.525
128,Kodeoha,Kolaka Utara,2045,0.0,0.765,0.0,0.0017,0.0,115.7341,0.0,0.5008
129,Ngapa,Kolaka Utara,2045,0.0,0.8044,0.0,0.0025,0.0,110.7737,0.0,0.6397
130,Wawo,Kolaka Utara,2045,0.9409,0.919,0.0002,0.0009,39.6417,54.2149,0.5153,0.6018
131,Lambai,Kolaka Utara,2045,0.0,0.8717,0.0,0.0007,0.0,75.0023,0.0,0.4607
132,Watunohu,Kolaka Utara,2045,0.0,0.6786,0.0,0.0012,0.0,123.772,0.0,0.4646
133,Pakue Tengah,Kolaka Utara,2045,0.0,0.5303,0.0,0.0018,0.0,81.6788,0.0,0.4092
134,Pakue Utara,Kolaka Utara,2045,0.53,0.4171,0.0019,0.0015,74.4571,64.3611,0.4279,0.3208
135,Porehu,Kolaka Utara,2045,0.0,0.1773,0.0,0.0034,0.0,36.4522,0.0,0.543
136,Katoi,Kolaka Utara,2045,0.0,0.7981,0.0,0.0003,0.0,123.2442,0.0,0.4307
137,Tiwu,Kolaka Utara,2045,0.0,0.5035,0.0,0.0004,0.0,108.289,0.0,0.0722
138,Tolala,Kolaka Utara,2045,0.0,0.4237,0.0,0.002,0.0,46.7226,0.0,0.5286
139,Asera,Konawe Utara,2045,0.0,0.6481,0.0,0.0006,0.0,-29.7412,0.0,0.4357
140,Wiwirano,Konawe Utara,2045,1.0813,1.0236,-0.0019,-0.0045,-8.098,-5.9438,0.4692,0.5559
141,Langgikima,Konawe Utara,2045,0.0,1.3807,0.0,0.0044,0.0,1.146,0.0,0.3286
142,Molawe,Konawe Utara,2045,0.0,0.3818,0.0,-0.0001,0.0,-27.0959,0.0,0.4627
143,Lasolo,Konawe Utara,2045,0.0,-0.3491,0.0,-0.0038,0.0,-24.583,0.0,0.583
144,Lembo,Konawe Utara,2045,0.0,-0.3393,0.0,-0.0054,0.0,-16.3769,0.0,0.5973
145,Sawa,Konawe Utara,2045,-0.0973,0.0018,-0.0037,0.0034,-9.7939,-8.863,0.5463,0.5216
146,Oheo,Konawe Utara,2045,0.7776,0.8635,-0.0028,-0.0033,-29.8635,-27.7919,0.519,0.4487
147,Andowia,Konawe Utara,2045,0.0,0.3168,0.0,-0.0168,0.0,-38.7128,0.0,0.548
148,Motui,Konawe Utara,2045,-0.3931,-0.2302,-0.0006,-0.0027,-14.0271,-14.7692,0.5964,0.5599
149,Wawolesea,Konawe Utara,2045,0.0,-0.3342,0.0,-0.0044,0.0,-20.9204,0.0,0.5817
150,Lasolo Kepulauan,Konawe Utara,2045,0.0,1.5678,0.0,-0.0015,0.0,-19.1282,0.0,0.3804
151,Landawe,Konawe Utara,2045,1.0929,1.6788,-0.0016,0.0033,-11.2541,0.6297,0.4242,0.2065
152,Kulisusu,Buton Utara,2045,0.0,0.4797,0.0,0.0008,0.0,0.3822,0.0,0.4799
153,Kambowa,Buton Utara,2045,0.0,0.5191,0.0,0.0003,0.0,6.1257,0.0,0.5201
154,Bonegunu,Buton Utara,2045,0.0,0.2473,0.0,0.0061,0.0,3.5981,0.0,0.5181
155,Kulisusu Barat,Buton Utara,2045,0.0917,0.1472,0.003,-0.0026,4.2672,4.2055,0.5364,0.5419
156,Kulisusu Utara,Buton Utara,2045,0.0,0.5417,0.0,-0.0077,0.0,3.5323,0.0,0.5193
157,Wakorumba Utara,Buton Utara,2045,0.0,0.1134,0.0,0.0007,0.0,4.1727,0.0,0.5949
158,Tirawuta,Kolaka Timur,2045,-0.1385,0.0173,0.0024,0.0024,7.8365,11.5255,0.6844,0.6534
159,Loea,Kolaka Timur,2045,-0.1416,0.034,0.003,0.0032,8.6708,12.5798,0.7651,0.6687
160,Ladongi,Kolaka Timur,2045,-0.2958,-0.0158,0.0032,0.0037,6.496,11.0131,0.6798,0.6824
161,Poli Polia,Kolaka Timur,2045,-0.2128,-0.0898,0.0029,0.0038,5.7665,8.8294,0.6983,0.6702
162,Lambandia,Kolaka Timur,2045,-0.2261,-0.1772,-0.0002,0.0008,-0.7513,1.3061,0.6637,0.6707
163,Lalolae,Kolaka Timur,2045,0.4716,0.4903,0.0029,0.0028,26.927,27.8231,0.6119,0.6286
164,Mowewe,Kolaka Timur,2045,0.6819,0.749,0.0022,0.0028,37.7943,37.8763,0.6521,0.5744
165,Uluiwoi,Kolaka Timur,2045,0.0,0.7567,0.0,0.0011,0.0,22.923,0.0,0.5848
166,Tinondo,Kolaka Timur,2045,0.0,0.6872,0.0,0.0018,0.0,25.7106,0.0,0.5992
167,Aere,Kolaka Timur,2045,0.0,0.0033,0.0,0.0036,0.0,8.2456,0.0,0.68
168,Ueesi,Kolaka Timur,2045,0.0,0.5099,0.0,0.0007,0.0,39.6034,0.0,0.5055
169,Dangia,Kolaka Timur,2045,-0.3519,-0.4207,0.0056,0.0024,3.9753,2.9092,0.7088,0.6892
170,Wawonii Barat,Konawe Kepulauan,2045,0.0,1.1197,0.0,-0.0002,0.0,-1.4031,0.0,0.3335
171,Wawonii Utara,Konawe Kepulauan,2045,0.0,1.1156,0.0,0.0011,0.0,4.8422,0.0,0.3493
172,Wawonii Timur Laut,Konawe Kepulauan,2045,0.0,1.0754,0.0,0.0003,0.0,9.4101,0.0,0.3559
173,Wawonii Timur,Konawe Kepulauan,2045,0.0,1.0883,0.0,0.0007,0.0,9.365,0.0,0.357
174,Wawonii Tenggara,Konawe Kepulauan,2045,0.0,1.2361,0.0,-0.0074,0.0,10.7922,0.0,0.3409
175,Wawonii Selatan,Konawe Kepulauan,2045,0.0,1.0316,0.0,-0.0004,0.0,-6.5005,0.0,0.3755
176,Wawonii Tengah,Konawe Kepulauan,2045,0.0,1.0742,0.0,-0.003,0.0,-6.1776,0.0,0.3449
177,Sawerigadi,Muna Barat,2045,0.2002,0.2438,0.0027,0.0027,9.8186,7.303,0.5709,0.5549
178,Barangka,Muna Barat,2045,0.0,0.0435,0.0,0.0027,0.0,7.4861,0.0,0.5936
179,Lawa,Muna Barat,2045,0.0,0.1744,0.0,-0.0026,0.0,10.4888,0.0,0.6065
180,Wadaga,Muna Barat,2045,0.0,0.0983,0.0,0.0025,0.0,7.8046,0.0,0.6106
181,Tiworo Selatan,Muna Barat,2045,0.3176,0.3366,0.0011,0.0013,9.9055,9.6758,0.5725,0.5563
182,Maginti,Muna Barat,2045,0.0,0.4635,0.0,-0.0004,0.0,8.5564,0.0,0.5337
183,Tiworo Tengah,Muna Barat,2045,0.0,0.4948,0.0,0.0002,0.0,5.5524,0.0,0.5272
184,Tiworo Utara,Muna Barat,2045,0.0,0.6158,0.0,0.0004,0.0,1.4398,0.0,0.4993
185,Tiworo Kepulauan,Muna Barat,2045,0.0,0.4075,0.0,0.0022,0.0,6.4131,0.0,0.5289
186,Kusambi,Muna Barat,2045,0.0,0.311,0.0,0.0011,0.0,4.959,0.0,0.5385
187,Napano Kusambi,Muna Barat,2045,0.0,0.4786,0.0,0.002,0.0,6.7103,0.0,0.5118
188,Lakudo,Buton Tengah,2045,0.0,0.4837,0.0,0.0024,0.0,24.9811,0.0,0.7413
189,Mawasangka Timur,Buton Tengah,2045,0.0,0.0,0.0,0.0,0.0,0.0,0.0,0.0
190,Mawasangka Tengah,Buton Tengah,2045,0.0,0.8536,0.0,-0.0006,0.0,8.7428,0.0,0.4329
191,Mawasangka,Buton Tengah,2045,0.0,0.9413,0.0,0.0058,0.0,10.7014,0.0,0.4471
192,Talaga Raya,Buton Tengah,2045,0.0,0.8051,0.0,0.0071,0.0,7.5331,0.0,0.3629
193,Gu,Buton Tengah,2045,0.0,0.6475,0.0,0.0009,0.0,14.7752,0.0,0.482
194,Sangia Wambulu,Buton Tengah,2045,0.0,0.3752,0.0,-0.0122,0.0,30.3973,0.0,0.612
195,Batauga,Buton Selatan,2045,0.0,1.2129,0.0,0.0008,0.0,26.8868,0.0,0.4371
196,Sampolawa,Buton Selatan,2045,0.0,1.1968,0.0,-0.0001,0.0,28.3767,0.0,0.4077
197,Lapandewa,Buton Selatan,2045,0.0,0.0,0.0,0.0,0.0,0.0,0.0,0.0
198,Batu Atas,Buton Selatan,2045,0.0,1.0455,0.0,0.0,0.0,1.2295,0.0,0.4158
199,Siompu Barat,Buton Selatan,2045,0.0,1.3831,0.0,0.0005,0.0,20.0179,0.0,0.3641
200,Siompu,Buton Selatan,2045,0.0,0.0,0.0,0.0,0.0,0.0,0.0,0.0
201,Kadatua,Buton Selatan,2045,0.0,0.0,0.0,0.0,0.0,0.0,0.0,0.0
202,Mandonga,Kota Kendari,2045,0.0,-0.3998,0.0,0.0021,0.0,-9.4719,0.0,0.6354
203,Kendari,Kota Kendari,2045,0.0,0.1691,0.0,-0.0003,0.0,-6.9739,0.0,0.5147
204,Baruga,Kota Kendari,2045,-0.1892,-0.2273,-0.0015,-0.0017,-10.9446,-12.1591,0.5748,0.5899
205,Poasia,Kota Kendari,2045,0.0,-0.0293,0.0,-0.001,0.0,-8.8569,0.0,0.5449
206,Kendari Barat,Kota Kendari,2045,0.0,-0.0518,0.0,-0.0003,0.0,-8.5385,0.0,0.5501
207,Abeli,Kota Kendari,2045,0.0,0.0481,0.0,-0.0006,0.0,-7.9724,0.0,0.5352
208,Wua-Wua,Kota Kendari,2045,0.0,-0.0401,0.0,0.0019,0.0,-2.481,0.0,0.5191
209,Kadia,Kota Kendari,2045,0.0,-0.573,0.0,-0.0019,0.0,-16.3647,0.0,0.6443
210,Puuwatu,Kota Kendari,2045,0.0,-1.012,0.0,-0.0024,0.0,-24.7467,0.0,0.8308
211,Kambu,Kota Kendari,2045,0.0,-0.1249,0.0,-0.0012,0.0,-10.3968,0.0,0.5703
212,Nambo,Kota Kendari,2045,0.0,0.1191,0.0,-0.0005,0.0,-7.3621,0.0,0.5202
213,Betoambari,Kota Bau Bau,2045,0.0,1.002,0.0,0.0012,0.0,24.9545,0.0,0.449
214,Wolio,Kota Bau Bau,2045,0.0,0.8713,0.0,0.0019,0.0,24.7928,0.0,0.5521
215,Sorawolio,Kota Bau Bau,2045,0.0,0.8382,0.0,0.0021,0.0,25.2638,0.0,0.4954
216,Bungi,Kota Bau Bau,2045,0.3785,0.4383,0.0031,0.0047,25.1904,26.1228,0.5346,0.5255
217,Kokalukuna,Kota Bau Bau,2045,0.0,0.8123,0.0,0.0015,0.0,31.6883,0.0,0.4386
218,Murhum,Kota Bau Bau,2045,0.0,0.9463,0.0,0.0014,0.0,25.56,0.0,0.4416
219,Lea-Lea,Kota Bau Bau,2045,0.2579,0.3102,0.0034,0.0048,25.5036,25.2206,0.5554,0.5234
220,Batupoaro,Kota Bau Bau,2045,0.0,0.0,0.0,0.0,0.0,0.0,0.0,0.0
