id_kecamatan,nama_kecamatan,nama_kabupaten,tahun,jumlah_penduduk_jiwa,luas_hutan_ha,luas_kebun_ha,luas_semak_ha,luas_kering_ha,luas_sawah_ha,luas_tambang_ha,luas_terbangun_ha,luas_air_ha,total_pk_sawah_ton,total_pb_sawah_ton,total_e_sawah_mcal,yield_pk_sawah_ton_ha,yield_pb_sawah_ton_ha,yield_e_sawah_mcal_ha,total_pk_kering_ton,total_pb_kering_ton,total_e_kering_mcal,yield_pk_kering_ton_ha,yield_pb_kering_ton_ha,yield_e_kering_mcal_ha,energi_tersedia_mcal,kebutuhan_energi_mcal,gap_energi_mcal,rasio_energi_kebutuhan,delta_jumlah_penduduk_jiwa,pct_jumlah_penduduk_jiwa,delta_luas_sawah_ha,pct_luas_sawah_ha,delta_luas_kering_ha,pct_luas_kering_ha,delta_total_pk_sawah_ton,pct_total_pk_sawah_ton,delta_total_pb_sawah_ton,pct_total_pb_sawah_ton,delta_total_e_sawah_mcal,pct_total_e_sawah_mcal,delta_yield_pk_sawah_ton_ha,pct_yield_pk_sawah_ton_ha,delta_yield_pb_sawah_ton_ha,pct_yield_pb_sawah_ton_ha,delta_yield_e_sawah_mcal_ha,pct_yield_e_sawah_mcal_ha,delta_total_pk_kering_ton,pct_total_pk_kering_ton,delta_total_pb_kering_ton,pct_total_pb_kering_ton,delta_total_e_kering_mcal,pct_total_e_kering_mcal,delta_yield_pk_kering_ton_ha,pct_yield_pk_kering_ton_ha,delta_yield_pb_kering_ton_ha,pct_yield_pb_kering_ton_ha,delta_yield_e_kering_mcal_ha,pct_yield_e_kering_mcal_ha,delta_energi_tersedia_mcal,pct_energi_tersedia_mcal,delta_kebutuhan_energi_mcal,pct_kebutuhan_energi_mcal,delta_sawah_hurs,delta_kering_hurs,delta_sawah_mrso,delta_kering_mrso,delta_sawah_pr,delta_kering_pr,delta_sawah_tas,delta_kering_tas,indeks_k2_komposit,indeks_sfai,indeks_akses_informasi
0,Wundulako,Kolaka,2020,22377.55,5772.69,0.0,4403.61,3244.77,1036.17,37.71,520.38,963.63,4867.08,3102.76,11076873.0,4.7,2.99,10690.21,78912.81,66815.47,144769072.0,24.32,20.59,44616.13,155845945.0,10291437.0,145554508.0,15.1433,0.0,0.0,0.0,0.0,0.0,0.0,0.0,0.0,0.0,0.0,0.0,0.0,0.0,0.0,0.0,0.0,0.0,0.0,0.0,0.0,0.0,0.0,0.0,0.0,0.0,0.0,0.0,0.0,0.0,0.0,0.0,0.0,0.0,0.0,0.0,0.0,0.0,0.0,0.0,0.0,0.0,0.0,0.3804,0.3804,0.6994
1,Kolaka,Kolaka,2020,45085.61,5643.63,80.64,2238.21,4856.31,382.41,0.0,644.31,130.86,1796.25,1145.11,4088042.5,4.7,2.99,10690.21,118105.47,99999.88,216669760.0,24.32,20.59,44616.13,220757802.5,20734870.0,200022932.5,10.6467,0.0,0.0,0.0,0.0,0.0,0.0,0.0,0.0,0.0,0.0,0.0,0.0,0.0,0.0,0.0,0.0,0.0,0.0,0.0,0.0,0.0,0.0,0.0,0.0,0.0,0.0,0.0,0.0,0.0,0.0,0.0,0.0,0.0,0.0,0.0,0.0,0.0,0.0,0.0,0.0,0.0,0.0,0.3613,0.3613,0.8265
2,Pomalaa,Kolaka,2020,45803.68,6547.23,0.0,5337.36,5930.82,1155.15,1782.81,927.18,675.09,5425.95,3459.05,12348795.0,4.7,2.99,10690.21,144237.56,122125.91,264610208.0,24.32,20.59,44616.13,276959003.0,21065112.0,255893891.0,13.1478,0.0,0.0,0.0,0.0,0.0,0.0,0.0,0.0,0.0,0.0,0.0,0.0,0.0,0.0,0.0,0.0,0.0,0.0,0.0,0.0,0.0,0.0,0.0,0.0,0.0,0.0,0.0,0.0,0.0,0.0,0.0,0.0,0.0,0.0,0.0,0.0,0.0,0.0,0.0,0.0,0.0,0.0,0.3819,0.3819,0.5863
3,Watubangga,Kolaka,2020,20901.96,3242.97,2714.22,5512.23,10479.51,1081.35,0.0,691.47,1044.99,5079.3,3238.05,11559855.0,4.7,2.99,10690.21,254861.69,215791.42,467555168.0,24.32,20.59,44616.13,479115023.0,9612810.0,469502213.0,49.8413,0.0,0.0,0.0,0.0,0.0,0.0,0.0,0.0,0.0,0.0,0.0,0.0,0.0,0.0,0.0,0.0,0.0,0.0,0.0,0.0,0.0,0.0,0.0,0.0,0.0,0.0,0.0,0.0,0.0,0.0,0.0,0.0,0.0,0.0,0.0,0.0,0.0,0.0,0.0,0.0,0.0,0.0,0.4544,0.4544,0.384
4,Wolo,Kolaka,2020,20304.34,38403.72,3.87,3740.31,7757.37,1067.31,450.9,394.02,618.39,5013.35,3196.01,11409764.0,4.7,2.99,10690.21,188659.2,159737.78,346103936.0,24.32,20.59,44616.14,357513700.0,9337970.0,348175730.0,38.286,0.0,0.0,0.0,0.0,0.0,0.0,0.0,0.0,0.0,0.0,0.0,0.0,0.0,0.0,0.0,0.0,0.0,0.0,0.0,0.0,0.0,0.0,0.0,0.0,0.0,0.0,0.0,0.0,0.0,0.0,0.0,0.0,0.0,0.0,0.0,0.0,0.0,0.0,0.0,0.0,0.0,0.0,0.1753,0.1753,0.2669
5,Baula,Kolaka,2020,16835.76,3538.35,0.0,2747.79,5677.83,981.0,0.0,425.34,0.45,4607.94,2937.56,10487094.0,4.7,2.99,10690.21,138084.86,116916.43,253322816.0,24.32,20.59,44616.13,263809910.0,7742768.5,256067141.5,34.0718,0.0,0.0,0.0,0.0,0.0,0.0,0.0,0.0,0.0,0.0,0.0,0.0,0.0,0.0,0.0,0.0,0.0,0.0,0.0,0.0,0.0,0.0,0.0,0.0,0.0,0.0,0.0,0.0,0.0,0.0,0.0,0.0,0.0,0.0,0.0,0.0,0.0,0.0,0.0,0.0,0.0,0.0,0.3755,0.3755,0.6578
6,Latambaga,Kolaka,2020,23565.66,11156.04,0.0,1430.01,8555.31,96.57,0.0,381.15,309.6,453.61,289.17,1032353.44,4.7,2.99,10690.21,208065.16,176168.77,381704800.0,24.32,20.59,44616.13,382737153.44,10837847.0,371899306.44,35.3149,0.0,0.0,0.0,0.0,0.0,0.0,0.0,0.0,0.0,0.0,0.0,0.0,0.0,0.0,0.0,0.0,0.0,0.0,0.0,0.0,0.0,0.0,0.0,0.0,0.0,0.0,0.0,0.0,0.0,0.0,0.0,0.0,0.0,0.0,0.0,0.0,0.0,0.0,0.0,0.0,0.0,0.0,0.2768,0.2768,0.6614
7,Tanggetada,Kolaka,2020,20741.47,8175.6,6447.69,3979.8,7195.95,772.29,56.61,484.11,428.13,3627.59,2312.59,8255940.0,4.7,2.99,10690.21,175005.55,148177.14,321055456.0,24.32,20.59,44616.13,329311396.0,9539003.0,319772393.0,34.5226,0.0,0.0,0.0,0.0,0.0,0.0,0.0,0.0,0.0,0.0,0.0,0.0,0.0,0.0,0.0,0.0,0.0,0.0,0.0,0.0,0.0,0.0,0.0,0.0,0.0,0.0,0.0,0.0,0.0,0.0,0.0,0.0,0.0,0.0,0.0,0.0,0.0,0.0,0.0,0.0,0.0,0.0,0.4337,0.4337,0.4961
8,Samaturu,Kolaka,2020,25582.31,30444.84,3.87,1419.66,18104.13,1342.8,0.0,389.16,1483.47,6307.38,4020.96,14354811.0,4.7,2.99,10690.21,440292.47,372795.56,807736128.0,24.32,20.59,44616.13,822090939.0,11765307.0,810325632.0,69.8742,0.0,0.0,0.0,0.0,0.0,0.0,0.0,0.0,0.0,0.0,0.0,0.0,0.0,0.0,0.0,0.0,0.0,0.0,0.0,0.0,0.0,0.0,0.0,0.0,0.0,0.0,0.0,0.0,0.0,0.0,0.0,0.0,0.0,0.0,0.0,0.0,0.0,0.0,0.0,0.0,0.0,0.0,0.231,0.231,0.4147
9,Toari,Kolaka,2020,10670.48,90.45,14.49,4090.59,4865.67,0.0,0.0,477.18,139.59,0.0,0.0,0.0,0.0,0.0,0.0,118333.09,100192.63,217087408.0,24.32,20.59,44616.14,217087408.0,4907354.5,212180053.5,44.2372,0.0,0.0,0.0,0.0,0.0,0.0,0.0,0.0,0.0,0.0,0.0,0.0,0.0,0.0,0.0,0.0,0.0,0.0,0.0,0.0,0.0,0.0,0.0,0.0,0.0,0.0,0.0,0.0,0.0,0.0,0.0,0.0,0.0,0.0,0.0,0.0,0.0,0.0,0.0,0.0,0.0,0.0,0.4946,0.4946,0.3725
10,Polinggona,Kolaka,2020,12047.57,5708.07,4948.11,1587.24,7705.17,413.01,0.0,346.23,0.0,1939.98,1236.74,4415163.0,4.7,2.99,10690.21,187389.78,158662.89,343774880.0,24.32,20.59,44616.13,348190043.0,5540675.0,342649368.0,62.8425,0.0,0.0,0.0,0.0,0.0,0.0,0.0,0.0,0.0,0.0,0.0,0.0,0.0,0.0,0.0,0.0,0.0,0.0,0.0,0.0,0.0,0.0,0.0,0.0,0.0,0.0,0.0,0.0,0.0,0.0,0.0,0.0,0.0,0.0,0.0,0.0,0.0,0.0,0.0,0.0,0.0,0.0,0.3464,0.3464,0.3879
11,Iwoimendaa,Kolaka,2020,6869.5,15199.56,0.0,567.18,3820.77,208.44,0.0,92.16,34.02,979.08,624.16,2228266.75,4.7,2.99,10690.21,92921.13,78676.3,170467968.0,24.32,20.59,44616.13,172696234.75,3159282.75,169536952.0,54.6631,0.0,0.0,0.0,0.0,0.0,0.0,0.0,0.0,0.0,0.0,0.0,0.0,0.0,0.0,0.0,0.0,0.0,0.0,0.0,0.0,0.0,0.0,0.0,0.0,0.0,0.0,0.0,0.0,0.0,0.0,0.0,0.0,0.0,0.0,0.0,0.0,0.0,0.0,0.0,0.0,0.0,0.0,0.265,0.265,0.2316
12,Lambuya,Konawe,2020,9073.22,4221.27,98.37,1905.93,1319.31,2117.52,0.0,115.2,37.26,8486.0,5409.82,19313074.0,4.01,2.55,9120.61,13958.3,11818.49,25607130.0,10.58,8.96,19409.49,44920204.0,4172776.0,40747428.0,10.7651,0.0,0.0,0.0,0.0,0.0,0.0,0.0,0.0,0.0,0.0,0.0,0.0,0.0,0.0,0.0,0.0,0.0,0.0,0.0,0.0,0.0,0.0,0.0,0.0,0.0,0.0,0.0,0.0,0.0,0.0,0.0,0.0,0.0,0.0,0.0,0.0,0.0,0.0,0.0,0.0,0.0,0.0,0.4534,0.4534,0.6654
13,Unaaha,Konawe,2020,14230.88,65.79,0.0,297.63,326.88,886.86,0.0,1098.36,40.32,3554.11,2265.74,8088704.0,4.01,2.55,9120.61,3458.39,2928.22,6344572.5,10.58,8.96,19409.49,14433276.5,6544780.0,7888496.5,2.2053,0.0,0.0,0.0,0.0,0.0,0.0,0.0,0.0,0.0,0.0,0.0,0.0,0.0,0.0,0.0,0.0,0.0,0.0,0.0,0.0,0.0,0.0,0.0,0.0,0.0,0.0,0.0,0.0,0.0,0.0,0.0,0.0,0.0,0.0,0.0,0.0,0.0,0.0,0.0,0.0,0.0,0.0,0.6973,0.6973,0.9992
14,Wawotobi,Konawe,2020,11379.16,122.4,561.42,1850.31,2532.96,1910.79,0.0,416.7,0.0,7657.52,4881.67,17427570.0,4.01,2.55,9120.61,26798.72,22690.47,49163448.0,10.58,8.96,19409.48,66591018.0,5233276.0,61357742.0,12.7245,0.0,0.0,0.0,0.0,0.0,0.0,0.0,0.0,0.0,0.0,0.0,0.0,0.0,0.0,0.0,0.0,0.0,0.0,0.0,0.0,0.0,0.0,0.0,0.0,0.0,0.0,0.0,0.0,0.0,0.0,0.0,0.0,0.0,0.0,0.0,0.0,0.0,0.0,0.0,0.0,0.0,0.0,0.6299,0.6299,0.7727
15,Pondidaha,Konawe,2020,11404.64,729.9,917.1,5075.91,2214.45,1112.31,0.0,103.68,43.83,4457.6,2841.72,10144945.0,4.01,2.55,9120.61,23428.88,19837.23,42981336.0,10.58,8.96,19409.49,53126281.0,5244992.5,47881288.5,10.129,0.0,0.0,0.0,0.0,0.0,0.0,0.0,0.0,0.0,0.0,0.0,0.0,0.0,0.0,0.0,0.0,0.0,0.0,0.0,0.0,0.0,0.0,0.0,0.0,0.0,0.0,0.0,0.0,0.0,0.0,0.0,0.0,0.0,0.0,0.0,0.0,0.0,0.0,0.0,0.0,0.0,0.0,0.6315,0.6315,0.5494
16,Sampara,Konawe,2020,2471.99,902.97,251.73,3256.92,141.66,0.0,0.0,43.11,72.9,0.0,0.0,0.0,0.0,0.0,0.0,1498.76,1269.0,2749547.75,10.58,8.96,19409.49,2749547.75,1136869.0,1612678.75,2.4185,0.0,0.0,0.0,0.0,0.0,0.0,0.0,0.0,0.0,0.0,0.0,0.0,0.0,0.0,0.0,0.0,0.0,0.0,0.0,0.0,0.0,0.0,0.0,0.0,0.0,0.0,0.0,0.0,0.0,0.0,0.0,0.0,0.0,0.0,0.0,0.0,0.0,0.0,0.0,0.0,0.0,0.0,0.6277,0.6277,0.8408
17,Abuki,Konawe,2020,9256.7,13684.32,426.42,2116.17,3033.0,981.09,0.0,151.83,89.82,3931.74,2506.48,8948140.0,4.01,2.55,9120.61,32089.14,27169.88,58868972.0,10.58,8.96,19409.49,67817112.0,4257158.5,63559953.5,15.9301,0.0,0.0,0.0,0.0,0.0,0.0,0.0,0.0,0.0,0.0,0.0,0.0,0.0,0.0,0.0,0.0,0.0,0.0,0.0,0.0,0.0,0.0,0.0,0.0,0.0,0.0,0.0,0.0,0.0,0.0,0.0,0.0,0.0,0.0,0.0,0.0,0.0,0.0,0.0,0.0,0.0,0.0,0.3002,0.3002,0.5353
18,Soropia,Konawe,2020,6459.23,96.03,0.0,3676.32,1246.23,0.0,0.0,129.96,23.49,0.0,0.0,0.0,0.0,0.0,0.0,13185.12,11163.84,24188682.0,10.58,8.96,19409.48,24188682.0,2970600.25,21218081.75,8.1427,0.0,0.0,0.0,0.0,0.0,0.0,0.0,0.0,0.0,0.0,0.0,0.0,0.0,0.0,0.0,0.0,0.0,0.0,0.0,0.0,0.0,0.0,0.0,0.0,0.0,0.0,0.0,0.0,0.0,0.0,0.0,0.0,0.0,0.0,0.0,0.0,0.0,0.0,0.0,0.0,0.0,0.0,0.6611,0.6611,0.8379
19,Tongauna,Konawe,2020,5989.43,717.12,0.0,947.34,615.69,2002.95,0.0,422.1,20.88,8026.86,5117.12,18268126.0,4.01,2.55,9120.61,6514.0,5515.4,11950226.0,10.58,8.96,19409.49,30218352.0,2754537.25,27463814.75,10.9704,0.0,0.0,0.0,0.0,0.0,0.0,0.0,0.0,0.0,0.0,0.0,0.0,0.0,0.0,0.0,0.0,0.0,0.0,0.0,0.0,0.0,0.0,0.0,0.0,0.0,0.0,0.0,0.0,0.0,0.0,0.0,0.0,0.0,0.0,0.0,0.0,0.0,0.0,0.0,0.0,0.0,0.0,0.5251,0.5251,0.91
20,Latoma,Konawe,2020,11031.35,89793.09,0.0,2832.75,2119.68,0.0,0.0,70.11,88.02,0.0,0.0,0.0,0.0,0.0,0.0,22426.21,18988.28,41141900.0,10.58,8.96,19409.49,41141900.0,5073322.0,36068578.0,8.1095,0.0,0.0,0.0,0.0,0.0,0.0,0.0,0.0,0.0,0.0,0.0,0.0,0.0,0.0,0.0,0.0,0.0,0.0,0.0,0.0,0.0,0.0,0.0,0.0,0.0,0.0,0.0,0.0,0.0,0.0,0.0,0.0,0.0,0.0,0.0,0.0,0.0,0.0,0.0,0.0,0.0,0.0,0.1344,0.1344,0.1967
21,Puriala,Konawe,2020,10274.9,1855.44,216.99,5900.13,1002.33,4775.94,0.0,89.37,52.38,19139.66,12201.54,43559480.0,4.01,2.55,9120.61,10604.65,8978.96,19454708.0,10.58,8.96,19409.48,63014188.0,4725427.0,58288761.0,13.3351,0.0,0.0,0.0,0.0,0.0,0.0,0.0,0.0,0.0,0.0,0.0,0.0,0.0,0.0,0.0,0.0,0.0,0.0,0.0,0.0,0.0,0.0,0.0,0.0,0.0,0.0,0.0,0.0,0.0,0.0,0.0,0.0,0.0,0.0,0.0,0.0,0.0,0.0,0.0,0.0,0.0,0.0,0.4974,0.4974,0.4845
22,Uepai,Konawe,2020,13510.29,7061.58,24.66,1841.49,2307.69,1319.49,0.0,526.77,157.23,5287.88,3371.02,12034553.0,4.01,2.55,9120.61,24415.36,20672.49,44791072.0,10.58,8.96,19409.48,56825625.0,6213384.5,50612240.5,9.1457,0.0,0.0,0.0,0.0,0.0,0.0,0.0,0.0,0.0,0.0,0.0,0.0,0.0,0.0,0.0,0.0,0.0,0.0,0.0,0.0,0.0,0.0,0.0,0.0,0.0,0.0,0.0,0.0,0.0,0.0,0.0,0.0,0.0,0.0,0.0,0.0,0.0,0.0,0.0,0.0,0.0,0.0,0.3626,0.3626,0.877
23,Wonggeduku,Konawe,2020,8211.86,0.0,590.31,2284.02,707.31,2555.28,0.0,377.01,39.87,10240.33,6528.21,23305712.0,4.01,2.55,9120.61,7483.34,6336.14,13728524.0,10.58,8.96,19409.49,37034236.0,3776633.75,33257602.25,9.8061,0.0,0.0,0.0,0.0,0.0,0.0,0.0,0.0,0.0,0.0,0.0,0.0,0.0,0.0,0.0,0.0,0.0,0.0,0.0,0.0,0.0,0.0,0.0,0.0,0.0,0.0,0.0,0.0,0.0,0.0,0.0,0.0,0.0,0.0,0.0,0.0,0.0,0.0,0.0,0.0,0.0,0.0,0.6171,0.6171,0.5598
24,Besulutu,Konawe,2020,3397.82,1783.17,1789.2,3542.85,2462.49,0.18,0.0,40.77,85.5,0.72,0.46,1641.71,4.01,2.55,9120.61,26053.14,22059.2,47795672.0,10.58,8.96,19409.49,47797313.71,1562657.5,46234656.21,30.5872,0.0,0.0,0.0,0.0,0.0,0.0,0.0,0.0,0.0,0.0,0.0,0.0,0.0,0.0,0.0,0.0,0.0,0.0,0.0,0.0,0.0,0.0,0.0,0.0,0.0,0.0,0.0,0.0,0.0,0.0,0.0,0.0,0.0,0.0,0.0,0.0,0.0,0.0,0.0,0.0,0.0,0.0,0.5716,0.5716,0.6214
25,Bondoala,Konawe,2020,1423.38,0.0,0.0,1189.8,350.73,0.0,6.75,217.8,1014.75,0.0,0.0,0.0,0.0,0.0,0.0,3710.72,3141.87,6807489.0,10.58,8.96,19409.49,6807489.0,654610.25,6152878.75,10.3993,0.0,0.0,0.0,0.0,0.0,0.0,0.0,0.0,0.0,0.0,0.0,0.0,0.0,0.0,0.0,0.0,0.0,0.0,0.0,0.0,0.0,0.0,0.0,0.0,0.0,0.0,0.0,0.0,0.0,0.0,0.0,0.0,0.0,0.0,0.0,0.0,0.0,0.0,0.0,0.0,0.0,0.0,0.6366,0.6366,0.7697
26,Routa,Konawe,2020,8508.49,149206.23,1651.23,10620.63,7734.51,0.0,39.06,69.21,505.71,0.0,0.0,0.0,0.0,0.0,0.0,81831.12,69286.39,150122800.0,10.58,8.96,19409.48,150122800.0,3913048.75,146209751.25,38.3647,0.0,0.0,0.0,0.0,0.0,0.0,0.0,0.0,0.0,0.0,0.0,0.0,0.0,0.0,0.0,0.0,0.0,0.0,0.0,0.0,0.0,0.0,0.0,0.0,0.0,0.0,0.0,0.0,0.0,0.0,0.0,0.0,0.0,0.0,0.0,0.0,0.0,0.0,0.0,0.0,0.0,0.0,0.1278,0.1278,0.1017
27,Anggaberi,Konawe,2020,6274.03,6286.86,1180.98,1816.65,1787.58,418.05,0.0,182.34,0.0,1675.34,1068.03,3812870.75,4.01,2.55,9120.61,18912.6,16013.3,34696004.0,10.58,8.96,19409.48,38508874.75,2885426.25,35623448.5,13.346,0.0,0.0,0.0,0.0,0.0,0.0,0.0,0.0,0.0,0.0,0.0,0.0,0.0,0.0,0.0,0.0,0.0,0.0,0.0,0.0,0.0,0.0,0.0,0.0,0.0,0.0,0.0,0.0,0.0,0.0,0.0,0.0,0.0,0.0,0.0,0.0,0.0,0.0,0.0,0.0,0.0,0.0,0.315,0.315,0.7118
28,Meluhu,Konawe,2020,8605.52,6464.43,2215.98,1716.75,1312.29,873.81,0.0,346.5,0.0,3501.81,2232.4,7969680.0,4.01,2.55,9120.61,13884.03,11755.61,25470872.0,10.58,8.96,19409.48,33440552.0,3957677.5,29482874.5,8.4495,0.0,0.0,0.0,0.0,0.0,0.0,0.0,0.0,0.0,0.0,0.0,0.0,0.0,0.0,0.0,0.0,0.0,0.0,0.0,0.0,0.0,0.0,0.0,0.0,0.0,0.0,0.0,0.0,0.0,0.0,0.0,0.0,0.0,0.0,0.0,0.0,0.0,0.0,0.0,0.0,0.0,0.0,0.4974,0.4974,0.6353
29,Amonggedo,Konawe,2020,13405.13,8338.86,1445.94,3094.2,1605.6,1655.82,21.78,713.7,0.0,6635.73,4230.28,15102087.0,4.01,2.55,9120.61,16987.25,14383.1,31163870.0,10.58,8.96,19409.49,46265957.0,6165019.5,40100937.5,7.5046,0.0,0.0,0.0,0.0,0.0,0.0,0.0,0.0,0.0,0.0,0.0,0.0,0.0,0.0,0.0,0.0,0.0,0.0,0.0,0.0,0.0,0.0,0.0,0.0,0.0,0.0,0.0,0.0,0.0,0.0,0.0,0.0,0.0,0.0,0.0,0.0,0.0,0.0,0.0,0.0,0.0,0.0,0.3694,0.3694,0.5954
30,Asinua,Konawe,2020,9005.1,30931.11,0.0,3694.59,2026.8,179.19,0.0,58.41,102.69,718.11,457.79,1634322.12,4.01,2.55,9120.61,21443.54,18156.25,39339140.0,10.58,8.96,19409.48,40973462.12,4141441.75,36832020.38,9.8935,0.0,0.0,0.0,0.0,0.0,0.0,0.0,0.0,0.0,0.0,0.0,0.0,0.0,0.0,0.0,0.0,0.0,0.0,0.0,0.0,0.0,0.0,0.0,0.0,0.0,0.0,0.0,0.0,0.0,0.0,0.0,0.0,0.0,0.0,0.0,0.0,0.0,0.0,0.0,0.0,0.0,0.0,0.214,0.214,0.383
31,Konawe,Konawe,2020,5050.74,0.0,16.29,496.35,1271.52,347.04,0.0,221.31,63.36,1390.77,886.62,3165216.25,4.01,2.55,9120.61,13452.68,11390.39,24679548.0,10.58,8.96,19409.48,27844764.25,2322835.0,25521929.25,11.9874,0.0,0.0,0.0,0.0,0.0,0.0,0.0,0.0,0.0,0.0,0.0,0.0,0.0,0.0,0.0,0.0,0.0,0.0,0.0,0.0,0.0,0.0,0.0,0.0,0.0,0.0,0.0,0.0,0.0,0.0,0.0,0.0,0.0,0.0,0.0,0.0,0.0,0.0,0.0,0.0,0.0,0.0,0.6418,0.6418,0.8033
32,Kapoiala,Konawe,2020,1389.31,215.01,1.62,1116.72,290.16,0.0,0.0,24.84,1874.43,0.0,0.0,0.0,0.0,0.0,0.0,3069.89,2599.28,5631856.0,10.58,8.96,19409.48,5631856.0,638945.19,4992910.81,8.8143,0.0,0.0,0.0,0.0,0.0,0.0,0.0,0.0,0.0,0.0,0.0,0.0,0.0,0.0,0.0,0.0,0.0,0.0,0.0,0.0,0.0,0.0,0.0,0.0,0.0,0.0,0.0,0.0,0.0,0.0,0.0,0.0,0.0,0.0,0.0,0.0,0.0,0.0,0.0,0.0,0.0,0.0,0.6249,0.6249,0.7796
33,Lalonggasumeeto,Konawe,2020,5119.84,36.18,0.0,2789.1,234.27,0.0,0.0,147.6,0.0,0.0,0.0,0.0,0.0,0.0,0.0,2478.58,2098.61,4547060.0,10.58,8.96,19409.48,4547060.0,2354615.75,2192444.25,1.9311,0.0,0.0,0.0,0.0,0.0,0.0,0.0,0.0,0.0,0.0,0.0,0.0,0.0,0.0,0.0,0.0,0.0,0.0,0.0,0.0,0.0,0.0,0.0,0.0,0.0,0.0,0.0,0.0,0.0,0.0,0.0,0.0,0.0,0.0,0.0,0.0,0.0,0.0,0.0,0.0,0.0,0.0,0.5654,0.5654,0.8921
34,Onembute,Konawe,2020,9150.61,7021.44,181.98,3702.96,2193.93,1981.71,0.0,128.79,0.0,7941.74,5062.86,18074404.0,4.01,2.55,9120.61,23211.78,19653.41,42583052.0,10.58,8.96,19409.49,60657456.0,4208364.5,56449091.5,14.4135,0.0,0.0,0.0,0.0,0.0,0.0,0.0,0.0,0.0,0.0,0.0,0.0,0.0,0.0,0.0,0.0,0.0,0.0,0.0,0.0,0.0,0.0,0.0,0.0,0.0,0.0,0.0,0.0,0.0,0.0,0.0,0.0,0.0,0.0,0.0,0.0,0.0,0.0,0.0,0.0,0.0,0.0,0.3535,0.3535,0.4966
35,Padangguni,Konawe,2020,8505.04,15822.99,57.15,1122.39,2258.91,2067.48,0.0,526.14,0.0,8285.46,5281.98,18856678.0,4.01,2.55,9120.61,23899.27,20235.51,43844284.0,10.58,8.96,19409.49,62700962.0,3911467.0,58789495.0,16.03,0.0,0.0,0.0,0.0,0.0,0.0,0.0,0.0,0.0,0.0,0.0,0.0,0.0,0.0,0.0,0.0,0.0,0.0,0.0,0.0,0.0,0.0,0.0,0.0,0.0,0.0,0.0,0.0,0.0,0.0,0.0,0.0,0.0,0.0,0.0,0.0,0.0,0.0,0.0,0.0,0.0,0.0,0.2424,0.2424,0.4054
36,Morosi,Konawe,2020,3209.07,5502.6,199.26,1763.91,1357.83,1005.57,692.64,188.46,1219.41,4029.84,2569.02,9171411.0,4.01,2.55,9120.61,14365.84,12163.56,26354780.0,10.58,8.96,19409.48,35526191.0,1475852.5,34050338.5,24.0716,0.0,0.0,0.0,0.0,0.0,0.0,0.0,0.0,0.0,0.0,0.0,0.0,0.0,0.0,0.0,0.0,0.0,0.0,0.0,0.0,0.0,0.0,0.0,0.0,0.0,0.0,0.0,0.0,0.0,0.0,0.0,0.0,0.0,0.0,0.0,0.0,0.0,0.0,0.0,0.0,0.0,0.0,0.4911,0.4911,0.6184
37,Anggalomoare,Konawe,2020,1578.02,0.0,12.6,1755.45,0.36,0.0,0.0,72.09,35.37,0.0,0.0,0.0,0.0,0.0,0.0,3.81,3.22,6987.41,10.58,8.96,19409.48,6987.41,725732.19,-718744.77,0.0096,0.0,0.0,0.0,0.0,0.0,0.0,0.0,0.0,0.0,0.0,0.0,0.0,0.0,0.0,0.0,0.0,0.0,0.0,0.0,0.0,0.0,0.0,0.0,0.0,0.0,0.0,0.0,0.0,0.0,0.0,0.0,0.0,0.0,0.0,0.0,0.0,0.0,0.0,0.0,0.0,0.0,0.0,0.6305,0.6305,0.871
38,Wonggeduku Barat,Konawe,2020,5214.68,0.0,0.0,296.82,724.41,2366.19,0.0,193.14,44.82,9482.55,6045.12,21581096.0,4.01,2.55,9120.61,7664.26,6489.33,14060425.0,10.58,8.96,19409.48,35641521.0,2398233.25,33243287.75,14.8616,0.0,0.0,0.0,0.0,0.0,0.0,0.0,0.0,0.0,0.0,0.0,0.0,0.0,0.0,0.0,0.0,0.0,0.0,0.0,0.0,0.0,0.0,0.0,0.0,0.0,0.0,0.0,0.0,0.0,0.0,0.0,0.0,0.0,0.0,0.0,0.0,0.0,0.0,0.0,0.0,0.0,0.0,0.5961,0.5961,0.6443
39,Tongauna Utara,Konawe,2020,6722.55,9738.0,896.4,1820.34,447.12,3776.04,0.0,195.84,8.1,15132.55,9647.0,34439788.0,4.01,2.55,9120.61,4730.53,4005.34,8678369.0,10.58,8.96,19409.49,43118157.0,3091702.75,40026454.25,13.9464,0.0,0.0,0.0,0.0,0.0,0.0,0.0,0.0,0.0,0.0,0.0,0.0,0.0,0.0,0.0,0.0,0.0,0.0,0.0,0.0,0.0,0.0,0.0,0.0,0.0,0.0,0.0,0.0,0.0,0.0,0.0,0.0,0.0,0.0,0.0,0.0,0.0,0.0,0.0,0.0,0.0,0.0,0.2745,0.2745,0.614
40,Napabalano,Muna,2020,10686.95,1958.67,32.31,271.8,4883.31,0.0,0.0,209.79,513.99,0.0,0.0,0.0,0.0,0.0,0.0,39164.14,33160.28,71848392.0,8.02,6.79,14713.05,71848392.0,4914926.5,66933465.5,14.6184,0.0,0.0,0.0,0.0,0.0,0.0,0.0,0.0,0.0,0.0,0.0,0.0,0.0,0.0,0.0,0.0,0.0,0.0,0.0,0.0,0.0,0.0,0.0,0.0,0.0,0.0,0.0,0.0,0.0,0.0,0.0,0.0,0.0,0.0,0.0,0.0,0.0,0.0,0.0,0.0,0.0,0.0,0.5029,0.5029,0.3268
41,Maligano,Muna,2020,4321.62,7429.23,0.0,277.92,3795.57,0.0,0.0,228.96,33.66,0.0,0.0,0.0,0.0,0.0,0.0,30440.47,25773.95,55844420.0,8.02,6.79,14713.05,55844420.0,1987514.88,53856905.12,28.0976,0.0,0.0,0.0,0.0,0.0,0.0,0.0,0.0,0.0,0.0,0.0,0.0,0.0,0.0,0.0,0.0,0.0,0.0,0.0,0.0,0.0,0.0,0.0,0.0,0.0,0.0,0.0,0.0,0.0,0.0,0.0,0.0,0.0,0.0,0.0,0.0,0.0,0.0,0.0,0.0,0.0,0.0,0.434,0.434,0.4539
42,Wakorumba Selatan,Muna,2020,2880.32,5779.26,0.0,2363.94,1136.97,0.0,0.0,120.42,0.0,0.0,0.0,0.0,0.0,0.0,0.0,9118.5,7720.63,16728298.0,8.02,6.79,14713.05,16728298.0,1324661.25,15403636.75,12.6284,0.0,0.0,0.0,0.0,0.0,0.0,0.0,0.0,0.0,0.0,0.0,0.0,0.0,0.0,0.0,0.0,0.0,0.0,0.0,0.0,0.0,0.0,0.0,0.0,0.0,0.0,0.0,0.0,0.0,0.0,0.0,0.0,0.0,0.0,0.0,0.0,0.0,0.0,0.0,0.0,0.0,0.0,0.5047,0.5047,0.4196
43,Lasalepa,Muna,2020,15857.36,642.78,10.35,531.0,8371.53,0.0,0.0,276.57,96.93,0.0,0.0,0.0,0.0,0.0,0.0,67139.67,56847.15,123170736.0,8.02,6.79,14713.05,123170736.0,7292801.5,115877934.5,16.8894,0.0,0.0,0.0,0.0,0.0,0.0,0.0,0.0,0.0,0.0,0.0,0.0,0.0,0.0,0.0,0.0,0.0,0.0,0.0,0.0,0.0,0.0,0.0,0.0,0.0,0.0,0.0,0.0,0.0,0.0,0.0,0.0,0.0,0.0,0.0,0.0,0.0,0.0,0.0,0.0,0.0,0.0,0.5526,0.5526,0.3229
44,Batalaiworu,Muna,2020,10361.82,23.13,0.0,129.33,1244.34,0.0,0.0,443.25,171.27,0.0,0.0,0.0,0.0,0.0,0.0,9979.61,8449.73,18308038.0,8.02,6.79,14713.05,18308038.0,4765400.0,13542638.0,3.8419,0.0,0.0,0.0,0.0,0.0,0.0,0.0,0.0,0.0,0.0,0.0,0.0,0.0,0.0,0.0,0.0,0.0,0.0,0.0,0.0,0.0,0.0,0.0,0.0,0.0,0.0,0.0,0.0,0.0,0.0,0.0,0.0,0.0,0.0,0.0,0.0,0.0,0.0,0.0,0.0,0.0,0.0,0.707,0.707,0.3286
45,Katobu,Muna,2020,13949.12,0.0,0.0,146.7,205.83,0.0,0.0,423.45,91.08,0.0,0.0,0.0,0.0,0.0,0.0,1650.76,1397.7,3028387.0,8.02,6.79,14713.05,3028387.0,6415202.0,-3386815.0,0.4721,0.0,0.0,0.0,0.0,0.0,0.0,0.0,0.0,0.0,0.0,0.0,0.0,0.0,0.0,0.0,0.0,0.0,0.0,0.0,0.0,0.0,0.0,0.0,0.0,0.0,0.0,0.0,0.0,0.0,0.0,0.0,0.0,0.0,0.0,0.0,0.0,0.0,0.0,0.0,0.0,0.0,0.0,0.8435,0.8435,0.3344
46,Duruka,Muna,2020,6323.39,22.14,0.0,423.18,734.4,0.0,0.0,143.37,23.49,0.0,0.0,0.0,0.0,0.0,0.0,5889.89,4986.97,10805266.0,8.02,6.79,14713.05,10805266.0,2908127.5,7897138.5,3.7155,0.0,0.0,0.0,0.0,0.0,0.0,0.0,0.0,0.0,0.0,0.0,0.0,0.0,0.0,0.0,0.0,0.0,0.0,0.0,0.0,0.0,0.0,0.0,0.0,0.0,0.0,0.0,0.0,0.0,0.0,0.0,0.0,0.0,0.0,0.0,0.0,0.0,0.0,0.0,0.0,0.0,0.0,0.7142,0.7142,0.3454
47,Lohia,Muna,2020,11233.53,2521.62,0.0,4024.44,1678.05,0.0,0.0,177.12,22.14,0.0,0.0,0.0,0.0,0.0,0.0,13457.96,11394.86,24689236.0,8.02,6.79,14713.05,24689236.0,5166302.5,19522933.5,4.7789,0.0,0.0,0.0,0.0,0.0,0.0,0.0,0.0,0.0,0.0,0.0,0.0,0.0,0.0,0.0,0.0,0.0,0.0,0.0,0.0,0.0,0.0,0.0,0.0,0.0,0.0,0.0,0.0,0.0,0.0,0.0,0.0,0.0,0.0,0.0,0.0,0.0,0.0,0.0,0.0,0.0,0.0,0.4811,0.4811,0.3571
48,Watopute,Muna,2020,12923.49,32.4,229.5,925.38,8838.63,0.0,0.0,342.81,0.0,0.0,0.0,0.0,0.0,0.0,0.0,70885.8,60019.02,130043232.0,8.02,6.79,14713.05,130043232.0,5943514.0,124099718.0,21.8799,0.0,0.0,0.0,0.0,0.0,0.0,0.0,0.0,0.0,0.0,0.0,0.0,0.0,0.0,0.0,0.0,0.0,0.0,0.0,0.0,0.0,0.0,0.0,0.0,0.0,0.0,0.0,0.0,0.0,0.0,0.0,0.0,0.0,0.0,0.0,0.0,0.0,0.0,0.0,0.0,0.0,0.0,0.4451,0.4451,0.3489
49,Kontunaga,Muna,2020,6394.85,0.0,21.6,1201.32,2770.2,0.0,0.0,168.57,0.0,0.0,0.0,0.0,0.0,0.0,0.0,22217.0,18811.13,40758096.0,8.02,6.79,14713.05,40758096.0,2940992.25,37817103.75,13.8586,0.0,0.0,0.0,0.0,0.0,0.0,0.0,0.0,0.0,0.0,0.0,0.0,0.0,0.0,0.0,0.0,0.0,0.0,0.0,0.0,0.0,0.0,0.0,0.0,0.0,0.0,0.0,0.0,0.0,0.0,0.0,0.0,0.0,0.0,0.0,0.0,0.0,0.0,0.0,0.0,0.0,0.0,0.5722,0.5722,0.3593
50,Kabangka,Muna,2020,11792.37,770.49,0.0,350.19,6363.27,82.89,0.0,531.9,281.7,259.57,165.47,590745.19,3.13,2.0,7126.86,51033.42,43210.0,93623120.0,8.02,6.79,14713.05,94213865.19,5423311.5,88790553.69,17.372,0.0,0.0,0.0,0.0,0.0,0.0,0.0,0.0,0.0,0.0,0.0,0.0,0.0,0.0,0.0,0.0,0.0,0.0,0.0,0.0,0.0,0.0,0.0,0.0,0.0,0.0,0.0,0.0,0.0,0.0,0.0,0.0,0.0,0.0,0.0,0.0,0.0,0.0,0.0,0.0,0.0,0.0,0.5517,0.5517,0.7346
51,Kabawo,Muna,2020,14865.3,2167.29,0.0,1888.65,10286.37,70.83,26.64,340.11,1030.05,221.8,141.4,504795.34,3.13,2.0,7126.86,82496.68,69849.92,151343888.0,8.02,6.79,14713.05,151848683.34,6836553.0,145012130.34,22.2113,0.0,0.0,0.0,0.0,0.0,0.0,0.0,0.0,0.0,0.0,0.0,0.0,0.0,0.0,0.0,0.0,0.0,0.0,0.0,0.0,0.0,0.0,0.0,0.0,0.0,0.0,0.0,0.0,0.0,0.0,0.0,0.0,0.0,0.0,0.0,0.0,0.0,0.0,0.0,0.0,0.0,0.0,0.501,0.501,0.5344
52,Parigi,Muna,2020,15853.71,1622.61,0.0,3104.55,7252.02,73.35,0.0,359.91,906.66,229.69,146.43,522754.97,3.13,2.0,7126.86,58161.2,49245.08,106699336.0,8.02,6.79,14713.05,107222090.97,7291120.0,99930970.97,14.7058,0.0,0.0,0.0,0.0,0.0,0.0,0.0,0.0,0.0,0.0,0.0,0.0,0.0,0.0,0.0,0.0,0.0,0.0,0.0,0.0,0.0,0.0,0.0,0.0,0.0,0.0,0.0,0.0,0.0,0.0,0.0,0.0,0.0,0.0,0.0,0.0,0.0,0.0,0.0,0.0,0.0,0.0,0.5259,0.5259,0.5444
53,Bone,Muna,2020,10829.42,786.96,0.0,3685.5,6784.56,0.0,0.0,44.64,0.0,0.0,0.0,0.0,0.0,0.0,0.0,54412.16,46070.78,99821592.0,8.02,6.79,14713.05,99821592.0,4980450.0,94841142.0,20.0427,0.0,0.0,0.0,0.0,0.0,0.0,0.0,0.0,0.0,0.0,0.0,0.0,0.0,0.0,0.0,0.0,0.0,0.0,0.0,0.0,0.0,0.0,0.0,0.0,0.0,0.0,0.0,0.0,0.0,0.0,0.0,0.0,0.0,0.0,0.0,0.0,0.0,0.0,0.0,0.0,0.0,0.0,0.5334,0.5334,0.5586
54,Tongkuno,Muna,2020,30784.07,11028.96,0.0,13829.22,10108.89,0.0,0.0,398.61,0.0,0.0,0.0,0.0,0.0,0.0,0.0,81073.32,68644.77,148732640.0,8.02,6.79,14713.05,148732640.0,14157596.0,134575044.0,10.5055,0.0,0.0,0.0,0.0,0.0,0.0,0.0,0.0,0.0,0.0,0.0,0.0,0.0,0.0,0.0,0.0,0.0,0.0,0.0,0.0,0.0,0.0,0.0,0.0,0.0,0.0,0.0,0.0,0.0,0.0,0.0,0.0,0.0,0.0,0.0,0.0,0.0,0.0,0.0,0.0,0.0,0.0,0.4247,0.4247,0.5103
55,Pasir Putih,Muna,2020,3355.33,5553.99,0.0,2572.74,1827.9,0.0,0.0,66.51,0.0,0.0,0.0,0.0,0.0,0.0,0.0,14659.76,12412.42,26893988.0,8.02,6.79,14713.05,26893988.0,1543115.25,25350872.75,17.4284,0.0,0.0,0.0,0.0,0.0,0.0,0.0,0.0,0.0,0.0,0.0,0.0,0.0,0.0,0.0,0.0,0.0,0.0,0.0,0.0,0.0,0.0,0.0,0.0,0.0,0.0,0.0,0.0,0.0,0.0,0.0,0.0,0.0,0.0,0.0,0.0,0.0,0.0,0.0,0.0,0.0,0.0,0.5055,0.5055,0.4187
56,Kontu Kowuna,Muna,2020,3825.0,46.26,0.0,108.63,3131.28,0.0,0.0,289.62,0.0,0.0,0.0,0.0,0.0,0.0,0.0,25112.86,21263.06,46070684.0,8.02,6.79,14713.05,46070684.0,1759118.5,44311565.5,26.1896,0.0,0.0,0.0,0.0,0.0,0.0,0.0,0.0,0.0,0.0,0.0,0.0,0.0,0.0,0.0,0.0,0.0,0.0,0.0,0.0,0.0,0.0,0.0,0.0,0.0,0.0,0.0,0.0,0.0,0.0,0.0,0.0,0.0,0.0,0.0,0.0,0.0,0.0,0.0,0.0,0.0,0.0,0.5272,0.5272,0.5562
57,Marobo,Muna,2020,7257.58,668.52,0.0,1069.47,2413.62,0.0,0.0,47.16,33.21,0.0,0.0,0.0,0.0,0.0,0.0,19357.23,16389.77,35511716.0,8.02,6.79,14713.05,35511716.0,3337763.25,32173952.75,10.6394,0.0,0.0,0.0,0.0,0.0,0.0,0.0,0.0,0.0,0.0,0.0,0.0,0.0,0.0,0.0,0.0,0.0,0.0,0.0,0.0,0.0,0.0,0.0,0.0,0.0,0.0,0.0,0.0,0.0,0.0,0.0,0.0,0.0,0.0,0.0,0.0,0.0,0.0,0.0,0.0,0.0,0.0,0.619,0.619,0.5149
58,Tongkuno Selatan,Muna,2020,7953.85,0.0,0.0,1943.91,2763.45,0.0,0.0,99.36,0.0,0.0,0.0,0.0,0.0,0.0,0.0,22162.87,18765.3,40658780.0,8.02,6.79,14713.05,40658780.0,3657977.0,37000803.0,11.1151,0.0,0.0,0.0,0.0,0.0,0.0,0.0,0.0,0.0,0.0,0.0,0.0,0.0,0.0,0.0,0.0,0.0,0.0,0.0,0.0,0.0,0.0,0.0,0.0,0.0,0.0,0.0,0.0,0.0,0.0,0.0,0.0,0.0,0.0,0.0,0.0,0.0,0.0,0.0,0.0,0.0,0.0,0.4757,0.4757,0.6339
59,Pasi Kolaga,Muna,2020,1351.94,67.86,0.0,63.63,1456.83,0.0,0.0,70.47,0.0,0.0,0.0,0.0,0.0,0.0,0.0,11683.78,9892.65,21434414.0,8.02,6.79,14713.05,21434414.0,621754.94,20812659.06,34.4741,0.0,0.0,0.0,0.0,0.0,0.0,0.0,0.0,0.0,0.0,0.0,0.0,0.0,0.0,0.0,0.0,0.0,0.0,0.0,0.0,0.0,0.0,0.0,0.0,0.0,0.0,0.0,0.0,0.0,0.0,0.0,0.0,0.0,0.0,0.0,0.0,0.0,0.0,0.0,0.0,0.0,0.0,0.5239,0.5239,0.4472
60,Batukara,Muna,2020,2474.61,5733.63,0.0,310.23,2143.71,0.0,0.0,87.21,0.0,0.0,0.0,0.0,0.0,0.0,0.0,17192.55,14556.93,31540516.0,8.02,6.79,14713.05,31540516.0,1138071.25,30402444.75,27.714,0.0,0.0,0.0,0.0,0.0,0.0,0.0,0.0,0.0,0.0,0.0,0.0,0.0,0.0,0.0,0.0,0.0,0.0,0.0,0.0,0.0,0.0,0.0,0.0,0.0,0.0,0.0,0.0,0.0,0.0,0.0,0.0,0.0,0.0,0.0,0.0,0.0,0.0,0.0,0.0,0.0,0.0,0.4668,0.4668,0.4626
61,Towea,Muna,2020,4359.28,1463.67,0.0,596.43,692.19,0.0,0.0,16.11,10.8,0.0,0.0,0.0,0.0,0.0,0.0,5551.36,4700.34,10184227.0,8.02,6.79,14713.05,10184227.0,2004831.5,8179395.5,5.0798,0.0,0.0,0.0,0.0,0.0,0.0,0.0,0.0,0.0,0.0,0.0,0.0,0.0,0.0,0.0,0.0,0.0,0.0,0.0,0.0,0.0,0.0,0.0,0.0,0.0,0.0,0.0,0.0,0.0,0.0,0.0,0.0,0.0,0.0,0.0,0.0,0.0,0.0,0.0,0.0,0.0,0.0,0.3255,0.3255,0.3745
62,Pasarwajo,Buton,2020,42151.65,18321.3,0.0,6409.26,7332.3,0.0,0.0,942.03,8.73,0.0,0.0,0.0,0.0,0.0,0.0,137187.33,116156.51,251676320.0,18.71,15.84,34324.33,251676320.0,19385546.0,232290774.0,12.9827,0.0,0.0,0.0,0.0,0.0,0.0,0.0,0.0,0.0,0.0,0.0,0.0,0.0,0.0,0.0,0.0,0.0,0.0,0.0,0.0,0.0,0.0,0.0,0.0,0.0,0.0,0.0,0.0,0.0,0.0,0.0,0.0,0.0,0.0,0.0,0.0,0.0,0.0,0.0,0.0,0.0,0.0,0.3361,0.3361,0.558
63,Kapontori,Buton,2020,33649.2,35671.77,0.0,5348.52,4995.81,492.12,105.84,242.1,10.17,1380.88,880.31,3142721.25,2.81,1.79,6386.09,93471.61,79142.41,171477920.0,18.71,15.84,34324.35,174620641.25,15475267.0,159145374.25,11.2839,0.0,0.0,0.0,0.0,0.0,0.0,0.0,0.0,0.0,0.0,0.0,0.0,0.0,0.0,0.0,0.0,0.0,0.0,0.0,0.0,0.0,0.0,0.0,0.0,0.0,0.0,0.0,0.0,0.0,0.0,0.0,0.0,0.0,0.0,0.0,0.0,0.0,0.0,0.0,0.0,0.0,0.0,0.3808,0.3808,0.4812
64,Lasalimu,Buton,2020,23696.09,19154.43,33.12,4338.54,7663.05,129.96,0.0,127.26,96.57,364.67,232.48,829935.81,2.81,1.79,6386.09,143375.64,121396.18,263029136.0,18.71,15.84,34324.34,263859071.81,10897833.0,252961238.81,24.2121,0.0,0.0,0.0,0.0,0.0,0.0,0.0,0.0,0.0,0.0,0.0,0.0,0.0,0.0,0.0,0.0,0.0,0.0,0.0,0.0,0.0,0.0,0.0,0.0,0.0,0.0,0.0,0.0,0.0,0.0,0.0,0.0,0.0,0.0,0.0,0.0,0.0,0.0,0.0,0.0,0.0,0.0,0.4918,0.4918,0.2938
65,Lasalimu Selatan,Buton,2020,7010.94,4351.77,0.0,2320.47,7363.71,227.07,0.0,412.92,22.95,637.16,406.19,1450089.0,2.81,1.79,6386.09,137775.02,116654.11,252754448.0,18.71,15.84,34324.33,254204537.0,3224331.75,250980205.25,78.8394,0.0,0.0,0.0,0.0,0.0,0.0,0.0,0.0,0.0,0.0,0.0,0.0,0.0,0.0,0.0,0.0,0.0,0.0,0.0,0.0,0.0,0.0,0.0,0.0,0.0,0.0,0.0,0.0,0.0,0.0,0.0,0.0,0.0,0.0,0.0,0.0,0.0,0.0,0.0,0.0,0.0,0.0,0.4696,0.4696,0.2024
66,Siotapina,Buton,2020,12032.11,14960.16,0.0,3895.83,5625.81,0.0,0.0,397.98,0.0,0.0,0.0,0.0,0.0,0.0,0.0,105258.89,89122.71,193102192.0,18.71,15.84,34324.34,193102192.0,5533566.5,187568625.5,34.8965,0.0,0.0,0.0,0.0,0.0,0.0,0.0,0.0,0.0,0.0,0.0,0.0,0.0,0.0,0.0,0.0,0.0,0.0,0.0,0.0,0.0,0.0,0.0,0.0,0.0,0.0,0.0,0.0,0.0,0.0,0.0,0.0,0.0,0.0,0.0,0.0,0.0,0.0,0.0,0.0,0.0,0.0,0.3206,0.3206,0.2566
67,Wolowa,Buton,2020,6448.71,6284.61,0.0,1325.25,1667.34,0.0,0.0,157.14,19.71,0.0,0.0,0.0,0.0,0.0,0.0,31195.94,26413.6,57230340.0,18.71,15.84,34324.34,57230340.0,2965764.25,54264575.75,19.297,0.0,0.0,0.0,0.0,0.0,0.0,0.0,0.0,0.0,0.0,0.0,0.0,0.0,0.0,0.0,0.0,0.0,0.0,0.0,0.0,0.0,0.0,0.0,0.0,0.0,0.0,0.0,0.0,0.0,0.0,0.0,0.0,0.0,0.0,0.0,0.0,0.0,0.0,0.0,0.0,0.0,0.0,0.2853,0.2853,0.3615
68,Wabula,Buton,2020,5020.86,2628.27,0.0,3400.02,244.62,0.0,0.0,66.06,0.0,0.0,0.0,0.0,0.0,0.0,0.0,4576.84,3875.21,8396418.0,18.71,15.84,34324.33,8396418.0,2309091.25,6087326.75,3.6362,0.0,0.0,0.0,0.0,0.0,0.0,0.0,0.0,0.0,0.0,0.0,0.0,0.0,0.0,0.0,0.0,0.0,0.0,0.0,0.0,0.0,0.0,0.0,0.0,0.0,0.0,0.0,0.0,0.0,0.0,0.0,0.0,0.0,0.0,0.0,0.0,0.0,0.0,0.0,0.0,0.0,0.0,0.3184,0.3184,0.4612
69,Tinanggea,Konawe Selatan,2020,31712.99,5121.27,602.37,7524.72,14343.75,770.4,680.85,794.16,3670.56,2470.22,1574.77,5621916.0,3.21,2.04,7297.4,274539.34,232452.5,503654880.0,19.14,16.21,35113.19,509276796.0,14584807.0,494691989.0,34.9183,0.0,0.0,0.0,0.0,0.0,0.0,0.0,0.0,0.0,0.0,0.0,0.0,0.0,0.0,0.0,0.0,0.0,0.0,0.0,0.0,0.0,0.0,0.0,0.0,0.0,0.0,0.0,0.0,0.0,0.0,0.0,0.0,0.0,0.0,0.0,0.0,0.0,0.0,0.0,0.0,0.0,0.0,0.4312,0.4312,0.6065
70,Angata,Konawe Selatan,2020,18135.91,2450.88,69.75,14820.3,5038.56,4542.66,0.0,783.63,0.0,14565.65,9285.6,33149604.0,3.21,2.04,7297.4,96438.05,81654.09,176919904.0,19.14,16.21,35113.19,210069508.0,8340710.0,201728798.0,25.186,0.0,0.0,0.0,0.0,0.0,0.0,0.0,0.0,0.0,0.0,0.0,0.0,0.0,0.0,0.0,0.0,0.0,0.0,0.0,0.0,0.0,0.0,0.0,0.0,0.0,0.0,0.0,0.0,0.0,0.0,0.0,0.0,0.0,0.0,0.0,0.0,0.0,0.0,0.0,0.0,0.0,0.0,0.396,0.396,0.3827
71,Andoolo,Konawe Selatan,2020,18313.78,0.0,473.67,1469.34,7711.92,0.0,0.0,197.73,0.0,0.0,0.0,0.0,0.0,0.0,0.0,147606.14,124978.14,270790112.0,19.14,16.21,35113.19,270790112.0,8422508.0,262367604.0,32.1508,0.0,0.0,0.0,0.0,0.0,0.0,0.0,0.0,0.0,0.0,0.0,0.0,0.0,0.0,0.0,0.0,0.0,0.0,0.0,0.0,0.0,0.0,0.0,0.0,0.0,0.0,0.0,0.0,0.0,0.0,0.0,0.0,0.0,0.0,0.0,0.0,0.0,0.0,0.0,0.0,0.0,0.0,0.5647,0.5647,0.6593
72,Palangga,Konawe Selatan,2020,18502.24,125.64,2376.99,4307.76,7836.66,951.84,0.0,234.36,80.55,3051.99,1945.65,6945955.0,3.21,2.04,7297.4,149993.66,126999.64,275170112.0,19.14,16.21,35113.19,282116067.0,8509181.0,273606886.0,33.1543,0.0,0.0,0.0,0.0,0.0,0.0,0.0,0.0,0.0,0.0,0.0,0.0,0.0,0.0,0.0,0.0,0.0,0.0,0.0,0.0,0.0,0.0,0.0,0.0,0.0,0.0,0.0,0.0,0.0,0.0,0.0,0.0,0.0,0.0,0.0,0.0,0.0,0.0,0.0,0.0,0.0,0.0,0.4855,0.4855,0.6074
73,Landono,Konawe Selatan,2020,12402.81,5379.93,1252.62,3173.85,833.22,1577.16,0.0,441.0,13.23,5057.03,3223.86,11509166.0,3.21,2.04,7297.4,15947.83,13503.03,29257014.0,19.14,16.21,35113.19,40766180.0,5704053.5,35062126.5,7.1469,0.0,0.0,0.0,0.0,0.0,0.0,0.0,0.0,0.0,0.0,0.0,0.0,0.0,0.0,0.0,0.0,0.0,0.0,0.0,0.0,0.0,0.0,0.0,0.0,0.0,0.0,0.0,0.0,0.0,0.0,0.0,0.0,0.0,0.0,0.0,0.0,0.0,0.0,0.0,0.0,0.0,0.0,0.4022,0.4022,0.608
74,Lainea,Konawe Selatan,2020,18150.51,8758.35,803.34,6556.5,4375.53,1287.0,9.27,286.56,1329.48,4126.66,2630.74,9391751.0,3.21,2.04,7297.4,83747.64,70909.14,153638784.0,19.14,16.21,35113.18,163030535.0,8347422.0,154683113.0,19.5306,0.0,0.0,0.0,0.0,0.0,0.0,0.0,0.0,0.0,0.0,0.0,0.0,0.0,0.0,0.0,0.0,0.0,0.0,0.0,0.0,0.0,0.0,0.0,0.0,0.0,0.0,0.0,0.0,0.0,0.0,0.0,0.0,0.0,0.0,0.0,0.0,0.0,0.0,0.0,0.0,0.0,0.0,0.3882,0.3882,0.5372
75,Konda,Konawe Selatan,2020,26111.67,4112.28,0.0,1122.39,4198.5,2405.34,0.0,739.44,0.0,7712.52,4916.73,17552724.0,3.21,2.04,7297.4,80359.28,68040.21,147422704.0,19.14,16.21,35113.18,164975428.0,12008755.0,152966673.0,13.7379,0.0,0.0,0.0,0.0,0.0,0.0,0.0,0.0,0.0,0.0,0.0,0.0,0.0,0.0,0.0,0.0,0.0,0.0,0.0,0.0,0.0,0.0,0.0,0.0,0.0,0.0,0.0,0.0,0.0,0.0,0.0,0.0,0.0,0.0,0.0,0.0,0.0,0.0,0.0,0.0,0.0,0.0,0.5193,0.5193,0.8616
76,Ranomeeto,Konawe Selatan,2020,27236.61,3501.27,43.47,3084.39,1692.99,281.7,0.0,592.29,0.0,903.25,575.82,2055677.12,3.21,2.04,7297.4,32403.83,27436.32,59446280.0,19.14,16.21,35113.19,61501957.12,12526116.0,48975841.12,4.9099,0.0,0.0,0.0,0.0,0.0,0.0,0.0,0.0,0.0,0.0,0.0,0.0,0.0,0.0,0.0,0.0,0.0,0.0,0.0,0.0,0.0,0.0,0.0,0.0,0.0,0.0,0.0,0.0,0.0,0.0,0.0,0.0,0.0,0.0,0.0,0.0,0.0,0.0,0.0,0.0,0.0,0.0,0.5453,0.5453,0.8634
77,Kolono,Konawe Selatan,2020,15652.96,11055.87,0.0,12776.58,4352.85,278.91,0.0,318.69,992.52,894.3,570.12,2035317.38,3.21,2.04,7297.4,83313.55,70541.59,152842416.0,19.14,16.21,35113.18,154877733.38,7198796.0,147678937.38,21.5144,0.0,0.0,0.0,0.0,0.0,0.0,0.0,0.0,0.0,0.0,0.0,0.0,0.0,0.0,0.0,0.0,0.0,0.0,0.0,0.0,0.0,0.0,0.0,0.0,0.0,0.0,0.0,0.0,0.0,0.0,0.0,0.0,0.0,0.0,0.0,0.0,0.0,0.0,0.0,0.0,0.0,0.0,0.3804,0.3804,0.5427
78,Moramo,Konawe Selatan,2020,25598.55,10055.88,0.0,12234.87,1888.38,764.37,0.0,342.27,424.26,2450.89,1562.44,5577912.5,3.21,2.04,7297.4,36143.6,30602.79,66307044.0,19.14,16.21,35113.19,71884956.5,11772770.0,60112186.5,6.106,0.0,0.0,0.0,0.0,0.0,0.0,0.0,0.0,0.0,0.0,0.0,0.0,0.0,0.0,0.0,0.0,0.0,0.0,0.0,0.0,0.0,0.0,0.0,0.0,0.0,0.0,0.0,0.0,0.0,0.0,0.0,0.0,0.0,0.0,0.0,0.0,0.0,0.0,0.0,0.0,0.0,0.0,0.4306,0.4306,0.532
79,Laonti,Konawe Selatan,2020,11306.94,28495.08,0.0,4890.06,3885.57,0.0,57.24,79.65,63.27,0.0,0.0,0.0,0.0,0.0,0.0,74369.8,62968.93,136434752.0,19.14,16.21,35113.19,136434752.0,5200062.5,131234689.5,26.2371,0.0,0.0,0.0,0.0,0.0,0.0,0.0,0.0,0.0,0.0,0.0,0.0,0.0,0.0,0.0,0.0,0.0,0.0,0.0,0.0,0.0,0.0,0.0,0.0,0.0,0.0,0.0,0.0,0.0,0.0,0.0,0.0,0.0,0.0,0.0,0.0,0.0,0.0,0.0,0.0,0.0,0.0,0.1972,0.1972,0.4022
80,Lalembuu,Konawe Selatan,2020,15435.6,5132.79,0.0,2291.31,7644.42,2654.37,288.0,895.86,0.0,8511.01,5425.77,19369994.0,3.21,2.04,7297.4,146314.22,123884.24,268419968.0,19.14,16.21,35113.19,287789962.0,7098834.0,280691128.0,40.5405,0.0,0.0,0.0,0.0,0.0,0.0,0.0,0.0,0.0,0.0,0.0,0.0,0.0,0.0,0.0,0.0,0.0,0.0,0.0,0.0,0.0,0.0,0.0,0.0,0.0,0.0,0.0,0.0,0.0,0.0,0.0,0.0,0.0,0.0,0.0,0.0,0.0,0.0,0.0,0.0,0.0,0.0,0.4259,0.4259,0.3756
81,Benua,Konawe Selatan,2020,8335.26,1193.31,127.44,1052.37,7939.62,0.0,0.0,280.08,0.0,0.0,0.0,0.0,0.0,0.0,0.0,151964.28,128668.2,278785344.0,19.14,16.21,35113.18,278785344.0,3833387.25,274951956.75,72.7256,0.0,0.0,0.0,0.0,0.0,0.0,0.0,0.0,0.0,0.0,0.0,0.0,0.0,0.0,0.0,0.0,0.0,0.0,0.0,0.0,0.0,0.0,0.0,0.0,0.0,0.0,0.0,0.0,0.0,0.0,0.0,0.0,0.0,0.0,0.0,0.0,0.0,0.0,0.0,0.0,0.0,0.0,0.5457,0.5457,0.3583
82,Palangga Selatan,Konawe Selatan,2020,12089.05,1175.76,457.11,1419.03,6142.32,658.17,316.98,138.69,523.71,2110.37,1345.36,4802928.5,3.21,2.04,7297.4,117564.01,99541.43,215676432.0,19.14,16.21,35113.19,220479360.5,5559755.0,214919605.5,39.6563,0.0,0.0,0.0,0.0,0.0,0.0,0.0,0.0,0.0,0.0,0.0,0.0,0.0,0.0,0.0,0.0,0.0,0.0,0.0,0.0,0.0,0.0,0.0,0.0,0.0,0.0,0.0,0.0,0.0,0.0,0.0,0.0,0.0,0.0,0.0,0.0,0.0,0.0,0.0,0.0,0.0,0.0,0.5513,0.5513,0.5686
83,Mowila,Konawe Selatan,2020,14908.48,3257.28,175.05,3793.23,2332.98,2769.66,0.0,489.33,16.2,8880.68,5661.43,20211316.0,3.21,2.04,7297.4,44653.24,37807.89,81918368.0,19.14,16.21,35113.19,102129684.0,6856410.5,95273273.5,14.8955,0.0,0.0,0.0,0.0,0.0,0.0,0.0,0.0,0.0,0.0,0.0,0.0,0.0,0.0,0.0,0.0,0.0,0.0,0.0,0.0,0.0,0.0,0.0,0.0,0.0,0.0,0.0,0.0,0.0,0.0,0.0,0.0,0.0,0.0,0.0,0.0,0.0,0.0,0.0,0.0,0.0,0.0,0.4814,0.4814,0.4788
84,Moramo Utara,Konawe Selatan,2020,17549.12,9012.69,1.98,1101.87,6155.28,94.05,19.71,178.47,51.39,301.56,192.25,686320.38,3.21,2.04,7297.4,117812.05,99751.48,216131552.0,19.14,16.21,35113.2,216817872.38,8070839.0,208747033.38,26.8644,0.0,0.0,0.0,0.0,0.0,0.0,0.0,0.0,0.0,0.0,0.0,0.0,0.0,0.0,0.0,0.0,0.0,0.0,0.0,0.0,0.0,0.0,0.0,0.0,0.0,0.0,0.0,0.0,0.0,0.0,0.0,0.0,0.0,0.0,0.0,0.0,0.0,0.0,0.0,0.0,0.0,0.0,0.399,0.399,0.7573
85,Buke,Konawe Selatan,2020,12537.29,795.78,0.0,2705.76,10793.07,0.0,0.0,833.58,0.0,0.0,0.0,0.0,0.0,0.0,0.0,206579.38,174910.77,378979168.0,19.14,16.21,35113.19,378979168.0,5765899.0,373213269.0,65.7277,0.0,0.0,0.0,0.0,0.0,0.0,0.0,0.0,0.0,0.0,0.0,0.0,0.0,0.0,0.0,0.0,0.0,0.0,0.0,0.0,0.0,0.0,0.0,0.0,0.0,0.0,0.0,0.0,0.0,0.0,0.0,0.0,0.0,0.0,0.0,0.0,0.0,0.0,0.0,0.0,0.0,0.0,0.4777,0.4777,0.4594
86,Wolasi,Konawe Selatan,2020,10057.27,10963.26,0.0,956.25,3245.94,136.89,0.0,47.97,0.0,438.93,279.82,998940.88,3.21,2.04,7297.4,62127.29,52603.18,113975312.0,19.14,16.21,35113.19,114974252.88,4625340.5,110348912.38,24.8575,0.0,0.0,0.0,0.0,0.0,0.0,0.0,0.0,0.0,0.0,0.0,0.0,0.0,0.0,0.0,0.0,0.0,0.0,0.0,0.0,0.0,0.0,0.0,0.0,0.0,0.0,0.0,0.0,0.0,0.0,0.0,0.0,0.0,0.0,0.0,0.0,0.0,0.0,0.0,0.0,0.0,0.0,0.324,0.324,0.6806
87,Laeya,Konawe Selatan,2020,32403.12,8655.84,813.69,3045.69,11469.33,2310.39,104.22,523.71,645.66,7408.07,4722.64,16859836.0,3.21,2.04,7297.4,219522.95,185870.14,402724832.0,19.14,16.21,35113.2,419584668.0,14902191.0,404682477.0,28.1559,0.0,0.0,0.0,0.0,0.0,0.0,0.0,0.0,0.0,0.0,0.0,0.0,0.0,0.0,0.0,0.0,0.0,0.0,0.0,0.0,0.0,0.0,0.0,0.0,0.0,0.0,0.0,0.0,0.0,0.0,0.0,0.0,0.0,0.0,0.0,0.0,0.0,0.0,0.0,0.0,0.0,0.0,0.4116,0.4116,0.7237
88,Baito,Konawe Selatan,2020,11670.84,7566.3,0.0,5056.74,5321.88,559.35,0.0,121.59,12.69,1793.51,1143.36,4081799.75,3.21,2.04,7297.4,101860.77,86245.52,186868176.0,19.14,16.21,35113.19,190949975.75,5367419.0,185582556.75,35.5758,0.0,0.0,0.0,0.0,0.0,0.0,0.0,0.0,0.0,0.0,0.0,0.0,0.0,0.0,0.0,0.0,0.0,0.0,0.0,0.0,0.0,0.0,0.0,0.0,0.0,0.0,0.0,0.0,0.0,0.0,0.0,0.0,0.0,0.0,0.0,0.0,0.0,0.0,0.0,0.0,0.0,0.0,0.3186,0.3186,0.5466
89,Basala,Konawe Selatan,2020,8294.82,80.46,0.0,834.84,5376.24,1635.66,0.0,299.88,0.0,5244.6,3343.44,11936062.0,3.21,2.04,7297.4,102901.24,87126.48,188776944.0,19.14,16.21,35113.19,200713006.0,3814785.25,196898220.75,52.6145,0.0,0.0,0.0,0.0,0.0,0.0,0.0,0.0,0.0,0.0,0.0,0.0,0.0,0.0,0.0,0.0,0.0,0.0,0.0,0.0,0.0,0.0,0.0,0.0,0.0,0.0,0.0,0.0,0.0,0.0,0.0,0.0,0.0,0.0,0.0,0.0,0.0,0.0,0.0,0.0,0.0,0.0,0.5782,0.5782,0.3321
90,Ranomeeto Barat,Konawe Selatan,2020,7823.81,0.0,945.72,4865.85,142.83,457.92,0.0,112.32,34.11,1468.28,936.03,3341624.75,3.21,2.04,7297.4,2733.77,2314.68,5015217.0,19.14,16.21,35113.19,8356841.75,3598169.75,4758672.0,2.3225,0.0,0.0,0.0,0.0,0.0,0.0,0.0,0.0,0.0,0.0,0.0,0.0,0.0,0.0,0.0,0.0,0.0,0.0,0.0,0.0,0.0,0.0,0.0,0.0,0.0,0.0,0.0,0.0,0.0,0.0,0.0,0.0,0.0,0.0,0.0,0.0,0.0,0.0,0.0,0.0,0.0,0.0,0.5644,0.5644,0.7939
91,Kolono Timur,Konawe Selatan,2020,8708.12,7906.05,0.0,1881.45,2077.56,0.0,0.0,81.45,0.0,0.0,0.0,0.0,0.0,0.0,0.0,39764.5,33668.6,72949768.0,19.14,16.21,35113.19,72949768.0,4004866.0,68944902.0,18.2153,0.0,0.0,0.0,0.0,0.0,0.0,0.0,0.0,0.0,0.0,0.0,0.0,0.0,0.0,0.0,0.0,0.0,0.0,0.0,0.0,0.0,0.0,0.0,0.0,0.0,0.0,0.0,0.0,0.0,0.0,0.0,0.0,0.0,0.0,0.0,0.0,0.0,0.0,0.0,0.0,0.0,0.0,0.321,0.321,0.5194
92,Sabulakoa,Konawe Selatan,2020,5988.96,0.0,771.3,1963.62,1392.03,834.75,0.0,179.37,115.83,2676.55,1706.3,6091503.0,3.21,2.04,7297.4,26643.45,22559.01,48878616.0,19.14,16.21,35113.19,54970119.0,2754321.25,52215797.75,19.9578,0.0,0.0,0.0,0.0,0.0,0.0,0.0,0.0,0.0,0.0,0.0,0.0,0.0,0.0,0.0,0.0,0.0,0.0,0.0,0.0,0.0,0.0,0.0,0.0,0.0,0.0,0.0,0.0,0.0,0.0,0.0,0.0,0.0,0.0,0.0,0.0,0.0,0.0,0.0,0.0,0.0,0.0,0.5523,0.5523,0.616
93,Andoolo Barat,Konawe Selatan,2020,7561.86,0.0,0.0,2327.13,4453.83,0.0,0.0,461.25,0.0,0.0,0.0,0.0,0.0,0.0,0.0,85246.3,72178.05,156388176.0,19.14,16.21,35113.19,156388176.0,3477700.0,152910476.0,44.9689,0.0,0.0,0.0,0.0,0.0,0.0,0.0,0.0,0.0,0.0,0.0,0.0,0.0,0.0,0.0,0.0,0.0,0.0,0.0,0.0,0.0,0.0,0.0,0.0,0.0,0.0,0.0,0.0,0.0,0.0,0.0,0.0,0.0,0.0,0.0,0.0,0.0,0.0,0.0,0.0,0.0,0.0,0.5421,0.5421,0.449
94,Poleang,Bombana,2020,10564.52,1838.34,0.0,1063.08,6513.03,0.0,0.0,244.62,82.98,0.0,0.0,0.0,0.0,0.0,0.0,53406.85,45219.57,97977272.0,8.2,6.94,15043.27,97977272.0,4858620.5,93118651.5,20.1657,0.0,0.0,0.0,0.0,0.0,0.0,0.0,0.0,0.0,0.0,0.0,0.0,0.0,0.0,0.0,0.0,0.0,0.0,0.0,0.0,0.0,0.0,0.0,0.0,0.0,0.0,0.0,0.0,0.0,0.0,0.0,0.0,0.0,0.0,0.0,0.0,0.0,0.0,0.0,0.0,0.0,0.0,0.505,0.505,0.5125
95,Poleang Timur,Bombana,2020,14095.68,2888.46,0.0,3225.96,550.8,2121.21,0.0,281.79,982.71,9161.82,5840.66,20851156.0,4.32,2.75,9829.84,4516.56,3824.17,8285832.5,8.2,6.94,15043.27,29136988.5,6482605.0,22654383.5,4.4946,0.0,0.0,0.0,0.0,0.0,0.0,0.0,0.0,0.0,0.0,0.0,0.0,0.0,0.0,0.0,0.0,0.0,0.0,0.0,0.0,0.0,0.0,0.0,0.0,0.0,0.0,0.0,0.0,0.0,0.0,0.0,0.0,0.0,0.0,0.0,0.0,0.0,0.0,0.0,0.0,0.0,0.0,0.4621,0.4621,0.7506
96,Rarowatu,Bombana,2020,15925.89,8584.65,0.0,11152.17,1017.18,158.4,191.88,220.86,0.0,684.15,436.15,1557046.62,4.32,2.75,9829.84,8340.88,7062.22,15301712.0,8.2,6.94,15043.27,16858758.62,7324320.0,9534438.62,2.3018,0.0,0.0,0.0,0.0,0.0,0.0,0.0,0.0,0.0,0.0,0.0,0.0,0.0,0.0,0.0,0.0,0.0,0.0,0.0,0.0,0.0,0.0,0.0,0.0,0.0,0.0,0.0,0.0,0.0,0.0,0.0,0.0,0.0,0.0,0.0,0.0,0.0,0.0,0.0,0.0,0.0,0.0,0.4675,0.4675,0.648
97,Rumbia,Bombana,2020,8497.96,1104.75,0.0,1049.58,495.36,923.04,0.0,179.46,234.27,3986.75,2541.55,9073336.0,4.32,2.75,9829.84,4061.95,3439.25,7451833.5,8.2,6.94,15043.27,16525169.5,3908212.0,12616957.5,4.2283,0.0,0.0,0.0,0.0,0.0,0.0,0.0,0.0,0.0,0.0,0.0,0.0,0.0,0.0,0.0,0.0,0.0,0.0,0.0,0.0,0.0,0.0,0.0,0.0,0.0,0.0,0.0,0.0,0.0,0.0,0.0,0.0,0.0,0.0,0.0,0.0,0.0,0.0,0.0,0.0,0.0,0.0,0.5051,0.5051,0.798
98,Kabaena,Bombana,2020,4798.35,2109.69,2.16,7864.11,0.0,0.0,89.01,36.63,0.0,0.0,0.0,0.0,0.0,0.0,0.0,0.0,0.0,0.0,0.0,0.0,0.0,0.0,2206759.5,-2206759.5,0.0,0.0,0.0,0.0,0.0,0.0,0.0,0.0,0.0,0.0,0.0,0.0,0.0,0.0,0.0,0.0,0.0,0.0,0.0,0.0,0.0,0.0,0.0,0.0,0.0,0.0,0.0,0.0,0.0,0.0,0.0,0.0,0.0,0.0,0.0,0.0,0.0,0.0,0.0,0.0,0.0,0.0,0.0,0.4383,0.4383,0.6861
99,Kabaena Timur,Bombana,2020,10648.58,6092.73,0.0,3706.56,1855.26,0.0,77.31,185.67,42.57,0.0,0.0,0.0,0.0,0.0,0.0,15213.13,12880.96,27909172.0,8.2,6.94,15043.27,27909172.0,4897281.0,23011891.0,5.6989,0.0,0.0,0.0,0.0,0.0,0.0,0.0,0.0,0.0,0.0,0.0,0.0,0.0,0.0,0.0,0.0,0.0,0.0,0.0,0.0,0.0,0.0,0.0,0.0,0.0,0.0,0.0,0.0,0.0,0.0,0.0,0.0,0.0,0.0,0.0,0.0,0.0,0.0,0.0,0.0,0.0,0.0,0.3095,0.3095,0.6753
100,Poleang Barat,Bombana,2020,19700.37,2419.56,1154.43,7178.49,19343.88,0.0,0.0,209.16,270.36,0.0,0.0,0.0,0.0,0.0,0.0,158619.81,134303.41,290995200.0,8.2,6.94,15043.27,290995200.0,9060201.0,281934999.0,32.118,0.0,0.0,0.0,0.0,0.0,0.0,0.0,0.0,0.0,0.0,0.0,0.0,0.0,0.0,0.0,0.0,0.0,0.0,0.0,0.0,0.0,0.0,0.0,0.0,0.0,0.0,0.0,0.0,0.0,0.0,0.0,0.0,0.0,0.0,0.0,0.0,0.0,0.0,0.0,0.0,0.0,0.0,0.405,0.405,0.3978
101,Mata Oleo,Bombana,2020,8243.01,3236.31,0.0,5925.96,1009.44,617.58,31.05,120.24,53.91,2667.42,1700.48,6070713.0,4.32,2.75,9829.84,8277.41,7008.48,15185279.0,8.2,6.94,15043.27,21255992.0,3790961.0,17465031.0,5.607,0.0,0.0,0.0,0.0,0.0,0.0,0.0,0.0,0.0,0.0,0.0,0.0,0.0,0.0,0.0,0.0,0.0,0.0,0.0,0.0,0.0,0.0,0.0,0.0,0.0,0.0,0.0,0.0,0.0,0.0,0.0,0.0,0.0,0.0,0.0,0.0,0.0,0.0,0.0,0.0,0.0,0.0,0.5338,0.5338,0.5819
102,Rarowatu Utara,Bombana,2020,21614.13,2099.52,0.0,11038.86,3621.24,2157.12,1492.47,240.84,1309.5,9316.92,5939.54,21204148.0,4.32,2.75,9829.84,29694.17,25142.05,54475280.0,8.2,6.94,15043.27,75679428.0,9940336.0,65739092.0,7.6134,0.0,0.0,0.0,0.0,0.0,0.0,0.0,0.0,0.0,0.0,0.0,0.0,0.0,0.0,0.0,0.0,0.0,0.0,0.0,0.0,0.0,0.0,0.0,0.0,0.0,0.0,0.0,0.0,0.0,0.0,0.0,0.0,0.0,0.0,0.0,0.0,0.0,0.0,0.0,0.0,0.0,0.0,0.3948,0.3948,0.5044
103,Poleang Utara,Bombana,2020,22119.78,3373.56,0.0,10240.74,6973.92,1884.42,0.0,236.34,0.0,8139.09,5188.67,18523546.0,4.32,2.75,9829.84,57186.14,48419.51,104910552.0,8.2,6.94,15043.27,123434098.0,10172885.0,113261213.0,12.1336,0.0,0.0,0.0,0.0,0.0,0.0,0.0,0.0,0.0,0.0,0.0,0.0,0.0,0.0,0.0,0.0,0.0,0.0,0.0,0.0,0.0,0.0,0.0,0.0,0.0,0.0,0.0,0.0,0.0,0.0,0.0,0.0,0.0,0.0,0.0,0.0,0.0,0.0,0.0,0.0,0.0,0.0,0.4661,0.4661,0.7056
104,Poleang Selatan,Bombana,2020,11542.93,91.89,0.0,1618.11,4656.6,424.08,689.58,185.58,486.54,1831.66,1167.69,4168638.75,4.32,2.75,9829.84,38184.12,32330.49,70050480.0,8.2,6.94,15043.27,74219118.75,5308593.5,68910525.25,13.9809,0.0,0.0,0.0,0.0,0.0,0.0,0.0,0.0,0.0,0.0,0.0,0.0,0.0,0.0,0.0,0.0,0.0,0.0,0.0,0.0,0.0,0.0,0.0,0.0,0.0,0.0,0.0,0.0,0.0,0.0,0.0,0.0,0.0,0.0,0.0,0.0,0.0,0.0,0.0,0.0,0.0,0.0,0.5753,0.5753,0.7922
105,Poleang Tenggara,Bombana,2020,5675.1,7070.67,0.0,4647.96,239.31,398.52,0.0,58.05,187.29,1721.27,1097.31,3917388.0,4.32,2.75,9829.84,1962.34,1661.51,3600004.75,8.2,6.94,15043.27,7517392.75,2609980.25,4907412.5,2.8802,0.0,0.0,0.0,0.0,0.0,0.0,0.0,0.0,0.0,0.0,0.0,0.0,0.0,0.0,0.0,0.0,0.0,0.0,0.0,0.0,0.0,0.0,0.0,0.0,0.0,0.0,0.0,0.0,0.0,0.0,0.0,0.0,0.0,0.0,0.0,0.0,0.0,0.0,0.0,0.0,0.0,0.0,0.3486,0.3486,0.6012
106,Kabaena Selatan,Bombana,2020,5990.89,6279.03,0.0,5063.58,11.61,0.0,538.47,93.78,5.13,0.0,0.0,0.0,0.0,0.0,0.0,95.2,80.61,174652.34,8.2,6.94,15043.27,174652.34,2755211.75,-2580559.41,0.0634,0.0,0.0,0.0,0.0,0.0,0.0,0.0,0.0,0.0,0.0,0.0,0.0,0.0,0.0,0.0,0.0,0.0,0.0,0.0,0.0,0.0,0.0,0.0,0.0,0.0,0.0,0.0,0.0,0.0,0.0,0.0,0.0,0.0,0.0,0.0,0.0,0.0,0.0,0.0,0.0,0.0,0.0,0.3446,0.3446,0.5721
107,Kabaena Barat,Bombana,2020,3289.08,1074.96,0.0,2884.77,887.4,0.0,13.14,100.08,16.29,0.0,0.0,0.0,0.0,0.0,0.0,7276.68,6161.16,13349396.0,8.2,6.94,15043.27,13349396.0,1512645.62,11836750.38,8.8252,0.0,0.0,0.0,0.0,0.0,0.0,0.0,0.0,0.0,0.0,0.0,0.0,0.0,0.0,0.0,0.0,0.0,0.0,0.0,0.0,0.0,0.0,0.0,0.0,0.0,0.0,0.0,0.0,0.0,0.0,0.0,0.0,0.0,0.0,0.0,0.0,0.0,0.0,0.0,0.0,0.0,0.0,0.5248,0.5248,0.5377
108,Kabaena Utara,Bombana,2020,6417.11,2995.38,0.0,6251.22,2916.36,134.01,0.0,244.35,0.0,578.81,368.99,1317296.88,4.32,2.75,9829.84,23914.15,20248.11,43871592.0,8.2,6.94,15043.27,45188888.88,2951227.0,42237661.88,15.3119,0.0,0.0,0.0,0.0,0.0,0.0,0.0,0.0,0.0,0.0,0.0,0.0,0.0,0.0,0.0,0.0,0.0,0.0,0.0,0.0,0.0,0.0,0.0,0.0,0.0,0.0,0.0,0.0,0.0,0.0,0.0,0.0,0.0,0.0,0.0,0.0,0.0,0.0,0.0,0.0,0.0,0.0,0.5074,0.5074,0.5599
109,Kabaena Tengah,Bombana,2020,13536.74,17771.13,0.0,9109.8,1514.52,0.0,229.32,220.59,0.0,0.0,0.0,0.0,0.0,0.0,0.0,12419.06,10515.22,22783330.0,8.2,6.94,15043.27,22783330.0,6225548.0,16557782.0,3.6597,0.0,0.0,0.0,0.0,0.0,0.0,0.0,0.0,0.0,0.0,0.0,0.0,0.0,0.0,0.0,0.0,0.0,0.0,0.0,0.0,0.0,0.0,0.0,0.0,0.0,0.0,0.0,0.0,0.0,0.0,0.0,0.0,0.0,0.0,0.0,0.0,0.0,0.0,0.0,0.0,0.0,0.0,0.3265,0.3265,0.7047
110,Kep. Masaloka Raya,Bombana,2020,126.68,222.48,0.0,36.09,0.0,0.0,0.0,21.78,0.0,0.0,0.0,0.0,0.0,0.0,0.0,0.0,0.0,0.0,0.0,0.0,0.0,0.0,58260.7,-58260.7,0.0,0.0,0.0,0.0,0.0,0.0,0.0,0.0,0.0,0.0,0.0,0.0,0.0,0.0,0.0,0.0,0.0,0.0,0.0,0.0,0.0,0.0,0.0,0.0,0.0,0.0,0.0,0.0,0.0,0.0,0.0,0.0,0.0,0.0,0.0,0.0,0.0,0.0,0.0,0.0,0.0,0.0,0.0,0.7187,0.7187,0.5155
111,Rumbia Tengah,Bombana,2020,4879.21,790.38,0.0,823.05,484.11,117.54,0.0,90.9,36.0,507.67,323.64,1155399.38,4.32,2.75,9829.84,3969.7,3361.15,7282597.0,8.2,6.94,15043.27,8437996.38,2243946.5,6194049.88,3.7603,0.0,0.0,0.0,0.0,0.0,0.0,0.0,0.0,0.0,0.0,0.0,0.0,0.0,0.0,0.0,0.0,0.0,0.0,0.0,0.0,0.0,0.0,0.0,0.0,0.0,0.0,0.0,0.0,0.0,0.0,0.0,0.0,0.0,0.0,0.0,0.0,0.0,0.0,0.0,0.0,0.0,0.0,0.6153,0.6153,0.8037
112,Poleang Tengah,Bombana,2020,4950.14,21.69,0.0,91.26,2876.4,84.69,0.0,39.42,214.74,365.79,233.19,832489.12,4.32,2.75,9829.84,23586.48,19970.67,43270456.0,8.2,6.94,15043.27,44102945.12,2276569.5,41826375.62,19.3725,0.0,0.0,0.0,0.0,0.0,0.0,0.0,0.0,0.0,0.0,0.0,0.0,0.0,0.0,0.0,0.0,0.0,0.0,0.0,0.0,0.0,0.0,0.0,0.0,0.0,0.0,0.0,0.0,0.0,0.0,0.0,0.0,0.0,0.0,0.0,0.0,0.0,0.0,0.0,0.0,0.0,0.0,0.6297,0.6297,0.6177
113,Tontonunu,Bombana,2020,10229.46,7106.31,177.48,2475.9,6302.88,196.47,0.0,32.13,44.01,848.58,540.97,1931268.75,4.32,2.75,9829.84,51683.62,43760.52,94815928.0,8.2,6.94,15043.27,96747196.75,4704528.5,92042668.25,20.5647,0.0,0.0,0.0,0.0,0.0,0.0,0.0,0.0,0.0,0.0,0.0,0.0,0.0,0.0,0.0,0.0,0.0,0.0,0.0,0.0,0.0,0.0,0.0,0.0,0.0,0.0,0.0,0.0,0.0,0.0,0.0,0.0,0.0,0.0,0.0,0.0,0.0,0.0,0.0,0.0,0.0,0.0,0.406,0.406,0.5309
114,Lantari Jaya,Bombana,2020,23628.09,8242.38,0.0,19070.01,2844.99,6379.02,0.0,354.06,1971.36,27551.93,17564.35,62704740.0,4.32,2.75,9829.84,23328.92,19752.6,42797944.0,8.2,6.94,15043.27,105502684.0,10866560.0,94636124.0,9.7089,0.0,0.0,0.0,0.0,0.0,0.0,0.0,0.0,0.0,0.0,0.0,0.0,0.0,0.0,0.0,0.0,0.0,0.0,0.0,0.0,0.0,0.0,0.0,0.0,0.0,0.0,0.0,0.0,0.0,0.0,0.0,0.0,0.0,0.0,0.0,0.0,0.0,0.0,0.0,0.0,0.0,0.0,0.3289,0.3289,0.3798
115,Mata Usu,Bombana,2020,8094.25,19992.96,17.73,9544.5,6016.59,0.0,0.0,0.0,0.0,0.0,0.0,0.0,0.0,0.0,0.0,49336.04,41772.83,90509192.0,8.2,6.94,15043.27,90509192.0,3722543.75,86786648.25,24.3138,0.0,0.0,0.0,0.0,0.0,0.0,0.0,0.0,0.0,0.0,0.0,0.0,0.0,0.0,0.0,0.0,0.0,0.0,0.0,0.0,0.0,0.0,0.0,0.0,0.0,0.0,0.0,0.0,0.0,0.0,0.0,0.0,0.0,0.0,0.0,0.0,0.0,0.0,0.0,0.0,0.0,0.0,0.1935,0.1935,0.3269
116,Wangi-Wangi,Wakatobi,2020,17363.89,553.77,0.0,3304.53,2410.38,0.0,0.0,516.24,0.0,0.0,0.0,0.0,0.0,0.0,0.0,49268.17,41715.36,90384656.0,20.44,17.31,37498.09,90384656.0,7985653.0,82399003.0,11.3184,0.0,0.0,0.0,0.0,0.0,0.0,0.0,0.0,0.0,0.0,0.0,0.0,0.0,0.0,0.0,0.0,0.0,0.0,0.0,0.0,0.0,0.0,0.0,0.0,0.0,0.0,0.0,0.0,0.0,0.0,0.0,0.0,0.0,0.0,0.0,0.0,0.0,0.0,0.0,0.0,0.0,0.0,0.6567,0.6567,0.4492
117,Kaledupa,Wakatobi,2020,5897.63,386.1,0.0,319.14,2560.95,0.0,0.0,178.65,2.88,0.0,0.0,0.0,0.0,0.0,0.0,52345.82,44321.2,96030744.0,20.44,17.31,37498.09,96030744.0,2712321.5,93318422.5,35.4054,0.0,0.0,0.0,0.0,0.0,0.0,0.0,0.0,0.0,0.0,0.0,0.0,0.0,0.0,0.0,0.0,0.0,0.0,0.0,0.0,0.0,0.0,0.0,0.0,0.0,0.0,0.0,0.0,0.0,0.0,0.0,0.0,0.0,0.0,0.0,0.0,0.0,0.0,0.0,0.0,0.0,0.0,0.5732,0.5732,0.2214
118,Tomia,Wakatobi,2020,5279.2,0.0,0.0,1030.05,1809.9,0.0,0.0,131.04,0.0,0.0,0.0,0.0,0.0,0.0,0.0,36994.36,31323.12,67867800.0,20.44,17.31,37498.09,67867800.0,2427903.5,65439896.5,27.9533,0.0,0.0,0.0,0.0,0.0,0.0,0.0,0.0,0.0,0.0,0.0,0.0,0.0,0.0,0.0,0.0,0.0,0.0,0.0,0.0,0.0,0.0,0.0,0.0,0.0,0.0,0.0,0.0,0.0,0.0,0.0,0.0,0.0,0.0,0.0,0.0,0.0,0.0,0.0,0.0,0.0,0.0,0.4812,0.4812,0.6351
119,Binongko,Wakatobi,2020,8790.76,281.7,0.0,4510.89,1374.12,0.0,0.0,88.56,36.72,0.0,0.0,0.0,0.0,0.0,0.0,28087.02,23781.26,51526884.0,20.44,17.31,37498.1,51526884.0,4042868.25,47484015.75,12.7451,0.0,0.0,0.0,0.0,0.0,0.0,0.0,0.0,0.0,0.0,0.0,0.0,0.0,0.0,0.0,0.0,0.0,0.0,0.0,0.0,0.0,0.0,0.0,0.0,0.0,0.0,0.0,0.0,0.0,0.0,0.0,0.0,0.0,0.0,0.0,0.0,0.0,0.0,0.0,0.0,0.0,0.0,0.4819,0.4819,0.3161
120,Wangi Wangi Selatan,Wakatobi,2020,22663.21,150.21,0.0,6137.28,5330.79,0.0,0.0,532.26,1.44,0.0,0.0,0.0,0.0,0.0,0.0,108961.34,92257.58,199894496.0,20.44,17.31,37498.1,199894496.0,10422812.0,189471684.0,19.1786,0.0,0.0,0.0,0.0,0.0,0.0,0.0,0.0,0.0,0.0,0.0,0.0,0.0,0.0,0.0,0.0,0.0,0.0,0.0,0.0,0.0,0.0,0.0,0.0,0.0,0.0,0.0,0.0,0.0,0.0,0.0,0.0,0.0,0.0,0.0,0.0,0.0,0.0,0.0,0.0,0.0,0.0,0.5064,0.5064,0.2976
121,Kaledupa Selatan,Wakatobi,2020,8555.3,2236.86,0.0,778.68,2317.95,0.0,0.0,132.12,0.99,0.0,0.0,0.0,0.0,0.0,0.0,47378.89,40115.71,86918720.0,20.44,17.31,37498.1,86918720.0,3934582.75,82984137.25,22.091,0.0,0.0,0.0,0.0,0.0,0.0,0.0,0.0,0.0,0.0,0.0,0.0,0.0,0.0,0.0,0.0,0.0,0.0,0.0,0.0,0.0,0.0,0.0,0.0,0.0,0.0,0.0,0.0,0.0,0.0,0.0,0.0,0.0,0.0,0.0,0.0,0.0,0.0,0.0,0.0,0.0,0.0,0.3894,0.3894,0.269
122,Tomia Timur,Wakatobi,2020,7208.43,717.21,0.0,1357.56,1881.18,0.0,0.0,139.59,0.0,0.0,0.0,0.0,0.0,0.0,0.0,38451.32,32556.73,70540648.0,20.44,17.31,37498.09,70540648.0,3315157.75,67225490.25,21.2782,0.0,0.0,0.0,0.0,0.0,0.0,0.0,0.0,0.0,0.0,0.0,0.0,0.0,0.0,0.0,0.0,0.0,0.0,0.0,0.0,0.0,0.0,0.0,0.0,0.0,0.0,0.0,0.0,0.0,0.0,0.0,0.0,0.0,0.0,0.0,0.0,0.0,0.0,0.0,0.0,0.0,0.0,0.4955,0.4955,0.777
123,Togo Binongko,Wakatobi,2020,4976.51,0.0,0.0,3014.28,698.76,0.0,0.0,117.72,0.0,0.0,0.0,0.0,0.0,0.0,0.0,14282.65,12093.12,26202172.0,20.44,17.31,37498.1,26202172.0,2288694.5,23913477.5,11.4485,0.0,0.0,0.0,0.0,0.0,0.0,0.0,0.0,0.0,0.0,0.0,0.0,0.0,0.0,0.0,0.0,0.0,0.0,0.0,0.0,0.0,0.0,0.0,0.0,0.0,0.0,0.0,0.0,0.0,0.0,0.0,0.0,0.0,0.0,0.0,0.0,0.0,0.0,0.0,0.0,0.0,0.0,0.4624,0.4624,0.2589
124,Lasusua,Kolaka Utara,2020,22009.22,12634.65,0.0,4211.91,8100.45,0.0,974.34,938.43,89.01,0.0,0.0,0.0,0.0,0.0,0.0,73633.08,62345.13,135083216.0,9.09,7.7,16676.01,135083216.0,10122042.0,124961174.0,13.3455,0.0,0.0,0.0,0.0,0.0,0.0,0.0,0.0,0.0,0.0,0.0,0.0,0.0,0.0,0.0,0.0,0.0,0.0,0.0,0.0,0.0,0.0,0.0,0.0,0.0,0.0,0.0,0.0,0.0,0.0,0.0,0.0,0.0,0.0,0.0,0.0,0.0,0.0,0.0,0.0,0.0,0.0,0.2626,0.2626,0.3663
125,Pakue,Kolaka Utara,2020,13988.34,7747.47,995.13,670.86,4487.67,0.0,21.06,261.09,889.83,0.0,0.0,0.0,0.0,0.0,0.0,40792.92,34539.37,74836448.0,9.09,7.7,16676.01,74836448.0,6433237.5,68403210.5,11.6328,0.0,0.0,0.0,0.0,0.0,0.0,0.0,0.0,0.0,0.0,0.0,0.0,0.0,0.0,0.0,0.0,0.0,0.0,0.0,0.0,0.0,0.0,0.0,0.0,0.0,0.0,0.0,0.0,0.0,0.0,0.0,0.0,0.0,0.0,0.0,0.0,0.0,0.0,0.0,0.0,0.0,0.0,0.2939,0.2939,0.1091
126,Batu Putih,Kolaka Utara,2020,21056.97,14800.32,0.0,1875.42,5700.42,99.63,597.15,78.3,514.89,436.92,278.54,994371.75,4.39,2.8,9980.65,51816.82,43873.3,95060280.0,9.09,7.7,16676.01,96054651.75,9684100.0,86370551.75,9.9188,0.0,0.0,0.0,0.0,0.0,0.0,0.0,0.0,0.0,0.0,0.0,0.0,0.0,0.0,0.0,0.0,0.0,0.0,0.0,0.0,0.0,0.0,0.0,0.0,0.0,0.0,0.0,0.0,0.0,0.0,0.0,0.0,0.0,0.0,0.0,0.0,0.0,0.0,0.0,0.0,0.0,0.0,0.2642,0.2642,0.0703
127,Rante Angin,Kolaka Utara,2020,10019.62,4502.07,0.0,206.46,3043.53,205.56,0.0,120.24,260.37,901.46,574.68,2051621.5,4.39,2.8,9980.65,27665.69,23424.54,50753952.0,9.09,7.7,16676.02,52805573.5,4608025.5,48197548.0,11.4595,0.0,0.0,0.0,0.0,0.0,0.0,0.0,0.0,0.0,0.0,0.0,0.0,0.0,0.0,0.0,0.0,0.0,0.0,0.0,0.0,0.0,0.0,0.0,0.0,0.0,0.0,0.0,0.0,0.0,0.0,0.0,0.0,0.0,0.0,0.0,0.0,0.0,0.0,0.0,0.0,0.0,0.0,0.2823,0.2823,0.3864
128,Kodeoha,Kolaka Utara,2020,11609.46,5653.53,255.87,5320.98,1308.06,60.21,990.09,119.43,21.78,264.05,168.33,600934.69,4.39,2.8,9980.65,11890.27,10067.49,21813226.0,9.09,7.7,16676.01,22414160.69,5339188.5,17074972.19,4.198,0.0,0.0,0.0,0.0,0.0,0.0,0.0,0.0,0.0,0.0,0.0,0.0,0.0,0.0,0.0,0.0,0.0,0.0,0.0,0.0,0.0,0.0,0.0,0.0,0.0,0.0,0.0,0.0,0.0,0.0,0.0,0.0,0.0,0.0,0.0,0.0,0.0,0.0,0.0,0.0,0.0,0.0,0.2456,0.2456,0.194
129,Ngapa,Kolaka Utara,2020,19535.06,3016.8,2583.72,7352.37,9157.41,0.0,0.0,184.05,0.0,0.0,0.0,0.0,0.0,0.0,0.0,83240.86,70480.03,152709072.0,9.09,7.7,16676.01,152709072.0,8984172.0,143724900.0,16.9976,0.0,0.0,0.0,0.0,0.0,0.0,0.0,0.0,0.0,0.0,0.0,0.0,0.0,0.0,0.0,0.0,0.0,0.0,0.0,0.0,0.0,0.0,0.0,0.0,0.0,0.0,0.0,0.0,0.0,0.0,0.0,0.0,0.0,0.0,0.0,0.0,0.0,0.0,0.0,0.0,0.0,0.0,0.2412,0.2412,0.15
130,Wawo,Kolaka Utara,2020,13032.28,20444.94,0.0,1580.94,4200.57,74.97,0.0,178.74,45.18,328.77,209.59,748249.0,4.39,2.8,9980.65,38183.18,32329.7,70048744.0,9.09,7.7,16676.01,70796993.0,5993547.5,64803445.5,11.8122,0.0,0.0,0.0,0.0,0.0,0.0,0.0,0.0,0.0,0.0,0.0,0.0,0.0,0.0,0.0,0.0,0.0,0.0,0.0,0.0,0.0,0.0,0.0,0.0,0.0,0.0,0.0,0.0,0.0,0.0,0.0,0.0,0.0,0.0,0.0,0.0,0.0,0.0,0.0,0.0,0.0,0.0,0.2062,0.2062,0.2649
131,Lambai,Kolaka Utara,2020,8038.44,6532.11,0.0,361.35,2732.58,0.0,111.51,51.03,13.41,0.0,0.0,0.0,0.0,0.0,0.0,24839.15,21031.31,45568540.0,9.09,7.7,16676.01,45568540.0,3696879.0,41871661.0,12.3262,0.0,0.0,0.0,0.0,0.0,0.0,0.0,0.0,0.0,0.0,0.0,0.0,0.0,0.0,0.0,0.0,0.0,0.0,0.0,0.0,0.0,0.0,0.0,0.0,0.0,0.0,0.0,0.0,0.0,0.0,0.0,0.0,0.0,0.0,0.0,0.0,0.0,0.0,0.0,0.0,0.0,0.0,0.2184,0.2184,0.3303
132,Watunohu,Kolaka Utara,2020,8042.43,95.49,1628.91,231.75,43.92,0.0,0.0,108.81,1232.64,0.0,0.0,0.0,0.0,0.0,0.0,399.23,338.03,732410.5,9.09,7.7,16676.01,732410.5,3698713.75,-2966303.25,0.198,0.0,0.0,0.0,0.0,0.0,0.0,0.0,0.0,0.0,0.0,0.0,0.0,0.0,0.0,0.0,0.0,0.0,0.0,0.0,0.0,0.0,0.0,0.0,0.0,0.0,0.0,0.0,0.0,0.0,0.0,0.0,0.0,0.0,0.0,0.0,0.0,0.0,0.0,0.0,0.0,0.0,0.0,0.5456,0.5456,0.1223
133,Pakue Tengah,Kolaka Utara,2020,12224.14,11235.51,0.0,737.82,4826.61,144.63,0.0,108.99,401.58,634.26,404.34,1443500.88,4.39,2.8,9980.65,43873.88,37148.02,80488624.0,9.09,7.7,16676.02,81932124.88,5621882.5,76310242.38,14.5738,0.0,0.0,0.0,0.0,0.0,0.0,0.0,0.0,0.0,0.0,0.0,0.0,0.0,0.0,0.0,0.0,0.0,0.0,0.0,0.0,0.0,0.0,0.0,0.0,0.0,0.0,0.0,0.0,0.0,0.0,0.0,0.0,0.0,0.0,0.0,0.0,0.0,0.0,0.0,0.0,0.0,0.0,0.2499,0.2499,0.0895
134,Pakue Utara,Kolaka Utara,2020,11879.52,16598.16,15.39,169.47,4963.14,115.92,0.0,101.07,424.26,508.36,324.08,1156956.38,4.39,2.8,9980.65,45114.94,38198.8,82765392.0,9.09,7.7,16676.01,83922348.38,5463388.0,78458960.38,15.3609,0.0,0.0,0.0,0.0,0.0,0.0,0.0,0.0,0.0,0.0,0.0,0.0,0.0,0.0,0.0,0.0,0.0,0.0,0.0,0.0,0.0,0.0,0.0,0.0,0.0,0.0,0.0,0.0,0.0,0.0,0.0,0.0,0.0,0.0,0.0,0.0,0.0,0.0,0.0,0.0,0.0,0.0,0.1583,0.1583,0.085
135,Porehu,Kolaka Utara,2020,20248.28,39859.92,0.0,4109.76,13132.17,0.0,0.0,60.93,17.64,0.0,0.0,0.0,0.0,0.0,0.0,119371.4,101071.77,218992240.0,9.09,7.7,16676.01,218992240.0,9312184.0,209680056.0,23.5167,0.0,0.0,0.0,0.0,0.0,0.0,0.0,0.0,0.0,0.0,0.0,0.0,0.0,0.0,0.0,0.0,0.0,0.0,0.0,0.0,0.0,0.0,0.0,0.0,0.0,0.0,0.0,0.0,0.0,0.0,0.0,0.0,0.0,0.0,0.0,0.0,0.0,0.0,0.0,0.0,0.0,0.0,0.1666,0.1666,0.0608
136,Katoi,Kolaka Utara,2020,9405.36,8622.9,0.0,2475.18,972.0,19.98,2221.2,145.35,0.0,87.62,55.86,199413.31,4.39,2.8,9980.65,8835.48,7481.0,16209084.0,9.09,7.7,16676.01,16408497.31,4325524.5,12082972.81,3.7934,0.0,0.0,0.0,0.0,0.0,0.0,0.0,0.0,0.0,0.0,0.0,0.0,0.0,0.0,0.0,0.0,0.0,0.0,0.0,0.0,0.0,0.0,0.0,0.0,0.0,0.0,0.0,0.0,0.0,0.0,0.0,0.0,0.0,0.0,0.0,0.0,0.0,0.0,0.0,0.0,0.0,0.0,0.2127,0.2127,0.2459
137,Tiwu,Kolaka Utara,2020,5156.94,45.18,584.37,2490.93,307.98,0.0,0.0,44.73,78.21,0.0,0.0,0.0,0.0,0.0,0.0,2799.54,2370.37,5135878.5,9.09,7.7,16676.01,5135878.5,2371678.0,2764200.5,2.1655,0.0,0.0,0.0,0.0,0.0,0.0,0.0,0.0,0.0,0.0,0.0,0.0,0.0,0.0,0.0,0.0,0.0,0.0,0.0,0.0,0.0,0.0,0.0,0.0,0.0,0.0,0.0,0.0,0.0,0.0,0.0,0.0,0.0,0.0,0.0,0.0,0.0,0.0,0.0,0.0,0.0,0.0,0.4103,0.4103,0.1583
138,Tolala,Kolaka Utara,2020,17429.32,21451.32,0.0,2117.61,4567.95,0.0,107.19,174.33,170.01,0.0,0.0,0.0,0.0,0.0,0.0,41522.67,35157.23,76175192.0,9.09,7.7,16676.01,76175192.0,8015742.0,68159450.0,9.5032,0.0,0.0,0.0,0.0,0.0,0.0,0.0,0.0,0.0,0.0,0.0,0.0,0.0,0.0,0.0,0.0,0.0,0.0,0.0,0.0,0.0,0.0,0.0,0.0,0.0,0.0,0.0,0.0,0.0,0.0,0.0,0.0,0.0,0.0,0.0,0.0,0.0,0.0,0.0,0.0,0.0,0.0,0.3499,0.3499,0.0271
139,Asera,Konawe Utara,2020,12358.92,132882.39,485.46,10602.9,4752.81,0.0,0.45,244.08,616.5,0.0,0.0,0.0,0.0,0.0,0.0,18631.02,15774.88,34179428.0,3.92,3.32,7191.41,34179428.0,5683859.0,28495569.0,6.0134,0.0,0.0,0.0,0.0,0.0,0.0,0.0,0.0,0.0,0.0,0.0,0.0,0.0,0.0,0.0,0.0,0.0,0.0,0.0,0.0,0.0,0.0,0.0,0.0,0.0,0.0,0.0,0.0,0.0,0.0,0.0,0.0,0.0,0.0,0.0,0.0,0.0,0.0,0.0,0.0,0.0,0.0,0.0676,0.0676,0.2336
140,Wiwirano,Konawe Utara,2020,6008.26,76209.3,7753.32,3892.86,1637.37,758.25,48.69,638.64,212.04,2573.04,1640.31,5855914.5,3.39,2.16,7722.93,6418.49,5434.54,11775011.0,3.92,3.32,7191.42,17630925.5,2763196.75,14867728.75,6.3806,0.0,0.0,0.0,0.0,0.0,0.0,0.0,0.0,0.0,0.0,0.0,0.0,0.0,0.0,0.0,0.0,0.0,0.0,0.0,0.0,0.0,0.0,0.0,0.0,0.0,0.0,0.0,0.0,0.0,0.0,0.0,0.0,0.0,0.0,0.0,0.0,0.0,0.0,0.0,0.0,0.0,0.0,0.2423,0.2423,0.1449
141,Langgikima,Konawe Utara,2020,3034.55,4104.99,4380.66,2044.08,1717.83,0.0,1756.44,63.36,4.41,0.0,0.0,0.0,0.0,0.0,0.0,6733.89,5701.59,12353631.0,3.92,3.32,7191.42,12353631.0,1395588.25,10958042.75,8.8519,0.0,0.0,0.0,0.0,0.0,0.0,0.0,0.0,0.0,0.0,0.0,0.0,0.0,0.0,0.0,0.0,0.0,0.0,0.0,0.0,0.0,0.0,0.0,0.0,0.0,0.0,0.0,0.0,0.0,0.0,0.0,0.0,0.0,0.0,0.0,0.0,0.0,0.0,0.0,0.0,0.0,0.0,0.5956,0.5956,0.2108
142,Molawe,Konawe Utara,2020,3489.85,11118.51,116.55,1467.63,2420.1,0.0,721.71,214.2,441.99,0.0,0.0,0.0,0.0,0.0,0.0,9486.79,8032.47,17403948.0,3.92,3.32,7191.42,17403948.0,1604983.12,15798964.88,10.8437,0.0,0.0,0.0,0.0,0.0,0.0,0.0,0.0,0.0,0.0,0.0,0.0,0.0,0.0,0.0,0.0,0.0,0.0,0.0,0.0,0.0,0.0,0.0,0.0,0.0,0.0,0.0,0.0,0.0,0.0,0.0,0.0,0.0,0.0,0.0,0.0,0.0,0.0,0.0,0.0,0.0,0.0,0.351,0.351,0.4085
143,Lasolo,Konawe Utara,2020,4348.04,15648.21,0.0,1319.13,1981.35,0.0,307.98,183.24,38.43,0.0,0.0,0.0,0.0,0.0,0.0,7766.89,6576.23,14248712.0,3.92,3.32,7191.42,14248712.0,1999665.62,12249046.38,7.1255,0.0,0.0,0.0,0.0,0.0,0.0,0.0,0.0,0.0,0.0,0.0,0.0,0.0,0.0,0.0,0.0,0.0,0.0,0.0,0.0,0.0,0.0,0.0,0.0,0.0,0.0,0.0,0.0,0.0,0.0,0.0,0.0,0.0,0.0,0.0,0.0,0.0,0.0,0.0,0.0,0.0,0.0,0.3348,0.3348,0.466
144,Lembo,Konawe Utara,2020,2058.27,5075.73,24.84,669.24,4046.13,0.0,0.0,112.41,47.61,0.0,0.0,0.0,0.0,0.0,0.0,15860.83,13429.37,29097406.0,3.92,3.32,7191.42,29097406.0,946599.44,28150806.56,30.7389,0.0,0.0,0.0,0.0,0.0,0.0,0.0,0.0,0.0,0.0,0.0,0.0,0.0,0.0,0.0,0.0,0.0,0.0,0.0,0.0,0.0,0.0,0.0,0.0,0.0,0.0,0.0,0.0,0.0,0.0,0.0,0.0,0.0,0.0,0.0,0.0,0.0,0.0,0.0,0.0,0.0,0.0,0.3433,0.3433,0.4797
145,Sawa,Konawe Utara,2020,961.04,398.34,81.99,603.45,2492.37,47.43,0.0,170.55,0.0,160.95,102.6,366298.75,3.39,2.16,7722.93,9770.09,8272.34,17923668.0,3.92,3.32,7191.42,18289966.75,441981.62,17847985.12,41.3817,0.0,0.0,0.0,0.0,0.0,0.0,0.0,0.0,0.0,0.0,0.0,0.0,0.0,0.0,0.0,0.0,0.0,0.0,0.0,0.0,0.0,0.0,0.0,0.0,0.0,0.0,0.0,0.0,0.0,0.0,0.0,0.0,0.0,0.0,0.0,0.0,0.0,0.0,0.0,0.0,0.0,0.0,0.5433,0.5433,0.6289
146,Oheo,Konawe Utara,2020,5225.63,31792.59,1146.51,3345.12,2344.95,2443.86,14.31,95.67,269.46,8292.97,5286.77,18873768.0,3.39,2.16,7722.93,9192.21,7783.04,16863512.0,3.92,3.32,7191.42,35737280.0,2403268.5,33334011.5,14.8703,0.0,0.0,0.0,0.0,0.0,0.0,0.0,0.0,0.0,0.0,0.0,0.0,0.0,0.0,0.0,0.0,0.0,0.0,0.0,0.0,0.0,0.0,0.0,0.0,0.0,0.0,0.0,0.0,0.0,0.0,0.0,0.0,0.0,0.0,0.0,0.0,0.0,0.0,0.0,0.0,0.0,0.0,0.2631,0.2631,0.2609
147,Andowia,Konawe Utara,2020,4114.24,9829.17,3154.77,2096.55,1477.08,0.0,76.05,349.74,115.65,0.0,0.0,0.0,0.0,0.0,0.0,5790.15,4902.52,10622297.0,3.92,3.32,7191.42,10622297.0,1892138.25,8730158.75,5.6139,0.0,0.0,0.0,0.0,0.0,0.0,0.0,0.0,0.0,0.0,0.0,0.0,0.0,0.0,0.0,0.0,0.0,0.0,0.0,0.0,0.0,0.0,0.0,0.0,0.0,0.0,0.0,0.0,0.0,0.0,0.0,0.0,0.0,0.0,0.0,0.0,0.0,0.0,0.0,0.0,0.0,0.0,0.3873,0.3873,0.4697
148,Motui,Konawe Utara,2020,2115.76,2898.63,166.95,1760.58,1066.23,75.69,225.54,116.64,2011.5,256.85,163.74,584548.88,3.39,2.16,7722.93,4179.62,3538.89,7667703.5,3.92,3.32,7191.42,8252252.38,973036.75,7279215.62,8.4809,0.0,0.0,0.0,0.0,0.0,0.0,0.0,0.0,0.0,0.0,0.0,0.0,0.0,0.0,0.0,0.0,0.0,0.0,0.0,0.0,0.0,0.0,0.0,0.0,0.0,0.0,0.0,0.0,0.0,0.0,0.0,0.0,0.0,0.0,0.0,0.0,0.0,0.0,0.0,0.0,0.0,0.0,0.5695,0.5695,0.6146
149,Wawolesea,Konawe Utara,2020,1156.18,2554.02,6.48,515.61,1713.15,0.0,0.0,35.55,0.0,0.0,0.0,0.0,0.0,0.0,0.0,6715.55,5686.06,12319974.0,3.92,3.32,7191.42,12319974.0,531728.88,11788245.12,23.1697,0.0,0.0,0.0,0.0,0.0,0.0,0.0,0.0,0.0,0.0,0.0,0.0,0.0,0.0,0.0,0.0,0.0,0.0,0.0,0.0,0.0,0.0,0.0,0.0,0.0,0.0,0.0,0.0,0.0,0.0,0.0,0.0,0.0,0.0,0.0,0.0,0.0,0.0,0.0,0.0,0.0,0.0,0.4882,0.4882,0.4267
150,Lasolo Kepulauan,Konawe Utara,2020,2055.35,20295.63,1462.41,2377.26,189.45,0.0,1571.49,18.18,523.35,0.0,0.0,0.0,0.0,0.0,0.0,742.64,628.8,1362414.0,3.92,3.32,7191.42,1362414.0,945255.19,417158.81,1.4413,0.0,0.0,0.0,0.0,0.0,0.0,0.0,0.0,0.0,0.0,0.0,0.0,0.0,0.0,0.0,0.0,0.0,0.0,0.0,0.0,0.0,0.0,0.0,0.0,0.0,0.0,0.0,0.0,0.0,0.0,0.0,0.0,0.0,0.0,0.0,0.0,0.0,0.0,0.0,0.0,0.0,0.0,0.2793,0.2793,0.3007
151,Landawe,Konawe Utara,2020,2624.92,8063.37,2954.88,3037.59,1250.37,1989.72,1144.62,132.39,187.74,6751.9,4304.33,15366476.0,3.39,2.16,7722.93,4901.45,4150.06,8991931.0,3.92,3.32,7191.42,24358407.0,1207201.38,23151205.62,20.1776,0.0,0.0,0.0,0.0,0.0,0.0,0.0,0.0,0.0,0.0,0.0,0.0,0.0,0.0,0.0,0.0,0.0,0.0,0.0,0.0,0.0,0.0,0.0,0.0,0.0,0.0,0.0,0.0,0.0,0.0,0.0,0.0,0.0,0.0,0.0,0.0,0.0,0.0,0.0,0.0,0.0,0.0,0.3986,0.3986,0.1937
152,Kulisusu,Buton Utara,2020,13134.95,5846.49,35.37,2490.66,6666.66,0.0,0.0,605.79,47.7,0.0,0.0,0.0,0.0,0.0,0.0,120399.84,101942.57,220879024.0,18.06,15.29,33131.89,220879024.0,6040764.0,214838260.0,36.5647,0.0,0.0,0.0,0.0,0.0,0.0,0.0,0.0,0.0,0.0,0.0,0.0,0.0,0.0,0.0,0.0,0.0,0.0,0.0,0.0,0.0,0.0,0.0,0.0,0.0,0.0,0.0,0.0,0.0,0.0,0.0,0.0,0.0,0.0,0.0,0.0,0.0,0.0,0.0,0.0,0.0,0.0,0.6028,0.6028,0.8454
153,Kambowa,Buton Utara,2020,11453.68,17979.93,13.59,1506.78,6331.68,0.0,0.0,185.94,0.0,0.0,0.0,0.0,0.0,0.0,0.0,114350.12,96820.25,209780448.0,18.06,15.29,33131.88,209780448.0,5267546.0,204512902.0,39.8251,0.0,0.0,0.0,0.0,0.0,0.0,0.0,0.0,0.0,0.0,0.0,0.0,0.0,0.0,0.0,0.0,0.0,0.0,0.0,0.0,0.0,0.0,0.0,0.0,0.0,0.0,0.0,0.0,0.0,0.0,0.0,0.0,0.0,0.0,0.0,0.0,0.0,0.0,0.0,0.0,0.0,0.0,0.3585,0.3585,0.4241
154,Bonegunu,Buton Utara,2020,13573.26,29477.61,34.56,3511.62,5107.59,0.0,0.0,178.83,173.61,0.0,0.0,0.0,0.0,0.0,0.0,92243.07,78102.2,169224064.0,18.06,15.29,33131.88,169224064.0,6242341.5,162981722.5,27.1091,0.0,0.0,0.0,0.0,0.0,0.0,0.0,0.0,0.0,0.0,0.0,0.0,0.0,0.0,0.0,0.0,0.0,0.0,0.0,0.0,0.0,0.0,0.0,0.0,0.0,0.0,0.0,0.0,0.0,0.0,0.0,0.0,0.0,0.0,0.0,0.0,0.0,0.0,0.0,0.0,0.0,0.0,0.3861,0.3861,0.6455
155,Kulisusu Barat,Buton Utara,2020,9106.35,20312.91,0.0,1175.94,7975.71,225.81,0.0,210.78,20.16,0.0,0.0,0.0,0.0,0.0,0.0,144041.33,121959.8,264250320.0,18.06,15.29,33131.89,264250320.0,4188009.5,260062310.5,63.0969,0.0,0.0,0.0,0.0,0.0,0.0,0.0,0.0,0.0,0.0,0.0,0.0,0.0,0.0,0.0,0.0,0.0,0.0,0.0,0.0,0.0,0.0,0.0,0.0,0.0,0.0,0.0,0.0,0.0,0.0,0.0,0.0,0.0,0.0,0.0,0.0,0.0,0.0,0.0,0.0,0.0,0.0,0.3083,0.3083,0.6126
156,Kulisusu Utara,Buton Utara,2020,9937.81,35775.18,37.62,1540.71,6308.73,0.0,0.0,194.94,2.61,0.0,0.0,0.0,0.0,0.0,0.0,113935.67,96469.34,209020096.0,18.06,15.29,33131.88,209020096.0,4570399.0,204449697.0,45.7334,0.0,0.0,0.0,0.0,0.0,0.0,0.0,0.0,0.0,0.0,0.0,0.0,0.0,0.0,0.0,0.0,0.0,0.0,0.0,0.0,0.0,0.0,0.0,0.0,0.0,0.0,0.0,0.0,0.0,0.0,0.0,0.0,0.0,0.0,0.0,0.0,0.0,0.0,0.0,0.0,0.0,0.0,0.4205,0.4205,0.4888
157,Wakorumba Utara,Buton Utara,2020,5669.58,15542.64,0.0,1677.42,4067.37,0.0,0.0,181.53,2.16,0.0,0.0,0.0,0.0,0.0,0.0,73456.7,62195.79,134759632.0,18.06,15.29,33131.88,134759632.0,2607439.25,132152192.75,51.6828,0.0,0.0,0.0,0.0,0.0,0.0,0.0,0.0,0.0,0.0,0.0,0.0,0.0,0.0,0.0,0.0,0.0,0.0,0.0,0.0,0.0,0.0,0.0,0.0,0.0,0.0,0.0,0.0,0.0,0.0,0.0,0.0,0.0,0.0,0.0,0.0,0.0,0.0,0.0,0.0,0.0,0.0,0.3607,0.3607,0.5085
158,Tirawuta,Kolaka Timur,2020,18756.91,13494.06,43.92,2097.99,6751.53,478.44,0.0,502.11,0.0,2158.1,1375.79,4911575.0,4.51,2.88,10265.81,98774.89,83632.71,181206960.0,14.63,12.39,26839.39,186118535.0,8626301.0,177492234.0,21.5757,0.0,0.0,0.0,0.0,0.0,0.0,0.0,0.0,0.0,0.0,0.0,0.0,0.0,0.0,0.0,0.0,0.0,0.0,0.0,0.0,0.0,0.0,0.0,0.0,0.0,0.0,0.0,0.0,0.0,0.0,0.0,0.0,0.0,0.0,0.0,0.0,0.0,0.0,0.0,0.0,0.0,0.0,0.3488,0.3488,0.5042
159,Loea,Kolaka Timur,2020,8119.26,4233.96,21.78,662.31,3126.33,1095.39,8.46,271.8,11.43,4940.99,3149.88,11245067.0,4.51,2.88,10265.81,45738.21,38726.54,83908792.0,14.63,12.39,26839.39,95153859.0,3734046.5,91419812.5,25.4828,0.0,0.0,0.0,0.0,0.0,0.0,0.0,0.0,0.0,0.0,0.0,0.0,0.0,0.0,0.0,0.0,0.0,0.0,0.0,0.0,0.0,0.0,0.0,0.0,0.0,0.0,0.0,0.0,0.0,0.0,0.0,0.0,0.0,0.0,0.0,0.0,0.0,0.0,0.0,0.0,0.0,0.0,0.2974,0.2974,0.4468
160,Ladongi,Kolaka Timur,2020,19577.07,3700.17,88.47,2093.58,5722.56,3919.95,2.97,847.71,0.0,17681.75,11272.12,40241456.0,4.51,2.88,10265.81,83721.05,70886.62,153590032.0,14.63,12.39,26839.39,193831488.0,9003495.0,184827993.0,21.5285,0.0,0.0,0.0,0.0,0.0,0.0,0.0,0.0,0.0,0.0,0.0,0.0,0.0,0.0,0.0,0.0,0.0,0.0,0.0,0.0,0.0,0.0,0.0,0.0,0.0,0.0,0.0,0.0,0.0,0.0,0.0,0.0,0.0,0.0,0.0,0.0,0.0,0.0,0.0,0.0,0.0,0.0,0.3687,0.3687,0.416
161,Poli Polia,Kolaka Timur,2020,14340.3,224.28,62.1,1025.37,9586.62,676.89,0.0,552.15,0.0,3053.25,1946.45,6948824.0,4.51,2.88,10265.81,140252.25,118751.59,257299040.0,14.63,12.39,26839.39,264247864.0,6595102.5,257652761.5,40.0673,0.0,0.0,0.0,0.0,0.0,0.0,0.0,0.0,0.0,0.0,0.0,0.0,0.0,0.0,0.0,0.0,0.0,0.0,0.0,0.0,0.0,0.0,0.0,0.0,0.0,0.0,0.0,0.0,0.0,0.0,0.0,0.0,0.0,0.0,0.0,0.0,0.0,0.0,0.0,0.0,0.0,0.0,0.4821,0.4821,0.386
162,Lambandia,Kolaka Timur,2020,23987.38,1686.51,154.8,939.51,13376.16,4141.98,0.0,818.28,0.0,18683.27,11910.58,42520788.0,4.51,2.88,10265.81,195693.25,165693.44,359007968.0,14.63,12.39,26839.39,401528756.0,11031796.0,390496960.0,36.3974,0.0,0.0,0.0,0.0,0.0,0.0,0.0,0.0,0.0,0.0,0.0,0.0,0.0,0.0,0.0,0.0,0.0,0.0,0.0,0.0,0.0,0.0,0.0,0.0,0.0,0.0,0.0,0.0,0.0,0.0,0.0,0.0,0.0,0.0,0.0,0.0,0.0,0.0,0.0,0.0,0.0,0.0,0.4609,0.4609,0.293
163,Lalolae,Kolaka Timur,2020,5706.06,1699.83,905.49,846.81,725.94,722.61,0.0,106.02,0.0,3259.48,2077.92,7418177.0,4.51,2.88,10265.81,10620.5,8992.38,19483788.0,14.63,12.39,26839.39,26901965.0,2624215.75,24277749.25,10.2514,0.0,0.0,0.0,0.0,0.0,0.0,0.0,0.0,0.0,0.0,0.0,0.0,0.0,0.0,0.0,0.0,0.0,0.0,0.0,0.0,0.0,0.0,0.0,0.0,0.0,0.0,0.0,0.0,0.0,0.0,0.0,0.0,0.0,0.0,0.0,0.0,0.0,0.0,0.0,0.0,0.0,0.0,0.591,0.591,0.5037
164,Mowewe,Kolaka Timur,2020,13387.83,13106.25,0.0,794.43,1788.84,1757.7,0.0,265.77,0.0,7928.47,5054.4,18044214.0,4.51,2.88,10265.81,26170.73,22158.76,48011372.0,14.63,12.39,26839.39,66055586.0,6157062.0,59898524.0,10.7284,0.0,0.0,0.0,0.0,0.0,0.0,0.0,0.0,0.0,0.0,0.0,0.0,0.0,0.0,0.0,0.0,0.0,0.0,0.0,0.0,0.0,0.0,0.0,0.0,0.0,0.0,0.0,0.0,0.0,0.0,0.0,0.0,0.0,0.0,0.0,0.0,0.0,0.0,0.0,0.0,0.0,0.0,0.3471,0.3471,0.5348
165,Uluiwoi,Kolaka Timur,2020,9634.0,19305.18,0.0,1274.22,2844.54,0.0,0.0,95.67,89.1,0.0,0.0,0.0,0.0,0.0,0.0,41615.62,35235.95,76345720.0,14.63,12.39,26839.39,76345720.0,4430677.5,71915042.5,17.2312,0.0,0.0,0.0,0.0,0.0,0.0,0.0,0.0,0.0,0.0,0.0,0.0,0.0,0.0,0.0,0.0,0.0,0.0,0.0,0.0,0.0,0.0,0.0,0.0,0.0,0.0,0.0,0.0,0.0,0.0,0.0,0.0,0.0,0.0,0.0,0.0,0.0,0.0,0.0,0.0,0.0,0.0,0.252,0.252,0.4005
166,Tinondo,Kolaka Timur,2020,18783.56,28080.18,1768.32,1294.83,8013.06,568.98,0.0,264.33,2.25,2566.5,1636.15,5841041.0,4.51,2.88,10265.81,117231.07,99259.52,215065696.0,14.63,12.39,26839.4,220906737.0,8638558.0,212268179.0,25.5722,0.0,0.0,0.0,0.0,0.0,0.0,0.0,0.0,0.0,0.0,0.0,0.0,0.0,0.0,0.0,0.0,0.0,0.0,0.0,0.0,0.0,0.0,0.0,0.0,0.0,0.0,0.0,0.0,0.0,0.0,0.0,0.0,0.0,0.0,0.0,0.0,0.0,0.0,0.0,0.0,0.0,0.0,0.266,0.266,0.485
167,Aere,Kolaka Timur,2020,16060.16,11565.27,25.2,2918.43,15770.97,346.41,0.0,74.61,0.0,1562.55,996.13,3556179.0,4.51,2.88,10265.81,230729.25,195358.45,423283264.0,14.63,12.39,26839.39,426839443.0,7386066.0,419453377.0,57.7898,0.0,0.0,0.0,0.0,0.0,0.0,0.0,0.0,0.0,0.0,0.0,0.0,0.0,0.0,0.0,0.0,0.0,0.0,0.0,0.0,0.0,0.0,0.0,0.0,0.0,0.0,0.0,0.0,0.0,0.0,0.0,0.0,0.0,0.0,0.0,0.0,0.0,0.0,0.0,0.0,0.0,0.0,0.3769,0.3769,0.3791
168,Ueesi,Kolaka Timur,2020,19922.64,180212.85,0.0,3059.01,3521.25,0.0,0.0,55.89,312.84,0.0,0.0,0.0,0.0,0.0,0.0,51515.9,43618.49,94508208.0,14.63,12.39,26839.39,94508208.0,9162422.0,85345786.0,10.3148,0.0,0.0,0.0,0.0,0.0,0.0,0.0,0.0,0.0,0.0,0.0,0.0,0.0,0.0,0.0,0.0,0.0,0.0,0.0,0.0,0.0,0.0,0.0,0.0,0.0,0.0,0.0,0.0,0.0,0.0,0.0,0.0,0.0,0.0,0.0,0.0,0.0,0.0,0.0,0.0,0.0,0.0,0.0699,0.0699,0.1765
169,Dangia,Kolaka Timur,2020,10928.85,2162.79,108.72,2255.4,6937.74,561.78,0.0,554.31,0.0,2534.03,1615.44,5767127.5,4.51,2.88,10265.81,101499.14,85939.32,186204704.0,14.63,12.39,26839.39,191971831.5,5026177.0,186945654.5,38.1944,0.0,0.0,0.0,0.0,0.0,0.0,0.0,0.0,0.0,0.0,0.0,0.0,0.0,0.0,0.0,0.0,0.0,0.0,0.0,0.0,0.0,0.0,0.0,0.0,0.0,0.0,0.0,0.0,0.0,0.0,0.0,0.0,0.0,0.0,0.0,0.0,0.0,0.0,0.0,0.0,0.0,0.0,0.4599,0.4599,0.3218
170,Wawonii Barat,Konawe Kepulauan,2020,9307.53,3862.8,120.87,3048.12,3043.62,0.0,0.0,163.35,0.0,0.0,0.0,0.0,0.0,0.0,0.0,58467.94,49504.81,107262064.0,19.21,16.27,35241.61,107262064.0,4280530.0,102981534.0,25.0581,0.0,0.0,0.0,0.0,0.0,0.0,0.0,0.0,0.0,0.0,0.0,0.0,0.0,0.0,0.0,0.0,0.0,0.0,0.0,0.0,0.0,0.0,0.0,0.0,0.0,0.0,0.0,0.0,0.0,0.0,0.0,0.0,0.0,0.0,0.0,0.0,0.0,0.0,0.0,0.0,0.0,0.0,0.4316,0.4316,0.2541
171,Wawonii Utara,Konawe Kepulauan,2020,5720.38,5866.02,0.0,2387.25,3059.73,114.48,0.0,63.27,0.0,0.0,0.0,0.0,0.0,0.0,0.0,58777.41,49766.84,107829808.0,19.21,16.27,35241.61,107829808.0,2630801.5,105199006.5,40.9874,0.0,0.0,0.0,0.0,0.0,0.0,0.0,0.0,0.0,0.0,0.0,0.0,0.0,0.0,0.0,0.0,0.0,0.0,0.0,0.0,0.0,0.0,0.0,0.0,0.0,0.0,0.0,0.0,0.0,0.0,0.0,0.0,0.0,0.0,0.0,0.0,0.0,0.0,0.0,0.0,0.0,0.0,0.3124,0.3124,0.2075
172,Wawonii Timur Laut,Konawe Kepulauan,2020,2648.03,872.73,0.0,880.56,1642.77,0.0,0.0,60.84,121.5,0.0,0.0,0.0,0.0,0.0,0.0,31557.61,26719.83,57893852.0,19.21,16.27,35241.61,57893852.0,1217828.75,56676023.25,47.5386,0.0,0.0,0.0,0.0,0.0,0.0,0.0,0.0,0.0,0.0,0.0,0.0,0.0,0.0,0.0,0.0,0.0,0.0,0.0,0.0,0.0,0.0,0.0,0.0,0.0,0.0,0.0,0.0,0.0,0.0,0.0,0.0,0.0,0.0,0.0,0.0,0.0,0.0,0.0,0.0,0.0,0.0,0.4394,0.4394,0.1698
173,Wawonii Timur,Konawe Kepulauan,2020,5039.87,3130.11,0.0,2185.47,3723.12,0.0,0.0,54.54,0.0,0.0,0.0,0.0,0.0,0.0,0.0,71521.14,60556.95,131208744.0,19.21,16.27,35241.61,131208744.0,2317836.25,128890907.75,56.6083,0.0,0.0,0.0,0.0,0.0,0.0,0.0,0.0,0.0,0.0,0.0,0.0,0.0,0.0,0.0,0.0,0.0,0.0,0.0,0.0,0.0,0.0,0.0,0.0,0.0,0.0,0.0,0.0,0.0,0.0,0.0,0.0,0.0,0.0,0.0,0.0,0.0,0.0,0.0,0.0,0.0,0.0,0.2462,0.2462,0.1779
174,Wawonii Tenggara,Konawe Kepulauan,2020,7538.53,8688.06,0.0,5925.87,873.45,0.0,138.42,67.5,0.0,0.0,0.0,0.0,0.0,0.0,0.0,16778.97,14206.76,30781776.0,19.21,16.27,35241.6,30781776.0,3466971.25,27314804.75,8.8786,0.0,0.0,0.0,0.0,0.0,0.0,0.0,0.0,0.0,0.0,0.0,0.0,0.0,0.0,0.0,0.0,0.0,0.0,0.0,0.0,0.0,0.0,0.0,0.0,0.0,0.0,0.0,0.0,0.0,0.0,0.0,0.0,0.0,0.0,0.0,0.0,0.0,0.0,0.0,0.0,0.0,0.0,0.316,0.316,0.2158
175,Wawonii Selatan,Konawe Kepulauan,2020,6108.71,6949.35,0.0,3449.52,3369.06,91.44,0.0,33.93,0.36,0.0,0.0,0.0,0.0,0.0,0.0,64719.63,54798.12,118731096.0,19.21,16.27,35241.61,118731096.0,2809396.5,115921699.5,42.2621,0.0,0.0,0.0,0.0,0.0,0.0,0.0,0.0,0.0,0.0,0.0,0.0,0.0,0.0,0.0,0.0,0.0,0.0,0.0,0.0,0.0,0.0,0.0,0.0,0.0,0.0,0.0,0.0,0.0,0.0,0.0,0.0,0.0,0.0,0.0,0.0,0.0,0.0,0.0,0.0,0.0,0.0,0.3964,0.3964,0.2538
176,Wawonii Tengah,Konawe Kepulauan,2020,5671.42,1647.0,0.0,2740.77,1921.68,0.0,0.0,123.48,94.41,0.0,0.0,0.0,0.0,0.0,0.0,36915.47,31256.33,67723080.0,19.21,16.27,35241.6,67723080.0,2608287.25,65114792.75,25.9646,0.0,0.0,0.0,0.0,0.0,0.0,0.0,0.0,0.0,0.0,0.0,0.0,0.0,0.0,0.0,0.0,0.0,0.0,0.0,0.0,0.0,0.0,0.0,0.0,0.0,0.0,0.0,0.0,0.0,0.0,0.0,0.0,0.0,0.0,0.0,0.0,0.0,0.0,0.0,0.0,0.0,0.0,0.4485,0.4485,0.2817
177,Sawerigadi,Muna Barat,2020,13102.93,759.06,130.32,1381.95,7543.35,246.33,0.0,102.15,6.57,771.38,491.75,1755558.88,3.13,2.0,7126.86,60497.67,51223.37,110985680.0,8.02,6.79,14713.05,112741238.88,6026039.0,106715199.88,18.709,0.0,0.0,0.0,0.0,0.0,0.0,0.0,0.0,0.0,0.0,0.0,0.0,0.0,0.0,0.0,0.0,0.0,0.0,0.0,0.0,0.0,0.0,0.0,0.0,0.0,0.0,0.0,0.0,0.0,0.0,0.0,0.0,0.0,0.0,0.0,0.0,0.0,0.0,0.0,0.0,0.0,0.0,0.4739,0.4739,0.5045
178,Barangka,Muna Barat,2020,6940.96,0.0,0.0,920.43,3536.73,0.0,0.0,225.63,0.0,0.0,0.0,0.0,0.0,0.0,0.0,28364.57,24016.29,52036092.0,8.02,6.79,14713.05,52036092.0,3192145.25,48843946.75,16.3013,0.0,0.0,0.0,0.0,0.0,0.0,0.0,0.0,0.0,0.0,0.0,0.0,0.0,0.0,0.0,0.0,0.0,0.0,0.0,0.0,0.0,0.0,0.0,0.0,0.0,0.0,0.0,0.0,0.0,0.0,0.0,0.0,0.0,0.0,0.0,0.0,0.0,0.0,0.0,0.0,0.0,0.0,0.5871,0.5871,0.4342
179,Lawa,Muna Barat,2020,10659.69,359.1,0.0,3090.24,5039.73,0.0,0.0,180.72,24.93,0.0,0.0,0.0,0.0,0.0,0.0,40418.63,34222.45,74149808.0,8.02,6.79,14713.05,74149808.0,4902390.5,69247417.5,15.1252,0.0,0.0,0.0,0.0,0.0,0.0,0.0,0.0,0.0,0.0,0.0,0.0,0.0,0.0,0.0,0.0,0.0,0.0,0.0,0.0,0.0,0.0,0.0,0.0,0.0,0.0,0.0,0.0,0.0,0.0,0.0,0.0,0.0,0.0,0.0,0.0,0.0,0.0,0.0,0.0,0.0,0.0,0.4926,0.4926,0.4213
180,Wadaga,Muna Barat,2020,11667.72,2940.21,87.75,1482.21,9450.72,0.0,0.0,74.79,0.0,0.0,0.0,0.0,0.0,0.0,0.0,75794.77,64175.43,139048944.0,8.02,6.79,14713.05,139048944.0,5365985.0,133682959.0,25.913,0.0,0.0,0.0,0.0,0.0,0.0,0.0,0.0,0.0,0.0,0.0,0.0,0.0,0.0,0.0,0.0,0.0,0.0,0.0,0.0,0.0,0.0,0.0,0.0,0.0,0.0,0.0,0.0,0.0,0.0,0.0,0.0,0.0,0.0,0.0,0.0,0.0,0.0,0.0,0.0,0.0,0.0,0.3982,0.3982,0.502
181,Tiworo Selatan,Muna Barat,2020,8724.48,167.67,0.0,563.22,4147.38,338.49,0.0,224.64,145.26,1059.97,675.73,2412370.0,3.13,2.0,7126.86,33261.98,28162.92,61020612.0,8.02,6.79,14713.05,63432982.0,4012390.75,59420591.25,15.8093,0.0,0.0,0.0,0.0,0.0,0.0,0.0,0.0,0.0,0.0,0.0,0.0,0.0,0.0,0.0,0.0,0.0,0.0,0.0,0.0,0.0,0.0,0.0,0.0,0.0,0.0,0.0,0.0,0.0,0.0,0.0,0.0,0.0,0.0,0.0,0.0,0.0,0.0,0.0,0.0,0.0,0.0,0.5819,0.5819,0.6979
182,Maginti,Muna Barat,2020,5230.95,407.34,0.0,734.85,2205.63,6.75,0.0,112.68,92.97,21.14,13.48,48106.29,3.13,2.0,7126.86,17689.15,14977.41,32451546.0,8.02,6.79,14713.05,32499652.29,2405714.5,30093937.79,13.5094,0.0,0.0,0.0,0.0,0.0,0.0,0.0,0.0,0.0,0.0,0.0,0.0,0.0,0.0,0.0,0.0,0.0,0.0,0.0,0.0,0.0,0.0,0.0,0.0,0.0,0.0,0.0,0.0,0.0,0.0,0.0,0.0,0.0,0.0,0.0,0.0,0.0,0.0,0.0,0.0,0.0,0.0,0.4699,0.4699,0.7653
183,Tiworo Tengah,Muna Barat,2020,12532.75,573.21,0.0,188.28,5100.66,59.04,0.0,382.59,222.57,184.88,117.86,420769.69,3.13,2.0,7126.86,40907.29,34636.2,75046272.0,8.02,6.79,14713.05,75467041.69,5763811.0,69703230.69,13.0933,0.0,0.0,0.0,0.0,0.0,0.0,0.0,0.0,0.0,0.0,0.0,0.0,0.0,0.0,0.0,0.0,0.0,0.0,0.0,0.0,0.0,0.0,0.0,0.0,0.0,0.0,0.0,0.0,0.0,0.0,0.0,0.0,0.0,0.0,0.0,0.0,0.0,0.0,0.0,0.0,0.0,0.0,0.5732,0.5732,0.7795
184,Tiworo Utara,Muna Barat,2020,3863.35,3394.35,0.0,1021.86,512.01,0.0,16.74,118.98,165.33,0.0,0.0,0.0,0.0,0.0,0.0,4106.32,3476.82,7533229.5,8.02,6.79,14713.05,7533229.5,1776753.75,5756475.75,4.2399,0.0,0.0,0.0,0.0,0.0,0.0,0.0,0.0,0.0,0.0,0.0,0.0,0.0,0.0,0.0,0.0,0.0,0.0,0.0,0.0,0.0,0.0,0.0,0.0,0.0,0.0,0.0,0.0,0.0,0.0,0.0,0.0,0.0,0.0,0.0,0.0,0.0,0.0,0.0,0.0,0.0,0.0,0.2278,0.2278,0.5043
185,Tiworo Kepulauan,Muna Barat,2020,12921.43,543.96,0.0,128.16,5368.5,200.88,0.0,210.87,356.94,629.05,401.02,1431643.12,3.13,2.0,7126.86,43055.37,36454.98,78987016.0,8.02,6.79,14713.05,80418659.12,5942566.5,74476092.62,13.5326,0.0,0.0,0.0,0.0,0.0,0.0,0.0,0.0,0.0,0.0,0.0,0.0,0.0,0.0,0.0,0.0,0.0,0.0,0.0,0.0,0.0,0.0,0.0,0.0,0.0,0.0,0.0,0.0,0.0,0.0,0.0,0.0,0.0,0.0,0.0,0.0,0.0,0.0,0.0,0.0,0.0,0.0,0.5212,0.5212,0.6421
186,Kusambi,Muna Barat,2020,11673.42,1236.15,0.0,998.28,5224.14,0.0,0.0,495.63,18.81,0.0,0.0,0.0,0.0,0.0,0.0,41897.6,35474.7,76863040.0,8.02,6.79,14713.05,76863040.0,5368607.5,71494432.5,14.3171,0.0,0.0,0.0,0.0,0.0,0.0,0.0,0.0,0.0,0.0,0.0,0.0,0.0,0.0,0.0,0.0,0.0,0.0,0.0,0.0,0.0,0.0,0.0,0.0,0.0,0.0,0.0,0.0,0.0,0.0,0.0,0.0,0.0,0.0,0.0,0.0,0.0,0.0,0.0,0.0,0.0,0.0,0.4682,0.4682,0.3963
187,Napano Kusambi,Muna Barat,2020,9860.18,1469.97,505.8,3205.26,3126.87,0.0,0.0,89.1,149.67,0.0,0.0,0.0,0.0,0.0,0.0,25077.5,21233.12,46005800.0,8.02,6.79,14713.05,46005800.0,4534699.0,41471101.0,10.1453,0.0,0.0,0.0,0.0,0.0,0.0,0.0,0.0,0.0,0.0,0.0,0.0,0.0,0.0,0.0,0.0,0.0,0.0,0.0,0.0,0.0,0.0,0.0,0.0,0.0,0.0,0.0,0.0,0.0,0.0,0.0,0.0,0.0,0.0,0.0,0.0,0.0,0.0,0.0,0.0,0.0,0.0,0.3249,0.3249,0.3359
188,Lakudo,Buton Tengah,2020,32523.65,124.83,0.0,19909.89,141.39,0.0,0.0,439.92,2.7,0.0,0.0,0.0,0.0,0.0,0.0,2645.41,2239.87,4853118.0,18.71,15.84,34324.34,4853118.0,14957626.0,-10104508.0,0.3245,0.0,0.0,0.0,0.0,0.0,0.0,0.0,0.0,0.0,0.0,0.0,0.0,0.0,0.0,0.0,0.0,0.0,0.0,0.0,0.0,0.0,0.0,0.0,0.0,0.0,0.0,0.0,0.0,0.0,0.0,0.0,0.0,0.0,0.0,0.0,0.0,0.0,0.0,0.0,0.0,0.0,0.0,0.4584,0.4584,0.7358
189,Mawasangka Timur,Buton Tengah,2020,15743.71,43.65,0.0,9073.08,0.0,0.0,0.0,163.53,54.27,0.0,0.0,0.0,0.0,0.0,0.0,0.0,0.0,0.0,0.0,0.0,0.0,0.0,7240534.0,-7240534.0,0.0,0.0,0.0,0.0,0.0,0.0,0.0,0.0,0.0,0.0,0.0,0.0,0.0,0.0,0.0,0.0,0.0,0.0,0.0,0.0,0.0,0.0,0.0,0.0,0.0,0.0,0.0,0.0,0.0,0.0,0.0,0.0,0.0,0.0,0.0,0.0,0.0,0.0,0.0,0.0,0.0,0.0,0.0,0.4787,0.4787,0.795
190,Mawasangka Tengah,Buton Tengah,2020,14803.66,123.66,0.0,11854.35,13.14,0.0,0.0,206.01,0.09,0.0,0.0,0.0,0.0,0.0,0.0,245.85,208.16,451021.78,18.71,15.84,34324.34,451021.78,6808201.5,-6357179.72,0.0662,0.0,0.0,0.0,0.0,0.0,0.0,0.0,0.0,0.0,0.0,0.0,0.0,0.0,0.0,0.0,0.0,0.0,0.0,0.0,0.0,0.0,0.0,0.0,0.0,0.0,0.0,0.0,0.0,0.0,0.0,0.0,0.0,0.0,0.0,0.0,0.0,0.0,0.0,0.0,0.0,0.0,0.0,0.4456,0.4456,0.7136
191,Mawasangka,Buton Tengah,2020,37578.94,3453.21,8.82,16155.72,2677.05,85.05,0.0,482.4,4.86,238.65,152.14,543136.69,2.81,1.79,6386.09,50087.61,42409.18,91887960.0,18.71,15.84,34324.33,92431096.69,17282558.0,75148538.69,5.3482,0.0,0.0,0.0,0.0,0.0,0.0,0.0,0.0,0.0,0.0,0.0,0.0,0.0,0.0,0.0,0.0,0.0,0.0,0.0,0.0,0.0,0.0,0.0,0.0,0.0,0.0,0.0,0.0,0.0,0.0,0.0,0.0,0.0,0.0,0.0,0.0,0.0,0.0,0.0,0.0,0.0,0.0,0.4557,0.4557,0.6846
192,Talaga Raya,Buton Tengah,2020,6213.81,1305.45,0.0,6552.09,498.87,0.0,450.0,138.78,1.17,0.0,0.0,0.0,0.0,0.0,0.0,9333.86,7902.98,17123380.0,18.71,15.84,34324.33,17123380.0,2857731.75,14265648.25,5.9919,0.0,0.0,0.0,0.0,0.0,0.0,0.0,0.0,0.0,0.0,0.0,0.0,0.0,0.0,0.0,0.0,0.0,0.0,0.0,0.0,0.0,0.0,0.0,0.0,0.0,0.0,0.0,0.0,0.0,0.0,0.0,0.0,0.0,0.0,0.0,0.0,0.0,0.0,0.0,0.0,0.0,0.0,0.2041,0.2041,0.4225
193,Gu,Buton Tengah,2020,19130.97,60.12,0.0,7653.69,828.09,0.0,0.0,189.72,0.09,0.0,0.0,0.0,0.0,0.0,0.0,15493.56,13118.4,28423636.0,18.71,15.84,34324.33,28423636.0,8798335.0,19625301.0,3.2306,0.0,0.0,0.0,0.0,0.0,0.0,0.0,0.0,0.0,0.0,0.0,0.0,0.0,0.0,0.0,0.0,0.0,0.0,0.0,0.0,0.0,0.0,0.0,0.0,0.0,0.0,0.0,0.0,0.0,0.0,0.0,0.0,0.0,0.0,0.0,0.0,0.0,0.0,0.0,0.0,0.0,0.0,0.6362,0.6362,0.7592
194,Sangia Wambulu,Buton Tengah,2020,3804.78,0.0,0.0,730.08,117.99,0.0,0.0,96.48,0.63,0.0,0.0,0.0,0.0,0.0,0.0,2207.59,1869.17,4049928.25,18.71,15.84,34324.33,4049928.25,1749817.5,2300110.75,2.3145,0.0,0.0,0.0,0.0,0.0,0.0,0.0,0.0,0.0,0.0,0.0,0.0,0.0,0.0,0.0,0.0,0.0,0.0,0.0,0.0,0.0,0.0,0.0,0.0,0.0,0.0,0.0,0.0,0.0,0.0,0.0,0.0,0.0,0.0,0.0,0.0,0.0,0.0,0.0,0.0,0.0,0.0,0.7426,0.7426,0.8801
195,Batauga,Buton Selatan,2020,26199.56,5259.6,0.0,5052.96,4038.75,0.0,0.0,324.99,0.0,0.0,0.0,0.0,0.0,0.0,0.0,75565.02,63980.9,138627392.0,18.71,15.84,34324.33,138627392.0,12049181.0,126578211.0,11.5051,0.0,0.0,0.0,0.0,0.0,0.0,0.0,0.0,0.0,0.0,0.0,0.0,0.0,0.0,0.0,0.0,0.0,0.0,0.0,0.0,0.0,0.0,0.0,0.0,0.0,0.0,0.0,0.0,0.0,0.0,0.0,0.0,0.0,0.0,0.0,0.0,0.0,0.0,0.0,0.0,0.0,0.0,0.4077,0.4077,0.6644
196,Sampolawa,Buton Selatan,2020,31029.61,8006.58,0.0,12703.23,2080.8,0.0,0.0,196.92,3.96,0.0,0.0,0.0,0.0,0.0,0.0,38931.76,32963.53,71422064.0,18.71,15.84,34324.33,71422064.0,14270518.0,57151546.0,5.0049,0.0,0.0,0.0,0.0,0.0,0.0,0.0,0.0,0.0,0.0,0.0,0.0,0.0,0.0,0.0,0.0,0.0,0.0,0.0,0.0,0.0,0.0,0.0,0.0,0.0,0.0,0.0,0.0,0.0,0.0,0.0,0.0,0.0,0.0,0.0,0.0,0.0,0.0,0.0,0.0,0.0,0.0,0.429,0.429,0.6814
197,Lapandewa,Buton Selatan,2020,8009.19,317.43,0.0,5047.56,0.0,0.0,0.0,85.68,9.0,0.0,0.0,0.0,0.0,0.0,0.0,0.0,0.0,0.0,0.0,0.0,0.0,0.0,3683425.25,-3683425.25,0.0,0.0,0.0,0.0,0.0,0.0,0.0,0.0,0.0,0.0,0.0,0.0,0.0,0.0,0.0,0.0,0.0,0.0,0.0,0.0,0.0,0.0,0.0,0.0,0.0,0.0,0.0,0.0,0.0,0.0,0.0,0.0,0.0,0.0,0.0,0.0,0.0,0.0,0.0,0.0,0.0,0.0,0.0,0.4818,0.4818,0.4485
198,Batu Atas,Buton Selatan,2020,1715.55,0.0,0.0,0.0,813.42,0.0,0.0,58.5,0.0,0.0,0.0,0.0,0.0,0.0,0.0,15219.09,12886.0,27920100.0,18.71,15.84,34324.33,27920100.0,788981.56,27131118.44,35.3875,0.0,0.0,0.0,0.0,0.0,0.0,0.0,0.0,0.0,0.0,0.0,0.0,0.0,0.0,0.0,0.0,0.0,0.0,0.0,0.0,0.0,0.0,0.0,0.0,0.0,0.0,0.0,0.0,0.0,0.0,0.0,0.0,0.0,0.0,0.0,0.0,0.0,0.0,0.0,0.0,0.0,0.0,0.6073,0.6073,0.094
199,Siompu Barat,Buton Selatan,2020,6933.69,0.0,0.0,1425.33,128.88,0.0,0.0,153.81,0.0,0.0,0.0,0.0,0.0,0.0,0.0,2411.34,2041.69,4423720.5,18.71,15.84,34324.34,4423720.5,3188805.0,1234915.5,1.3873,0.0,0.0,0.0,0.0,0.0,0.0,0.0,0.0,0.0,0.0,0.0,0.0,0.0,0.0,0.0,0.0,0.0,0.0,0.0,0.0,0.0,0.0,0.0,0.0,0.0,0.0,0.0,0.0,0.0,0.0,0.0,0.0,0.0,0.0,0.0,0.0,0.0,0.0,0.0,0.0,0.0,0.0,0.5336,0.5336,0.4434
200,Siompu,Buton Selatan,2020,11570.4,38.61,0.0,3420.54,0.0,0.0,0.0,149.67,0.0,0.0,0.0,0.0,0.0,0.0,0.0,0.0,0.0,0.0,0.0,0.0,0.0,0.0,5321225.0,-5321225.0,0.0,0.0,0.0,0.0,0.0,0.0,0.0,0.0,0.0,0.0,0.0,0.0,0.0,0.0,0.0,0.0,0.0,0.0,0.0,0.0,0.0,0.0,0.0,0.0,0.0,0.0,0.0,0.0,0.0,0.0,0.0,0.0,0.0,0.0,0.0,0.0,0.0,0.0,0.0,0.0,0.0,0.0,0.0,0.566,0.566,0.5008
201,Kadatua,Buton Selatan,2020,7683.47,0.0,0.0,2348.19,0.0,0.0,0.0,53.46,0.72,0.0,0.0,0.0,0.0,0.0,0.0,0.0,0.0,0.0,0.0,0.0,0.0,0.0,3533628.5,-3533628.5,0.0,0.0,0.0,0.0,0.0,0.0,0.0,0.0,0.0,0.0,0.0,0.0,0.0,0.0,0.0,0.0,0.0,0.0,0.0,0.0,0.0,0.0,0.0,0.0,0.0,0.0,0.0,0.0,0.0,0.0,0.0,0.0,0.0,0.0,0.0,0.0,0.0,0.0,0.0,0.0,0.0,0.0,0.0,0.5971,0.5971,0.7962
202,Mandonga,Kota Kendari,2020,48032.81,210.33,0.0,1883.07,20.52,0.0,0.0,467.37,26.01,0.0,0.0,0.0,0.0,0.0,0.0,406.09,343.84,744991.75,19.79,16.76,36305.64,744991.75,22090288.0,-21345296.25,0.0337,0.0,0.0,0.0,0.0,0.0,0.0,0.0,0.0,0.0,0.0,0.0,0.0,0.0,0.0,0.0,0.0,0.0,0.0,0.0,0.0,0.0,0.0,0.0,0.0,0.0,0.0,0.0,0.0,0.0,0.0,0.0,0.0,0.0,0.0,0.0,0.0,0.0,0.0,0.0,0.0,0.0,0.0,0.7254,0.7254,0.9585
203,Kendari,Kota Kendari,2020,15905.29,15.03,0.0,667.53,501.84,0.0,0.0,258.39,0.0,0.0,0.0,0.0,0.0,0.0,0.0,9931.41,8408.93,18219624.0,19.79,16.76,36305.64,18219624.0,7314842.5,10904781.5,2.4908,0.0,0.0,0.0,0.0,0.0,0.0,0.0,0.0,0.0,0.0,0.0,0.0,0.0,0.0,0.0,0.0,0.0,0.0,0.0,0.0,0.0,0.0,0.0,0.0,0.0,0.0,0.0,0.0,0.0,0.0,0.0,0.0,0.0,0.0,0.0,0.0,0.0,0.0,0.0,0.0,0.0,0.0,0.5961,0.5961,1.0
204,Baruga,Kota Kendari,2020,49028.63,3.69,0.0,412.11,1749.69,409.32,0.0,999.27,50.67,1363.21,869.05,3102496.5,3.33,2.12,7579.64,34626.36,29318.14,63523620.0,19.79,16.76,36305.64,66626116.5,22548266.0,44077850.5,2.9548,0.0,0.0,0.0,0.0,0.0,0.0,0.0,0.0,0.0,0.0,0.0,0.0,0.0,0.0,0.0,0.0,0.0,0.0,0.0,0.0,0.0,0.0,0.0,0.0,0.0,0.0,0.0,0.0,0.0,0.0,0.0,0.0,0.0,0.0,0.0,0.0,0.0,0.0,0.0,0.0,0.0,0.0,0.7667,0.7667,0.9832
205,Poasia,Kota Kendari,2020,51929.37,596.97,0.0,30.42,1578.87,0.0,0.0,745.38,212.31,0.0,0.0,0.0,0.0,0.0,0.0,31245.84,26455.85,57321892.0,19.79,16.76,36305.64,57321892.0,23882316.0,33439576.0,2.4002,0.0,0.0,0.0,0.0,0.0,0.0,0.0,0.0,0.0,0.0,0.0,0.0,0.0,0.0,0.0,0.0,0.0,0.0,0.0,0.0,0.0,0.0,0.0,0.0,0.0,0.0,0.0,0.0,0.0,0.0,0.0,0.0,0.0,0.0,0.0,0.0,0.0,0.0,0.0,0.0,0.0,0.0,0.6993,0.6993,0.9878
206,Kendari Barat,Kota Kendari,2020,44849.57,10.89,0.0,1568.7,202.77,0.0,0.0,459.63,2.52,0.0,0.0,0.0,0.0,0.0,0.0,4012.82,3397.65,7361695.0,19.79,16.76,36305.64,7361695.0,20626314.0,-13264619.0,0.3569,0.0,0.0,0.0,0.0,0.0,0.0,0.0,0.0,0.0,0.0,0.0,0.0,0.0,0.0,0.0,0.0,0.0,0.0,0.0,0.0,0.0,0.0,0.0,0.0,0.0,0.0,0.0,0.0,0.0,0.0,0.0,0.0,0.0,0.0,0.0,0.0,0.0,0.0,0.0,0.0,0.0,0.0,0.515,0.515,1.0
207,Abeli,Kota Kendari,2020,16871.97,335.25,0.0,12.24,794.07,0.0,0.0,226.08,11.61,0.0,0.0,0.0,0.0,0.0,0.0,15714.65,13305.59,28829222.0,19.79,16.76,36305.64,28829222.0,7759419.5,21069802.5,3.7154,0.0,0.0,0.0,0.0,0.0,0.0,0.0,0.0,0.0,0.0,0.0,0.0,0.0,0.0,0.0,0.0,0.0,0.0,0.0,0.0,0.0,0.0,0.0,0.0,0.0,0.0,0.0,0.0,0.0,0.0,0.0,0.0,0.0,0.0,0.0,0.0,0.0,0.0,0.0,0.0,0.0,0.0,0.6072,0.6072,0.9758
208,Wua-Wua,Kota Kendari,2020,44667.61,0.0,0.0,870.12,42.75,0.0,0.0,530.73,13.23,0.0,0.0,0.0,0.0,0.0,0.0,846.02,716.33,1552066.12,19.79,16.76,36305.64,1552066.12,20542628.0,-18990561.88,0.0756,0.0,0.0,0.0,0.0,0.0,0.0,0.0,0.0,0.0,0.0,0.0,0.0,0.0,0.0,0.0,0.0,0.0,0.0,0.0,0.0,0.0,0.0,0.0,0.0,0.0,0.0,0.0,0.0,0.0,0.0,0.0,0.0,0.0,0.0,0.0,0.0,0.0,0.0,0.0,0.0,0.0,0.0,0.8441,0.8441,1.0
209,Kadia,Kota Kendari,2020,51007.36,0.0,0.0,4.68,0.27,0.0,0.0,639.81,18.09,0.0,0.0,0.0,0.0,0.0,0.0,5.34,4.52,9802.52,19.79,16.76,36305.64,9802.52,23458284.0,-23448481.48,0.0004,0.0,0.0,0.0,0.0,0.0,0.0,0.0,0.0,0.0,0.0,0.0,0.0,0.0,0.0,0.0,0.0,0.0,0.0,0.0,0.0,0.0,0.0,0.0,0.0,0.0,0.0,0.0,0.0,0.0,0.0,0.0,0.0,0.0,0.0,0.0,0.0,0.0,0.0,0.0,0.0,0.0,0.0,0.945,0.945,1.0
210,Puuwatu,Kota Kendari,2020,41417.52,0.0,10.17,3230.46,81.18,0.0,0.0,691.65,0.0,0.0,0.0,0.0,0.0,0.0,0.0,1606.55,1360.27,2947292.0,19.79,16.76,36305.64,2947292.0,19047920.0,-16100628.0,0.1547,0.0,0.0,0.0,0.0,0.0,0.0,0.0,0.0,0.0,0.0,0.0,0.0,0.0,0.0,0.0,0.0,0.0,0.0,0.0,0.0,0.0,0.0,0.0,0.0,0.0,0.0,0.0,0.0,0.0,0.0,0.0,0.0,0.0,0.0,0.0,0.0,0.0,0.0,0.0,0.0,0.0,0.0,0.7303,0.7303,0.9883
211,Kambu,Kota Kendari,2020,60647.79,434.16,0.0,92.79,1292.22,0.0,0.0,1010.7,283.77,0.0,0.0,0.0,0.0,0.0,0.0,25573.03,21652.69,46914880.0,19.79,16.76,36305.64,46914880.0,27891922.0,19022958.0,1.682,0.0,0.0,0.0,0.0,0.0,0.0,0.0,0.0,0.0,0.0,0.0,0.0,0.0,0.0,0.0,0.0,0.0,0.0,0.0,0.0,0.0,0.0,0.0,0.0,0.0,0.0,0.0,0.0,0.0,0.0,0.0,0.0,0.0,0.0,0.0,0.0,0.0,0.0,0.0,0.0,0.0,0.0,0.761,0.761,0.9916
212,Nambo,Kota Kendari,2020,15544.47,679.14,0.0,218.34,1547.55,0.0,0.0,300.15,17.73,0.0,0.0,0.0,0.0,0.0,0.0,30626.02,25931.05,56184800.0,19.79,16.76,36305.64,56184800.0,7148901.0,49035899.0,7.8592,0.0,0.0,0.0,0.0,0.0,0.0,0.0,0.0,0.0,0.0,0.0,0.0,0.0,0.0,0.0,0.0,0.0,0.0,0.0,0.0,0.0,0.0,0.0,0.0,0.0,0.0,0.0,0.0,0.0,0.0,0.0,0.0,0.0,0.0,0.0,0.0,0.0,0.0,0.0,0.0,0.0,0.0,0.5396,0.5396,0.9865
213,Betoambari,Kota Bau Bau,2020,30527.06,0.0,0.0,2144.07,719.1,0.0,0.0,295.29,0.0,0.0,0.0,0.0,0.0,0.0,0.0,11167.62,9455.63,20487506.0,15.53,13.15,28490.48,20487506.0,14039395.0,6448111.0,1.4593,0.0,0.0,0.0,0.0,0.0,0.0,0.0,0.0,0.0,0.0,0.0,0.0,0.0,0.0,0.0,0.0,0.0,0.0,0.0,0.0,0.0,0.0,0.0,0.0,0.0,0.0,0.0,0.0,0.0,0.0,0.0,0.0,0.0,0.0,0.0,0.0,0.0,0.0,0.0,0.0,0.0,0.0,0.7685,0.7685,0.9992
214,Wolio,Kota Bau Bau,2020,36271.53,1000.26,0.0,771.57,1051.29,0.0,0.0,420.75,0.0,0.0,0.0,0.0,0.0,0.0,0.0,16326.53,13823.68,29951758.0,15.53,13.15,28490.48,29951758.0,16681275.0,13270483.0,1.7955,0.0,0.0,0.0,0.0,0.0,0.0,0.0,0.0,0.0,0.0,0.0,0.0,0.0,0.0,0.0,0.0,0.0,0.0,0.0,0.0,0.0,0.0,0.0,0.0,0.0,0.0,0.0,0.0,0.0,0.0,0.0,0.0,0.0,0.0,0.0,0.0,0.0,0.0,0.0,0.0,0.0,0.0,0.7203,0.7203,0.981
215,Sorawolio,Kota Bau Bau,2020,19666.01,6627.78,0.0,1796.94,2225.34,44.37,62.91,193.32,0.0,165.08,105.24,375698.06,3.72,2.37,8467.39,34559.53,29261.55,63401012.0,15.53,13.15,28490.48,63776710.06,9044400.0,54732310.06,7.0515,0.0,0.0,0.0,0.0,0.0,0.0,0.0,0.0,0.0,0.0,0.0,0.0,0.0,0.0,0.0,0.0,0.0,0.0,0.0,0.0,0.0,0.0,0.0,0.0,0.0,0.0,0.0,0.0,0.0,0.0,0.0,0.0,0.0,0.0,0.0,0.0,0.0,0.0,0.0,0.0,0.0,0.0,0.4513,0.4513,0.8659
216,Bungi,Kota Bau Bau,2020,17643.22,1977.57,0.0,997.83,1397.34,1683.72,0.0,154.98,0.0,6264.28,3993.48,14256713.0,3.72,2.37,8467.39,21700.69,18373.97,39810892.0,15.53,13.15,28490.48,54067605.0,8114118.0,45953487.0,6.6634,0.0,0.0,0.0,0.0,0.0,0.0,0.0,0.0,0.0,0.0,0.0,0.0,0.0,0.0,0.0,0.0,0.0,0.0,0.0,0.0,0.0,0.0,0.0,0.0,0.0,0.0,0.0,0.0,0.0,0.0,0.0,0.0,0.0,0.0,0.0,0.0,0.0,0.0,0.0,0.0,0.0,0.0,0.5521,0.5521,0.9405
217,Kokalukuna,Kota Bau Bau,2020,12770.04,85.95,0.0,1190.25,199.8,0.0,0.0,265.5,0.0,0.0,0.0,0.0,0.0,0.0,0.0,3102.89,2627.22,5692398.0,15.53,13.15,28490.48,5692398.0,5872940.5,-180542.5,0.9693,0.0,0.0,0.0,0.0,0.0,0.0,0.0,0.0,0.0,0.0,0.0,0.0,0.0,0.0,0.0,0.0,0.0,0.0,0.0,0.0,0.0,0.0,0.0,0.0,0.0,0.0,0.0,0.0,0.0,0.0,0.0,0.0,0.0,0.0,0.0,0.0,0.0,0.0,0.0,0.0,0.0,0.0,0.7912,0.7912,1.0
218,Murhum,Kota Bau Bau,2020,18581.69,0.0,0.0,178.83,175.5,0.0,0.0,249.3,0.0,0.0,0.0,0.0,0.0,0.0,0.0,2725.51,2307.69,5000079.5,15.53,13.15,28490.48,5000079.5,8545718.0,-3545638.5,0.5851,0.0,0.0,0.0,0.0,0.0,0.0,0.0,0.0,0.0,0.0,0.0,0.0,0.0,0.0,0.0,0.0,0.0,0.0,0.0,0.0,0.0,0.0,0.0,0.0,0.0,0.0,0.0,0.0,0.0,0.0,0.0,0.0,0.0,0.0,0.0,0.0,0.0,0.0,0.0,0.0,0.0,0.0,0.8698,0.8698,1.0
219,Lea-Lea,Kota Bau Bau,2020,12040.32,260.91,0.0,1658.7,1222.11,77.31,0.0,71.64,2.52,287.63,183.37,654613.94,3.72,2.37,8467.39,18979.37,16069.83,34818504.0,15.53,13.15,28490.48,35473117.94,5537343.0,29935774.94,6.4062,0.0,0.0,0.0,0.0,0.0,0.0,0.0,0.0,0.0,0.0,0.0,0.0,0.0,0.0,0.0,0.0,0.0,0.0,0.0,0.0,0.0,0.0,0.0,0.0,0.0,0.0,0.0,0.0,0.0,0.0,0.0,0.0,0.0,0.0,0.0,0.0,0.0,0.0,0.0,0.0,0.0,0.0,0.6824,0.6824,0.9934
220,Batupoaro,Kota Bau Bau,2020,12146.15,0.0,0.0,0.0,0.0,0.0,0.0,190.26,0.0,0.0,0.0,0.0,0.0,0.0,0.0,0.0,0.0,0.0,0.0,0.0,0.0,0.0,5586013.0,-5586013.0,0.0,0.0,0.0,0.0,0.0,0.0,0.0,0.0,0.0,0.0,0.0,0.0,0.0,0.0,0.0,0.0,0.0,0.0,0.0,0.0,0.0,0.0,0.0,0.0,0.0,0.0,0.0,0.0,0.0,0.0,0.0,0.0,0.0,0.0,0.0,0.0,0.0,0.0,0.0,0.0,0.0,0.0,0.0,0.971,0.971,1.0
0,Wundulako,Kolaka,2025,25021.14,5950.26,360.45,3924.27,3633.84,433.35,42.03,611.1,1023.66,2826.22,1801.71,6432121.0,6.52,4.16,14842.79,51689.68,43765.67,94827088.0,14.22,12.04,26095.56,101259209.0,11507222.0,89751987.0,8.7996,2643.59,11.81,-602.82,-58.18,389.07,11.99,-2040.86,-41.93,-1301.05,-41.93,-4644752.0,-41.93,1.82,38.72,1.17,39.13,4152.58,38.84,-27223.13,-34.5,-23049.8,-34.5,-49941984.0,-34.5,-10.1,-41.53,-8.55,-41.53,-18520.57,-41.51,-54586736.0,-35.03,1215785.0,11.81,-0.0498,-0.0562,0.0009,0.0014,-5.3523,-1.7679,-0.1336,-0.1191,0.3804,0.3804,0.6994
1,Kolaka,Kolaka,2025,50113.12,5695.47,247.05,1409.04,5551.38,194.76,0.0,724.68,153.99,1270.18,809.74,2890781.0,6.52,4.16,14842.79,75369.91,63815.71,138269488.0,13.58,11.5,24907.23,141160269.0,23047026.0,118113243.0,6.1249,5027.51,11.15,-187.65,-49.07,695.07,14.31,-526.07,-29.29,-335.37,-29.29,-1197261.5,-29.29,1.82,38.72,1.17,39.13,4152.58,38.84,-42735.56,-36.18,-36184.17,-36.18,-78400272.0,-36.18,-10.74,-44.16,-9.09,-44.15,-19708.9,-44.17,-79597533.5,-36.06,2312156.0,11.15,0.1663,0.3099,0.0012,0.0016,-3.5179,0.0254,-0.1702,-0.1577,0.3613,0.3613,0.8265
2,Pomalaa,Kolaka,2025,48912.64,6404.94,263.25,4119.3,5782.77,348.66,3716.37,1006.92,713.43,2056.88,1311.26,4681202.0,5.9,3.76,13426.27,81472.08,68982.41,149464224.0,14.09,11.93,25846.48,154145426.0,22494928.0,131650498.0,6.8525,3108.96,6.79,-806.49,-69.82,-148.05,-2.5,-3369.07,-62.09,-2147.79,-62.09,-7667593.0,-62.09,1.2,25.53,0.77,25.75,2736.06,25.59,-62765.48,-43.52,-53143.5,-43.52,-115145984.0,-43.52,-10.23,-42.06,-8.66,-42.06,-18769.65,-42.07,-122813577.0,-44.34,1429816.0,6.79,-0.1781,-0.3466,0.0019,0.0023,-14.1048,-10.7536,-0.1949,-0.1887,0.3819,0.3819,0.5863
3,Watubangga,Kolaka,2025,23482.18,3326.4,3243.42,5126.58,10773.54,320.49,0.0,789.93,1186.38,2388.76,1522.84,5436530.5,7.45,4.75,16963.18,167030.22,141424.53,306424480.0,15.5,13.13,28442.32,311861010.5,10799453.0,301061557.5,28.8775,2580.22,12.34,-760.86,-70.36,294.03,2.81,-2690.54,-52.97,-1715.21,-52.97,-6123324.5,-52.97,2.75,58.51,1.76,58.86,6272.97,58.68,-87831.47,-34.46,-74366.89,-34.46,-161130688.0,-34.46,-8.82,-36.27,-7.46,-36.23,-16173.81,-36.25,-167254012.5,-34.91,1186643.0,12.34,-0.9266,-1.1494,0.0009,-0.0001,-20.4173,-11.1271,0.0103,-0.0092,0.4544,0.4544,0.384
4,Wolo,Kolaka,2025,24551.99,38362.14,129.06,2588.67,8802.36,522.09,709.02,520.2,802.35,4174.89,2661.49,9501522.0,8.0,5.1,18199.01,158591.73,134279.64,290943648.0,18.02,15.25,33052.91,300445170.0,11291459.0,289153711.0,26.6082,4247.65,20.92,-545.22,-51.08,1044.99,13.47,-838.46,-16.72,-534.52,-16.72,-1908242.0,-16.72,3.3,70.21,2.11,70.57,7508.8,70.24,-30067.47,-15.94,-25458.14,-15.94,-55160288.0,-15.94,-6.3,-25.9,-5.34,-25.93,-11563.23,-25.92,-57068530.0,-15.96,1953489.0,20.92,0.6023,0.4584,0.0015,0.0009,41.8732,57.954,-0.2778,-0.2301,0.1753,0.1753,0.2669
5,Baula,Kolaka,2025,19476.76,3935.7,123.84,1568.07,6607.35,605.79,0.0,508.41,21.6,3645.45,2323.97,8296586.5,6.02,3.84,13695.48,100955.12,85478.7,185206736.0,15.28,12.94,28030.41,193503322.5,8957361.0,184545961.5,21.6027,2641.0,15.69,-375.21,-38.25,929.52,16.37,-962.49,-20.89,-613.59,-20.89,-2190507.5,-20.89,1.32,28.09,0.85,28.43,3005.27,28.11,-37129.74,-26.89,-31437.73,-26.89,-68116080.0,-26.89,-9.04,-37.17,-7.65,-37.15,-16585.72,-37.17,-70306587.5,-26.65,1214592.5,15.69,-0.211,-0.4991,0.0007,0.0013,-7.7179,-5.0174,-0.1112,-0.0634,0.3755,0.3755,0.6578
6,Latambaga,Kolaka,2025,26555.46,11448.99,0.0,1004.67,8673.03,17.1,3.15,440.28,341.46,95.59,60.94,217552.81,5.59,3.56,12722.39,117852.2,99785.45,216205120.0,13.59,11.51,24928.44,216422672.81,12212856.0,204209816.81,17.7209,2989.8,12.69,-79.47,-82.29,117.72,1.38,-358.02,-78.93,-228.23,-78.93,-814800.63,-78.93,0.89,18.94,0.57,19.06,2032.18,19.01,-90212.96,-43.36,-76383.32,-43.36,-165499680.0,-43.36,-10.73,-44.12,-9.08,-44.1,-19687.69,-44.13,-166314480.63,-43.45,1375009.0,12.69,0.8212,0.8372,0.0016,0.0018,-2.0932,-1.857,-0.1894,-0.215,0.2768,0.2768,0.6614
7,Tanggetada,Kolaka,2025,23174.48,7690.86,7568.91,3680.46,6988.68,251.19,211.68,605.34,543.06,1670.74,1065.1,3802403.5,6.65,4.24,15137.56,101805.62,86198.81,186766960.0,14.57,12.33,26724.21,190569363.5,10657941.0,179911422.5,17.8805,2433.01,11.73,-521.1,-67.47,-207.27,-2.88,-1956.85,-53.94,-1247.49,-53.94,-4453536.5,-53.94,1.95,41.49,1.25,41.81,4447.35,41.6,-73199.93,-41.83,-61978.33,-41.83,-134288496.0,-41.83,-9.75,-40.09,-8.26,-40.12,-17891.92,-40.1,-138742032.5,-42.13,1118938.0,11.73,-0.538,-0.8718,-0.0006,-0.0003,-20.589,-14.7012,-0.1816,-0.0023,0.4337,0.4337,0.4961
8,Samaturu,Kolaka,2025,31557.85,30999.42,232.65,852.75,18154.98,715.41,0.81,553.68,1678.23,4233.75,2699.02,9635491.0,5.92,3.77,13468.49,258250.53,218660.75,473772192.0,14.22,12.04,26095.99,483407683.0,14513453.0,468894230.0,33.3076,5975.54,23.36,-627.39,-46.72,50.85,0.28,-2073.63,-32.88,-1321.94,-32.88,-4719320.0,-32.88,1.22,25.96,0.78,26.09,2778.28,25.99,-182041.94,-41.35,-154134.81,-41.35,-333963936.0,-41.35,-10.1,-41.53,-8.55,-41.53,-18520.14,-41.51,-338683256.0,-41.2,2748146.0,23.36,0.673,0.7622,0.0007,0.0011,-19.5534,-3.4773,-0.2874,-0.2474,0.231,0.231,0.4147
9,Toari,Kolaka,2025,12471.67,49.05,16.2,4004.55,4910.22,0.0,0.45,520.2,177.3,0.0,0.0,0.0,0.0,0.0,0.0,66651.88,56434.14,122275832.0,13.57,11.49,24902.31,122275832.0,5735721.5,116540110.5,21.3183,1801.19,16.88,0.0,0.0,44.55,0.92,0.0,0.0,0.0,0.0,0.0,0.0,0.0,0.0,0.0,0.0,0.0,0.0,-51681.21,-43.67,-43758.49,-43.67,-94811576.0,-43.67,-10.75,-44.2,-9.1,-44.2,-19713.83,-44.19,-94811576.0,-43.67,828367.0,16.88,0.0,-0.9098,0.0,0.0,0.0,-22.1699,0.0,-0.0529,0.4946,0.4946,0.3725
10,Polinggona,Kolaka,2025,13315.08,6390.27,6474.33,809.01,6633.09,13.5,0.0,387.63,0.0,100.62,64.15,229002.92,7.45,4.75,16963.18,102144.75,86485.98,187389136.0,15.4,13.04,28250.65,187618138.92,6123605.0,181494533.92,30.6385,1267.51,10.52,-399.51,-96.73,-1072.08,-13.91,-1839.36,-94.81,-1172.59,-94.81,-4186160.08,-94.81,2.75,58.51,1.76,58.86,6272.97,58.68,-85245.03,-45.49,-72176.91,-45.49,-156385744.0,-45.49,-8.92,-36.68,-7.55,-36.67,-16365.48,-36.68,-160571904.08,-46.12,582930.0,10.52,-1.0917,-1.2656,-0.0011,-0.0006,-19.915,-12.611,0.066,0.0126,0.3464,0.3464,0.3879
11,Iwoimendaa,Kolaka,2025,8504.75,15520.05,0.27,331.47,3802.23,32.76,0.18,185.58,49.59,305.22,194.58,694642.19,9.32,5.94,21203.97,78222.31,66230.84,143502320.0,20.57,17.42,37741.62,144196962.19,3911335.5,140285626.69,36.8664,1635.25,23.8,-175.68,-84.28,-18.54,-0.49,-673.86,-68.83,-429.58,-68.83,-1533624.56,-68.83,4.62,98.3,2.95,98.66,10513.76,98.35,-14698.82,-15.82,-12445.46,-15.82,-26965648.0,-15.82,-3.75,-15.42,-3.17,-15.4,-6874.51,-15.41,-28499272.56,-16.5,752052.75,23.8,0.502,0.3302,0.002,0.0006,56.906,60.1282,-0.3918,-0.229,0.265,0.265,0.2316
12,Lambuya,Konawe,2025,9814.71,3949.92,153.18,2371.77,1292.22,1844.46,0.0,166.05,37.26,12351.96,7874.37,28111514.0,6.7,4.27,15241.05,8793.32,7445.31,16131747.0,6.8,5.76,12483.75,44243261.0,4513784.0,39729477.0,9.8018,741.49,8.17,-273.06,-12.9,-27.09,-2.05,3865.96,45.56,2464.55,45.56,8798440.0,45.56,2.69,67.08,1.72,67.45,6120.44,67.11,-5164.98,-37.0,-4373.18,-37.0,-9475383.0,-37.0,-3.78,-35.73,-3.2,-35.71,-6925.74,-35.68,-676943.0,-1.51,341008.0,8.17,-1.7291,-1.7011,-0.0052,-0.0047,-19.041,-16.8571,0.0696,0.0697,0.4534,0.4534,0.6654
13,Unaaha,Konawe,2025,15895.99,13.14,0.0,284.49,723.6,458.01,0.0,1196.19,40.41,2637.35,1681.31,6002284.5,5.76,3.67,13105.14,4622.57,3913.93,8480321.0,6.39,5.41,11719.63,14482605.5,7310565.5,7172040.0,1.9811,1665.11,11.7,-428.85,-48.36,396.72,121.37,-916.76,-25.79,-584.43,-25.79,-2086419.5,-25.79,1.75,43.64,1.12,43.92,3984.53,43.69,1164.18,33.66,985.71,33.66,2135748.5,33.66,-4.19,-39.6,-3.55,-39.62,-7689.86,-39.62,49329.0,0.34,765785.5,11.7,-1.235,-1.2475,-0.0056,-0.005,-20.1279,-18.3446,0.0049,0.0191,0.6973,0.6973,0.9992
14,Wawotobi,Konawe,2025,12339.87,26.46,1144.44,1865.07,2941.29,882.81,0.0,534.51,0.0,6180.16,3939.85,14065276.0,7.0,4.46,15932.39,21470.42,18179.0,39388444.0,7.3,6.18,13391.55,53453720.0,5675108.0,47778612.0,9.419,960.71,8.44,-1027.98,-53.8,408.33,16.12,-1477.36,-19.29,-941.82,-19.29,-3362294.0,-19.29,2.99,74.56,1.91,74.9,6811.78,74.69,-5328.3,-19.88,-4511.47,-19.88,-9775004.0,-19.88,-3.28,-31.0,-2.78,-31.03,-6017.93,-31.01,-13137298.0,-19.73,441832.0,8.44,-1.655,-1.6146,-0.0066,-0.0065,-23.7436,-23.1578,0.0555,0.0574,0.6299,0.6299,0.7727
15,Pondidaha,Konawe,2025,13081.11,676.89,1218.24,5535.9,1842.84,664.92,0.0,214.56,43.83,5052.8,3221.16,11499538.0,7.6,4.84,17294.62,13454.42,11391.86,24682740.0,7.3,6.18,13393.86,36182278.0,6016000.5,30166277.5,6.0143,1676.47,14.7,-447.39,-40.22,-371.61,-16.78,595.2,13.35,379.44,13.35,1354593.0,13.35,3.59,89.53,2.29,89.8,8174.01,89.62,-9974.46,-42.57,-8445.37,-42.57,-18298596.0,-42.57,-3.28,-31.0,-2.78,-31.03,-6015.63,-30.99,-16944003.0,-31.89,771008.0,14.7,-2.1833,-2.174,-0.0064,-0.0064,-24.9307,-25.5709,0.1164,0.1073,0.6315,0.6315,0.5494
16,Sampara,Konawe,2025,2649.07,559.89,360.99,3539.97,78.84,0.0,0.0,57.06,72.54,0.0,0.0,0.0,0.0,0.0,0.0,611.58,517.82,1121970.12,7.76,6.57,14230.98,1121970.12,1218307.5,-96337.38,0.9209,177.08,7.16,0.0,0.0,-62.82,-44.35,0.0,0.0,0.0,0.0,0.0,0.0,0.0,0.0,0.0,0.0,0.0,0.0,-887.18,-59.19,-751.18,-59.19,-1627577.63,-59.19,-2.82,-26.65,-2.39,-26.67,-5178.51,-26.68,-1627577.63,-59.19,81438.5,7.16,0.0,-2.206,0.0,-0.0057,0.0,-20.8364,0.0,0.1219,0.6277,0.6277,0.8408
17,Abuki,Konawe,2025,10424.37,13420.62,515.79,2296.98,3341.07,548.64,0.0,271.44,88.11,2983.89,1902.23,6790959.0,5.44,3.47,12377.81,21254.03,17995.79,38991472.0,6.36,5.39,11670.35,45782431.0,4794166.5,40988264.5,9.5496,1167.67,12.61,-432.45,-44.08,308.07,10.16,-947.85,-24.11,-604.25,-24.11,-2157181.0,-24.11,1.43,35.66,0.92,36.08,3257.2,35.71,-10835.11,-33.77,-9174.09,-33.77,-19877500.0,-33.77,-4.22,-39.89,-3.57,-39.84,-7739.14,-39.87,-22034681.0,-32.49,537008.0,12.61,-0.3845,-0.471,-0.0035,-0.0036,-18.1256,-17.7052,-0.0812,-0.0644,0.3002,0.3002,0.5353
18,Soropia,Konawe,2025,6794.13,113.13,0.0,4520.7,238.59,0.0,0.0,234.27,65.34,0.0,0.0,0.0,0.0,0.0,0.0,1656.3,1402.39,3038556.25,6.94,5.88,12735.47,3038556.25,3124619.75,-86063.5,0.9725,334.9,5.18,0.0,0.0,-1007.64,-80.86,0.0,0.0,0.0,0.0,0.0,0.0,0.0,0.0,0.0,0.0,0.0,0.0,-11528.82,-87.44,-9761.45,-87.44,-21150125.75,-87.44,-3.64,-34.4,-3.08,-34.38,-6674.01,-34.39,-21150125.75,-87.44,154019.5,5.18,0.0,-0.4696,0.0,-0.0022,0.0,-24.4754,0.0,-0.1147,0.6611,0.6611,0.8379
19,Tongauna,Konawe,2025,6356.33,770.49,0.0,810.9,889.11,1686.87,0.0,547.74,20.97,8898.95,5673.08,20252906.0,5.28,3.36,12006.2,5679.9,4809.17,10420036.0,6.39,5.41,11719.63,30672942.0,2923275.75,27749666.25,10.4927,366.9,6.13,-316.08,-15.78,273.42,44.41,872.09,10.86,555.96,10.86,1984780.0,10.86,1.27,31.67,0.81,31.76,2885.59,31.64,-834.1,-12.8,-706.23,-12.8,-1530190.0,-12.8,-4.19,-39.6,-3.55,-39.62,-7689.86,-39.62,454590.0,1.5,168738.5,6.13,-1.0165,-0.9697,-0.0047,-0.0042,-17.9413,-16.9746,0.0019,0.0087,0.5251,0.5251,0.91
20,Latoma,Konawe,2025,12929.29,90737.28,0.0,2434.14,1471.59,0.0,0.0,172.26,88.38,0.0,0.0,0.0,0.0,0.0,0.0,10072.46,8528.35,18478374.0,6.84,5.8,12556.74,18478374.0,5946179.5,12532194.5,3.1076,1897.94,17.2,0.0,0.0,-648.09,-30.57,0.0,0.0,0.0,0.0,0.0,0.0,0.0,0.0,0.0,0.0,0.0,0.0,-12353.75,-55.09,-10459.93,-55.09,-22663526.0,-55.09,-3.74,-35.35,-3.16,-35.27,-6852.75,-35.31,-22663526.0,-55.09,872857.5,17.2,0.0,0.4886,0.0,-0.0015,0.0,-0.1088,0.0,-0.2208,0.1344,0.1344,0.1967
21,Puriala,Konawe,2025,11087.61,1802.61,309.42,7551.72,1154.07,2844.81,0.0,177.57,52.38,18513.5,11802.36,42134408.0,6.51,4.15,14810.97,8031.19,6800.01,14733578.0,6.96,5.89,12766.62,56867986.0,5099190.0,51768796.0,11.1524,812.71,7.91,-1931.13,-40.43,151.74,15.14,-626.16,-3.27,-399.18,-3.27,-1425072.0,-3.27,2.5,62.34,1.6,62.75,5690.36,62.39,-2573.46,-24.27,-2178.95,-24.27,-4721130.0,-24.27,-3.62,-34.22,-3.07,-34.26,-6642.86,-34.22,-6146202.0,-9.75,373763.0,7.91,-1.9479,-2.009,-0.005,-0.005,-17.2903,-16.6401,0.0951,0.099,0.4974,0.4974,0.4845
22,Uepai,Konawe,2025,14038.21,7055.1,37.17,1820.34,2442.33,1050.3,0.0,675.36,158.31,6365.66,4058.11,14487450.0,6.06,3.86,13793.63,15605.96,13213.56,28629822.0,6.39,5.41,11722.34,43117272.0,6456171.5,36661100.5,6.6785,527.92,3.91,-269.19,-20.4,134.64,5.83,1077.78,20.38,687.09,20.38,2452897.0,20.38,2.05,51.12,1.31,51.37,4673.02,51.24,-8809.4,-36.08,-7458.93,-36.08,-16161250.0,-36.08,-4.19,-39.6,-3.55,-39.62,-7687.14,-39.61,-13708353.0,-24.12,242787.0,3.91,-1.4804,-1.2771,-0.0049,-0.0045,-17.9914,-17.1121,0.0475,0.0363,0.3626,0.3626,0.877
23,Wonggeduku,Konawe,2025,9340.19,0.0,837.27,2184.39,838.08,2093.31,0.0,559.53,41.22,15140.09,9651.81,34456952.0,7.23,4.61,16460.51,6118.75,5180.75,11225125.0,7.3,6.18,13393.86,45682077.0,4295550.0,41386527.0,10.6347,1128.33,13.74,-461.97,-18.08,130.77,18.49,4899.76,47.85,3123.6,47.85,11151240.0,47.85,3.22,80.3,2.06,80.78,7339.9,80.48,-1364.59,-18.24,-1155.39,-18.23,-2503399.0,-18.24,-3.28,-31.0,-2.78,-31.03,-6015.63,-30.99,8647841.0,23.35,518916.25,13.74,-2.0397,-2.0645,-0.0061,-0.0064,-22.8091,-24.0675,0.0986,0.0942,0.6171,0.6171,0.5598
24,Besulutu,Konawe,2025,3869.44,1780.83,2247.84,3241.08,2296.53,0.0,0.0,54.18,83.7,0.0,0.0,0.0,0.0,0.0,0.0,16865.99,14280.44,30941420.0,7.34,6.22,13473.12,30941420.0,1779554.5,29161865.5,17.3872,471.62,13.88,-0.18,-100.0,-165.96,-6.74,-0.72,-100.0,-0.46,-100.0,-1641.71,-100.0,-4.01,-100.0,-2.55,-100.0,-9120.61,-100.0,-9187.15,-35.26,-7778.76,-35.26,-16854252.0,-35.26,-3.24,-30.62,-2.74,-30.58,-5936.37,-30.58,-16855893.71,-35.27,216897.0,13.88,0.0,-2.1565,0.0,-0.0061,0.0,-24.6139,0.0,0.1126,0.5716,0.5716,0.6214
25,Bondoala,Konawe,2025,1615.9,0.0,0.09,1064.52,368.64,0.0,6.57,316.71,1023.3,0.0,0.0,0.0,0.0,0.0,0.0,2850.18,2413.25,5228779.0,7.73,6.55,14183.97,5228779.0,743152.56,4485626.44,7.0359,192.52,13.53,0.0,0.0,17.91,5.11,0.0,0.0,0.0,0.0,0.0,0.0,0.0,0.0,0.0,0.0,0.0,0.0,-860.54,-23.19,-728.62,-23.19,-1578710.0,-23.19,-2.85,-26.94,-2.41,-26.9,-5225.52,-26.92,-1578710.0,-23.19,88542.31,13.53,0.0,-1.9158,0.0,-0.0053,0.0,-22.0846,0.0,0.0715,0.6366,0.6366,0.7697
26,Routa,Konawe,2025,9078.22,152791.74,2292.21,7788.96,6364.35,0.0,43.65,62.37,483.3,0.0,0.0,0.0,0.0,0.0,0.0,54552.97,46189.99,100079856.0,8.57,7.26,15725.07,100079856.0,4175073.75,95904782.25,23.9708,569.73,6.7,0.0,0.0,-1370.16,-17.71,0.0,0.0,0.0,0.0,0.0,0.0,0.0,0.0,0.0,0.0,0.0,0.0,-27278.15,-33.33,-23096.4,-33.33,-50042944.0,-33.33,-2.01,-19.0,-1.7,-18.97,-3684.41,-18.98,-50042944.0,-33.33,262025.0,6.7,0.0,-0.3155,0.0,0.0001,0.0,26.3049,0.0,-0.047,0.1278,0.1278,0.1017
27,Anggaberi,Konawe,2025,7006.43,6138.45,1607.4,1920.51,1608.75,170.82,0.0,226.53,0.0,1085.8,692.2,2471148.5,6.36,4.05,14466.39,10490.08,8881.95,19244514.0,6.52,5.52,11962.4,21715662.5,3222259.5,18493403.0,6.7393,732.4,11.67,-247.23,-59.14,-178.83,-10.0,-589.54,-35.19,-375.83,-35.19,-1341722.25,-35.19,2.35,58.6,1.5,58.82,5345.78,58.61,-8422.52,-44.53,-7131.35,-44.53,-15451490.0,-44.53,-4.06,-38.37,-3.44,-38.39,-7447.08,-38.37,-16793212.25,-43.61,336833.25,11.67,-1.3486,-1.2442,-0.0062,-0.0056,-22.1706,-19.3196,0.0209,0.0525,0.315,0.315,0.7118
28,Meluhu,Konawe,2025,9168.61,6081.39,3519.45,1290.24,1157.22,502.47,0.0,378.99,0.0,3228.05,2057.88,7346635.5,6.42,4.1,14621.04,8223.55,6962.88,15086474.0,7.11,6.02,13036.82,22433109.5,4216642.5,18216467.0,5.3201,563.09,6.54,-371.34,-42.5,-155.07,-11.82,-273.76,-7.82,-174.52,-7.82,-623044.5,-7.82,2.41,60.1,1.55,60.78,5500.43,60.31,-5660.48,-40.77,-4792.73,-40.77,-10384398.0,-40.77,-3.47,-32.8,-2.94,-32.81,-6372.66,-32.83,-11007442.5,-32.92,258965.0,6.54,-1.7231,-1.6331,-0.0079,-0.0082,-25.9346,-27.0833,0.0673,0.0363,0.4974,0.4974,0.6353
29,Amonggedo,Konawe,2025,14641.01,8066.25,2826.99,2883.6,1607.04,639.81,24.3,827.91,0.0,4529.18,2887.35,10307846.0,7.08,4.51,16110.79,11732.86,9934.22,21524472.0,7.3,6.18,13393.86,31832318.0,6733400.0,25098918.0,4.7275,1235.88,9.22,-1016.01,-61.36,1.44,0.09,-2106.55,-31.75,-1342.93,-31.75,-4794241.0,-31.75,3.07,76.56,1.96,76.86,6990.18,76.64,-5254.39,-30.93,-4448.88,-30.93,-9639398.0,-30.93,-3.28,-31.0,-2.78,-31.03,-6015.63,-30.99,-14433639.0,-31.2,568380.5,9.22,-1.9906,-1.9436,-0.007,-0.0077,-23.8311,-28.2462,0.0986,0.0749,0.3694,0.3694,0.5954
30,Asinua,Konawe,2025,10547.04,31552.74,0.0,3582.99,1612.98,22.95,0.0,116.91,104.22,134.15,85.52,305316.56,5.85,3.73,13303.55,10090.4,8543.55,18511300.0,6.26,5.3,11476.46,18816616.56,4850586.0,13966030.56,3.8792,1541.94,17.12,-156.24,-87.19,-413.82,-20.42,-583.96,-81.32,-372.27,-81.32,-1329005.56,-81.32,1.84,45.89,1.18,46.27,4182.94,45.86,-11353.14,-52.94,-9612.7,-52.94,-20827840.0,-52.94,-4.32,-40.83,-3.66,-40.85,-7933.02,-40.87,-22156845.56,-54.08,709144.25,17.12,-0.132,-0.0318,-0.004,-0.0038,-20.7347,-22.3613,-0.0791,-0.0657,0.214,0.214,0.383
31,Konawe,Konawe,2025,5479.14,0.0,16.74,460.98,1426.86,170.1,0.0,277.29,63.9,1189.49,758.3,2707140.25,6.99,4.46,15914.99,10247.12,8676.24,18798798.0,7.18,6.08,13174.94,21505938.25,2519857.75,18986080.5,8.5346,428.4,8.48,-176.94,-50.99,155.34,12.22,-201.28,-14.47,-128.32,-14.47,-458076.0,-14.47,2.98,74.31,1.91,74.9,6794.38,74.49,-3205.56,-23.83,-2714.15,-23.83,-5880750.0,-23.83,-3.4,-32.14,-2.88,-32.14,-6234.54,-32.12,-6338826.0,-22.76,197022.75,8.48,-1.721,-1.6075,-0.0055,-0.0057,-19.8547,-20.6127,0.0726,0.0555,0.6418,0.6418,0.8033
32,Kapoiala,Konawe,2025,1597.28,9.36,1.71,746.82,691.29,0.0,0.0,95.67,1977.93,0.0,0.0,0.0,0.0,0.0,0.0,4743.85,4016.62,8702802.0,6.86,5.81,12589.22,8702802.0,734587.88,7968214.12,11.8472,207.97,14.97,0.0,0.0,401.13,138.24,0.0,0.0,0.0,0.0,0.0,0.0,0.0,0.0,0.0,0.0,0.0,0.0,1673.96,54.53,1417.34,54.53,3070946.0,54.53,-3.72,-35.16,-3.15,-35.16,-6820.26,-35.14,3070946.0,54.53,95642.69,14.97,0.0,-1.1054,0.0,-0.0066,0.0,-22.724,0.0,-0.0254,0.6249,0.6249,0.7796
33,Lalonggasumeeto,Konawe,2025,5736.02,127.44,0.0,2789.28,73.35,0.0,0.0,217.08,0.0,0.0,0.0,0.0,0.0,0.0,0.0,528.91,447.83,970309.75,7.21,6.11,13228.49,970309.75,2637994.0,-1667684.25,0.3678,616.18,12.04,0.0,0.0,-160.92,-68.69,0.0,0.0,0.0,0.0,0.0,0.0,0.0,0.0,0.0,0.0,0.0,0.0,-1949.67,-78.66,-1650.78,-78.66,-3576750.25,-78.66,-3.37,-31.85,-2.85,-31.81,-6180.99,-31.85,-3576750.25,-78.66,283378.25,12.04,0.0,-1.0384,0.0,-0.0013,0.0,-16.348,0.0,-0.0208,0.5654,0.5654,0.8921
34,Onembute,Konawe,2025,10351.12,6870.69,220.32,4312.98,2639.79,1009.53,0.0,157.5,0.0,6120.87,3902.05,13930338.0,6.06,3.87,13798.84,16863.78,14278.56,30937352.0,6.39,5.41,11719.63,44867690.0,4760478.5,40107211.5,9.425,1200.51,13.12,-972.18,-49.06,445.86,20.32,-1820.87,-22.93,-1160.81,-22.93,-4144066.0,-22.93,2.05,51.12,1.32,51.76,4678.23,51.29,-6348.0,-27.35,-5374.85,-27.35,-11645700.0,-27.35,-4.19,-39.6,-3.55,-39.62,-7689.86,-39.62,-15789766.0,-26.03,552114.0,13.12,-1.6141,-1.5724,-0.0041,-0.0044,-13.934,-14.439,0.0415,0.0718,0.3535,0.3535,0.4966
35,Padangguni,Konawe,2025,9647.86,15816.87,93.24,1257.66,3106.8,984.33,0.0,596.16,0.0,5650.23,3602.02,12859217.0,5.74,3.66,13063.93,18722.78,15852.58,34347788.0,6.03,5.1,11055.68,47207005.0,4437050.5,42769954.5,10.6393,1142.82,13.44,-1083.15,-52.39,847.89,37.54,-2635.23,-31.81,-1679.96,-31.81,-5997461.0,-31.81,1.73,43.14,1.11,43.53,3943.32,43.24,-5176.49,-21.66,-4382.93,-21.66,-9496496.0,-21.66,-4.55,-43.01,-3.86,-43.08,-8353.81,-43.04,-15493957.0,-24.71,525583.5,13.44,-0.2629,-0.3049,-0.0037,-0.0041,-18.7897,-19.2905,-0.0861,-0.0765,0.2424,0.2424,0.4054
36,Morosi,Konawe,2025,3462.76,5486.67,426.42,1758.78,1377.0,440.1,961.47,232.11,1247.13,2829.85,1804.03,6440384.0,6.43,4.1,14633.91,10677.02,9040.23,19587464.0,7.75,6.57,14224.74,26027848.0,1592522.62,24435325.38,16.3438,253.69,7.91,-565.47,-56.23,19.17,1.41,-1199.99,-29.78,-764.99,-29.78,-2731027.0,-29.78,2.42,60.35,1.55,60.78,5513.3,60.45,-3688.82,-25.68,-3123.33,-25.68,-6767316.0,-25.68,-2.83,-26.75,-2.39,-26.67,-5184.74,-26.71,-9498343.0,-26.74,116670.12,7.91,-1.5777,-1.881,-0.0055,-0.0056,-21.8988,-23.2725,0.0137,0.0662,0.4911,0.4911,0.6184
37,Anggalomoare,Konawe,2025,1678.56,0.0,13.86,1722.24,18.27,0.0,0.0,86.13,35.37,0.0,0.0,0.0,0.0,0.0,0.0,141.72,120.0,259999.94,7.76,6.57,14230.98,259999.94,771971.31,-511971.38,0.3368,100.54,6.37,0.0,0.0,17.91,4975.0,0.0,0.0,0.0,0.0,0.0,0.0,0.0,0.0,0.0,0.0,0.0,0.0,137.91,3619.69,116.78,3626.71,253012.53,3620.98,-2.82,-26.65,-2.39,-26.67,-5178.5,-26.68,253012.53,3620.98,46239.12,6.37,0.0,-1.7783,0.0,-0.0049,0.0,-12.254,0.0,0.0121,0.6305,0.6305,0.871
38,Wonggeduku Barat,Konawe,2025,5865.98,0.0,4.41,379.53,1126.17,1802.43,0.0,261.63,51.21,12643.26,8060.08,28774470.0,7.01,4.47,15964.26,8222.07,6961.63,15083761.0,7.3,6.18,13393.86,43858231.0,2697763.0,41160468.0,16.2573,651.3,12.49,-563.76,-23.83,401.76,55.46,3160.71,33.33,2014.96,33.33,7193374.0,33.33,3.0,74.81,1.92,75.29,6843.65,75.04,557.81,7.28,472.3,7.28,1023336.0,7.28,-3.28,-31.0,-2.78,-31.03,-6015.62,-30.99,8216710.0,23.05,299529.75,12.49,-1.8654,-1.8228,-0.006,-0.0059,-22.1503,-21.5383,0.0813,0.0795,0.5961,0.5961,0.6443
39,Tongauna Utara,Konawe,2025,7460.23,9585.9,1281.69,1970.64,557.37,3159.63,0.0,318.42,8.19,16622.57,10596.89,37830880.0,5.26,3.35,11973.2,3560.65,3014.8,6532168.0,6.39,5.41,11719.63,44363048.0,3430960.25,40932087.75,12.9302,737.68,10.97,-616.41,-16.32,110.25,24.66,1490.02,9.85,949.89,9.85,3391092.0,9.85,1.25,31.17,0.8,31.37,2852.59,31.28,-1169.88,-24.73,-990.54,-24.73,-2146201.0,-24.73,-4.19,-39.6,-3.55,-39.62,-7689.86,-39.62,1244891.0,2.89,339257.5,10.97,-0.8345,-0.7233,-0.0045,-0.0041,-18.0739,-16.481,-0.0321,0.0189,0.2745,0.2745,0.614
40,Napabalano,Muna,2025,11296.09,1659.24,34.02,107.46,5241.15,0.0,0.0,235.44,592.56,0.0,0.0,0.0,0.0,0.0,0.0,27485.61,23272.06,50423588.0,5.24,4.44,9620.71,50423588.0,5195072.5,45228515.5,9.706,609.14,5.7,0.0,0.0,357.84,7.33,0.0,0.0,0.0,0.0,0.0,0.0,0.0,0.0,0.0,0.0,0.0,0.0,-11678.53,-29.82,-9888.22,-29.82,-21424804.0,-29.82,-2.78,-34.66,-2.35,-34.61,-5092.34,-34.61,-21424804.0,-29.82,280146.0,5.7,0.0,-0.9333,0.0,-0.0005,0.0,-21.0735,0.0,-0.0745,0.5029,0.5029,0.3268
41,Maligano,Muna,2025,5110.42,7023.33,0.0,221.31,4190.49,0.0,0.0,294.57,35.64,0.0,0.0,0.0,0.0,0.0,0.0,26920.41,22793.51,49386696.0,6.42,5.44,11785.42,49386696.0,2350284.0,47036412.0,21.0131,788.8,18.25,0.0,0.0,394.92,10.4,0.0,0.0,0.0,0.0,0.0,0.0,0.0,0.0,0.0,0.0,0.0,0.0,-3520.06,-11.56,-2980.44,-11.56,-6457724.0,-11.56,-1.6,-19.95,-1.35,-19.88,-2927.63,-19.9,-6457724.0,-11.56,362769.12,18.25,0.0,-1.874,0.0,-0.0019,0.0,-15.1114,0.0,0.0467,0.434,0.434,0.4539
42,Wakorumba Selatan,Muna,2025,3286.57,5473.35,0.0,2489.22,1253.7,0.0,0.0,173.52,10.8,0.0,0.0,0.0,0.0,0.0,0.0,8570.21,7256.4,15722433.0,6.84,5.79,12540.83,15722433.0,1511495.12,14210937.88,10.4019,406.25,14.1,0.0,0.0,116.73,10.27,0.0,0.0,0.0,0.0,0.0,0.0,0.0,0.0,0.0,0.0,0.0,0.0,-548.29,-6.01,-464.23,-6.01,-1005865.0,-6.01,-1.18,-14.71,-1.0,-14.73,-2172.22,-14.76,-1005865.0,-6.01,186833.87,14.1,0.0,-1.7299,0.0,-0.0041,0.0,-15.1583,0.0,0.0192,0.5047,0.5047,0.4196
43,Lasalepa,Muna,2025,15999.22,544.23,11.79,514.53,8246.25,0.0,0.0,413.64,198.72,0.0,0.0,0.0,0.0,0.0,0.0,44807.64,37938.64,82201640.0,5.43,4.6,9968.37,82201640.0,7358043.5,74843596.5,11.1717,141.86,0.89,0.0,0.0,-125.28,-1.5,0.0,0.0,0.0,0.0,0.0,0.0,0.0,0.0,0.0,0.0,0.0,0.0,-22332.03,-33.26,-18908.51,-33.26,-40969096.0,-33.26,-2.59,-32.29,-2.19,-32.25,-4744.68,-32.25,-40969096.0,-33.26,65242.0,0.89,0.0,-1.5081,0.0,-0.0009,0.0,-13.9181,0.0,-0.0033,0.5526,0.5526,0.3229
44,Batalaiworu,Muna,2025,10106.14,0.45,0.0,136.98,1154.97,0.0,0.0,512.1,206.82,0.0,0.0,0.0,0.0,0.0,0.0,6027.98,5103.89,11058607.0,5.22,4.42,9574.8,11058607.0,4647816.5,6410790.5,2.3793,-255.68,-2.47,0.0,0.0,-89.37,-7.18,0.0,0.0,0.0,0.0,0.0,0.0,0.0,0.0,0.0,0.0,0.0,0.0,-3951.63,-39.6,-3345.84,-39.6,-7249431.0,-39.6,-2.8,-34.91,-2.37,-34.9,-5138.25,-34.92,-7249431.0,-39.6,-117583.5,-2.47,0.0,-1.966,0.0,-0.0016,0.0,-9.6737,0.0,0.0529,0.707,0.707,0.3286
45,Katobu,Muna,2025,13368.6,0.0,0.0,170.1,142.29,0.0,0.0,459.36,95.31,0.0,0.0,0.0,0.0,0.0,0.0,732.49,620.2,1343794.12,5.15,4.36,9444.05,1343794.12,6148219.0,-4804424.88,0.2186,-580.52,-4.16,0.0,0.0,-63.54,-30.87,0.0,0.0,0.0,0.0,0.0,0.0,0.0,0.0,0.0,0.0,0.0,0.0,-918.27,-55.63,-777.5,-55.63,-1684592.88,-55.63,-2.87,-35.79,-2.43,-35.79,-5269.0,-35.81,-1684592.88,-55.63,-266983.0,-4.16,0.0,-2.1009,0.0,-0.0015,0.0,-8.889,0.0,0.0701,0.8435,0.8435,0.3344
46,Duruka,Muna,2025,6547.69,13.95,0.0,610.83,492.12,0.0,0.0,193.23,36.45,0.0,0.0,0.0,0.0,0.0,0.0,2562.26,2169.47,4700588.0,5.21,4.41,9551.71,4700588.0,3011283.5,1689304.5,1.561,224.3,3.55,0.0,0.0,-242.28,-32.99,0.0,0.0,0.0,0.0,0.0,0.0,0.0,0.0,0.0,0.0,0.0,0.0,-3327.63,-56.5,-2817.5,-56.5,-6104678.0,-56.5,-2.81,-35.04,-2.38,-35.05,-5161.34,-35.08,-6104678.0,-56.5,103156.0,3.55,0.0,-2.1843,0.0,-0.0041,0.0,-9.9123,0.0,0.083,0.7142,0.7142,0.3454
47,Lohia,Muna,2025,11784.88,2400.93,0.0,4513.05,1240.65,0.0,0.0,246.06,22.68,0.0,0.0,0.0,0.0,0.0,0.0,6697.31,5670.62,12286521.0,5.4,4.57,9903.29,12286521.0,5419863.0,6866658.0,2.2669,551.35,4.91,0.0,0.0,-437.4,-26.07,0.0,0.0,0.0,0.0,0.0,0.0,0.0,0.0,0.0,0.0,0.0,0.0,-6760.65,-50.24,-5724.24,-50.24,-12402715.0,-50.24,-2.62,-32.67,-2.22,-32.7,-4809.76,-32.69,-12402715.0,-50.24,253560.5,4.91,0.0,-1.8869,0.0,-0.002,0.0,-12.1711,0.0,0.0395,0.4811,0.4811,0.3571
48,Watopute,Muna,2025,13835.9,7.02,232.56,736.02,8882.64,0.0,0.0,510.48,0.0,0.0,0.0,0.0,0.0,0.0,0.0,44027.16,37277.8,80769800.0,4.96,4.2,9092.99,80769800.0,6363130.5,74406669.5,12.6934,912.41,7.06,0.0,0.0,44.01,0.5,0.0,0.0,0.0,0.0,0.0,0.0,0.0,0.0,0.0,0.0,0.0,0.0,-26858.64,-37.89,-22741.22,-37.89,-49273432.0,-37.89,-3.06,-38.15,-2.59,-38.14,-5620.06,-38.2,-49273432.0,-37.89,419616.5,7.06,0.0,-1.7497,0.0,0.0002,0.0,-10.2692,0.0,0.0272,0.4451,0.4451,0.3489
49,Kontunaga,Muna,2025,6578.86,0.0,23.04,947.61,2941.83,0.0,0.0,249.21,0.0,0.0,0.0,0.0,0.0,0.0,0.0,12701.55,10754.4,23301568.0,4.32,3.66,7920.77,23301568.0,3025617.5,20275950.5,7.7014,184.01,2.88,0.0,0.0,171.63,6.2,0.0,0.0,0.0,0.0,0.0,0.0,0.0,0.0,0.0,0.0,0.0,0.0,-9515.45,-42.83,-8056.73,-42.83,-17456528.0,-42.83,-3.7,-46.13,-3.13,-46.1,-6792.28,-46.17,-17456528.0,-42.83,84625.25,2.88,0.0,-2.1252,0.0,-0.001,0.0,-7.1515,0.0,0.0679,0.5722,0.5722,0.3593
50,Kabangka,Muna,2025,13350.95,379.35,0.0,208.89,6583.68,5.85,0.0,669.6,533.07,31.19,19.89,70995.39,5.33,3.4,12135.96,36716.46,31087.83,67357992.0,5.58,4.72,10231.05,67428987.39,6140100.5,61288886.89,10.9817,1558.58,13.22,-77.04,-92.94,220.41,3.46,-228.38,-87.98,-145.58,-87.98,-519749.8,-87.98,2.2,70.29,1.4,70.0,5009.1,70.28,-14316.96,-28.05,-12122.17,-28.05,-26265128.0,-28.05,-2.44,-30.42,-2.07,-30.49,-4482.0,-30.46,-26784877.8,-28.43,716789.0,13.22,-1.179,-1.2325,-0.0006,-0.0011,-16.8301,-14.3741,-0.0172,-0.0374,0.5517,0.5517,0.7346
51,Kabawo,Muna,2025,17015.37,1198.44,0.0,1125.81,11814.39,0.0,25.29,474.3,1171.71,0.0,0.0,0.0,0.0,0.0,0.0,66590.67,56382.32,122163568.0,5.64,4.77,10340.23,122163568.0,7825368.0,114338200.0,15.6112,2150.07,14.46,-70.83,-100.0,1528.02,14.85,-221.8,-100.0,-141.4,-100.0,-504795.34,-100.0,-3.13,-100.0,-2.0,-100.0,-7126.86,-100.0,-15906.01,-19.28,-13467.6,-19.28,-29180320.0,-19.28,-2.38,-29.68,-2.02,-29.75,-4372.82,-29.72,-29685115.34,-19.55,988815.0,14.46,0.0,-1.2972,0.0,-0.0019,0.0,-17.8372,0.0,-0.0255,0.501,0.501,0.5344
52,Parigi,Muna,2025,17447.23,971.28,0.0,2255.22,8319.42,0.09,0.0,499.95,1273.14,0.54,0.34,1228.77,6.0,3.82,13652.96,49785.49,42153.38,91333720.0,5.98,5.07,10978.38,91334948.77,8023983.5,83310965.27,11.3827,1593.52,10.05,-73.26,-99.88,1067.4,14.72,-229.15,-99.76,-146.09,-99.77,-521526.2,-99.76,2.87,91.69,1.82,91.0,6526.1,91.57,-8375.71,-14.4,-7091.7,-14.4,-15365616.0,-14.4,-2.04,-25.44,-1.72,-25.33,-3734.67,-25.38,-15887142.2,-14.82,732863.5,10.05,-1.2244,-1.2403,-0.0014,-0.0018,-22.3623,-20.8647,-0.0468,-0.0457,0.5259,0.5259,0.5444
53,Bone,Muna,2025,11705.43,323.28,0.0,2605.59,8280.63,0.0,0.0,92.16,0.0,0.0,0.0,0.0,0.0,0.0,0.0,45581.06,38593.49,83620512.0,5.5,4.66,10098.33,83620512.0,5383325.0,78237187.0,15.5332,876.01,8.09,0.0,0.0,1496.07,22.05,0.0,0.0,0.0,0.0,0.0,0.0,0.0,0.0,0.0,0.0,0.0,0.0,-8831.1,-16.23,-7477.29,-16.23,-16201080.0,-16.23,-2.52,-31.42,-2.13,-31.37,-4614.72,-31.36,-16201080.0,-16.23,402875.0,8.09,0.0,-0.8883,0.0,-0.0012,0.0,-32.0682,0.0,-0.0934,0.5334,0.5334,0.5586
54,Tongkuno,Muna,2025,33157.26,10052.28,0.0,14317.74,10488.69,0.0,0.0,506.97,0.0,0.0,0.0,0.0,0.0,0.0,0.0,62448.15,52874.88,114563968.0,5.95,5.04,10922.62,114563968.0,15249024.0,99314944.0,7.5129,2373.19,7.71,0.0,0.0,379.8,3.76,0.0,0.0,0.0,0.0,0.0,0.0,0.0,0.0,0.0,0.0,0.0,0.0,-18625.17,-22.97,-15769.89,-22.97,-34168672.0,-22.97,-2.07,-25.81,-1.75,-25.77,-3790.43,-25.76,-34168672.0,-22.97,1091428.0,7.71,0.0,-1.0371,0.0,-0.001,0.0,-30.2708,0.0,-0.0716,0.4247,0.4247,0.5103
55,Pasir Putih,Muna,2025,3708.62,5639.67,0.0,2547.0,1728.36,0.0,0.0,106.11,0.0,0.0,0.0,0.0,0.0,0.0,0.0,11404.82,9656.46,20922656.0,6.6,5.59,12105.5,20922656.0,1705595.25,19217060.75,12.2671,353.29,10.53,0.0,0.0,-99.54,-5.45,0.0,0.0,0.0,0.0,0.0,0.0,0.0,0.0,0.0,0.0,0.0,0.0,-3254.94,-22.2,-2755.96,-22.2,-5971332.0,-22.2,-1.42,-17.71,-1.2,-17.67,-2607.55,-17.72,-5971332.0,-22.2,162480.0,10.53,0.0,-1.1622,0.0,-0.002,0.0,-26.1686,0.0,-0.0602,0.5055,0.5055,0.4187
56,Kontu Kowuna,Muna,2025,4294.2,1.53,0.0,9.09,3250.8,0.0,0.0,314.37,0.0,0.0,0.0,0.0,0.0,0.0,0.0,18040.01,15274.48,33095212.0,5.55,4.7,10180.64,33095212.0,1974900.5,31120311.5,16.7579,469.2,12.27,0.0,0.0,119.52,3.82,0.0,0.0,0.0,0.0,0.0,0.0,0.0,0.0,0.0,0.0,0.0,0.0,-7072.85,-28.16,-5988.58,-28.16,-12975472.0,-28.16,-2.47,-30.8,-2.09,-30.78,-4532.41,-30.81,-12975472.0,-28.16,215782.0,12.27,0.0,-1.285,0.0,-0.0008,0.0,-13.9899,0.0,-0.037,0.5272,0.5272,0.5562
57,Marobo,Muna,2025,8118.38,438.75,0.0,1205.91,2459.34,0.0,0.0,93.51,34.47,0.0,0.0,0.0,0.0,0.0,0.0,13449.34,11387.55,24673408.0,5.47,4.63,10032.53,24673408.0,3733640.75,20939767.25,6.6084,860.8,11.86,0.0,0.0,45.72,1.89,0.0,0.0,0.0,0.0,0.0,0.0,0.0,0.0,0.0,0.0,0.0,0.0,-5907.89,-30.52,-5002.22,-30.52,-10838308.0,-30.52,-2.55,-31.8,-2.16,-31.81,-4680.52,-31.81,-10838308.0,-30.52,395877.5,11.86,0.0,-0.9878,0.0,-0.0018,0.0,-26.0662,0.0,-0.0779,0.619,0.619,0.5149
58,Tongkuno Selatan,Muna,2025,8938.9,6.66,0.0,1802.16,2888.91,0.0,0.0,108.99,0.0,0.0,0.0,0.0,0.0,0.0,0.0,17345.93,14686.8,31821892.0,6.0,5.08,11015.19,31821892.0,4110998.5,27710893.5,7.7407,985.05,12.38,0.0,0.0,125.46,4.54,0.0,0.0,0.0,0.0,0.0,0.0,0.0,0.0,0.0,0.0,0.0,0.0,-4816.94,-21.73,-4078.5,-21.73,-8836888.0,-21.73,-2.02,-25.19,-1.71,-25.18,-3697.86,-25.13,-8836888.0,-21.73,453021.5,12.38,0.0,-0.7119,0.0,-0.0009,0.0,-39.4714,0.0,-0.1189,0.4757,0.4757,0.6339
59,Pasi Kolaga,Muna,2025,1589.55,53.19,0.0,55.44,1399.95,0.0,0.0,150.21,0.0,0.0,0.0,0.0,0.0,0.0,0.0,9214.1,7801.57,16903672.0,6.58,5.57,12074.48,16903672.0,731034.94,16172637.06,23.1229,237.61,17.58,0.0,0.0,-56.88,-3.9,0.0,0.0,0.0,0.0,0.0,0.0,0.0,0.0,0.0,0.0,0.0,0.0,-2469.68,-21.14,-2091.08,-21.14,-4530742.0,-21.14,-1.44,-17.96,-1.22,-17.97,-2638.57,-17.93,-4530742.0,-21.14,109280.0,17.58,0.0,-1.0652,0.0,-0.0015,0.0,-29.7978,0.0,-0.069,0.5239,0.5239,0.4472
60,Batukara,Muna,2025,2871.4,5658.21,0.0,347.76,2129.49,0.0,0.0,135.81,3.51,0.0,0.0,0.0,0.0,0.0,0.0,14551.48,12320.73,26695334.0,6.83,5.79,12536.02,26695334.0,1320556.75,25374777.25,20.2152,396.79,16.03,0.0,0.0,-14.22,-0.66,0.0,0.0,0.0,0.0,0.0,0.0,0.0,0.0,0.0,0.0,0.0,0.0,-2641.07,-15.36,-2236.2,-15.36,-4845182.0,-15.36,-1.19,-14.84,-1.0,-14.73,-2177.03,-14.8,-4845182.0,-15.36,182485.5,16.03,0.0,-1.8057,0.0,-0.0031,0.0,-14.1688,0.0,0.0255,0.4668,0.4668,0.4626
61,Towea,Muna,2025,5089.11,1443.24,0.0,563.58,658.35,0.0,0.0,47.7,66.33,0.0,0.0,0.0,0.0,0.0,0.0,3897.45,3299.97,7150044.5,5.92,5.01,10860.55,7150044.5,2340483.25,4809561.25,3.0549,729.83,16.74,0.0,0.0,-33.84,-4.89,0.0,0.0,0.0,0.0,0.0,0.0,0.0,0.0,0.0,0.0,0.0,0.0,-1653.91,-29.79,-1400.37,-29.79,-3034182.5,-29.79,-2.1,-26.18,-1.78,-26.22,-3852.5,-26.18,-3034182.5,-29.79,335651.75,16.74,0.0,-0.5799,0.0,-0.0003,0.0,-28.0416,0.0,-0.1163,0.3255,0.3255,0.3745
62,Pasarwajo,Buton,2025,47291.39,18468.18,0.0,6718.68,6556.59,0.0,0.0,1257.57,12.6,0.0,0.0,0.0,0.0,0.0,0.0,108433.52,91810.65,198926144.0,16.54,14.0,30339.88,198926144.0,21749306.0,177176838.0,9.1463,5139.74,12.19,0.0,0.0,-775.71,-10.58,0.0,0.0,0.0,0.0,0.0,0.0,0.0,0.0,0.0,0.0,0.0,0.0,-28753.81,-20.96,-24345.86,-20.96,-52750176.0,-20.96,-2.17,-11.6,-1.84,-11.62,-3984.45,-11.61,-52750176.0,-20.96,2363760.0,12.19,0.0,-0.5534,0.0,-0.001,0.0,-14.5855,0.0,-0.1304,0.3361,0.3361,0.558
63,Kapontori,Buton,2025,38704.66,35422.74,0.0,6176.52,4733.46,18.0,112.05,392.58,10.98,101.89,64.95,231879.03,5.66,3.61,12882.17,84118.34,71223.02,154318912.0,17.77,15.05,32601.71,154550791.03,17800274.0,136750517.03,8.6825,5055.46,15.02,-474.12,-96.34,-262.35,-5.25,-1278.99,-92.62,-815.36,-92.62,-2910842.22,-92.62,2.85,101.42,1.82,101.68,6496.08,101.72,-9353.27,-10.01,-7919.39,-10.01,-17159008.0,-10.01,-0.94,-5.02,-0.79,-4.99,-1722.64,-5.02,-20069850.22,-11.49,2325007.0,15.02,-1.8949,-1.073,0.008,-0.0024,-25.7973,-15.9705,0.0602,-0.0571,0.3808,0.3808,0.4812
64,Lasalimu,Buton,2025,27183.95,18591.12,25.2,3813.75,8722.8,72.72,0.0,235.17,82.17,385.59,245.81,877556.25,5.3,3.38,12067.61,129094.85,109304.61,236830304.0,14.8,12.53,27150.72,237707860.25,12501903.0,225205957.25,19.0137,3487.86,14.72,-57.24,-44.04,1059.75,13.83,20.92,5.74,13.33,5.73,47620.44,5.74,2.49,88.61,1.59,88.83,5681.52,88.97,-14280.79,-9.96,-12091.57,-9.96,-26198832.0,-9.96,-3.91,-20.9,-3.31,-20.9,-7173.62,-20.9,-26151211.56,-9.91,1604070.0,14.72,-1.4176,-1.0692,-0.0038,-0.0018,-1.8757,-9.8013,-0.0073,-0.0575,0.4918,0.4918,0.2938
65,Lasalimu Selatan,Buton,2025,7735.64,3482.91,0.0,1925.1,8714.61,28.44,0.0,522.72,25.11,56.55,36.05,128701.0,1.99,1.27,4525.35,97588.28,82627.98,179030080.0,11.2,9.48,20543.67,179158781.0,3557621.0,175601160.0,50.3592,724.7,10.34,-198.63,-87.48,1350.9,18.35,-580.61,-91.12,-370.14,-91.12,-1321388.0,-91.12,-0.82,-29.18,-0.52,-29.05,-1860.74,-29.14,-40186.74,-29.17,-34026.13,-29.17,-73724368.0,-29.17,-7.51,-40.14,-6.36,-40.15,-13780.66,-40.15,-75045756.0,-29.52,333289.25,10.34,-0.4017,-0.4984,-0.0015,-0.0026,-23.1159,-21.389,-0.1513,-0.1394,0.4696,0.4696,0.2024
66,Siotapina,Buton,2025,13204.72,15237.0,0.0,3827.79,5247.81,0.0,0.0,566.64,0.54,0.0,0.0,0.0,0.0,0.0,0.0,64567.45,54669.27,118451904.0,12.3,10.42,22571.68,118451904.0,6072852.0,112379052.0,19.5052,1172.61,9.75,0.0,0.0,-378.0,-6.72,0.0,0.0,0.0,0.0,0.0,0.0,0.0,0.0,0.0,0.0,0.0,0.0,-40691.44,-38.66,-34453.44,-38.66,-74650288.0,-38.66,-6.41,-34.26,-5.42,-34.22,-11752.66,-34.24,-74650288.0,-38.66,539285.5,9.75,0.0,-0.5121,0.0,-0.0067,0.0,-28.0722,0.0,-0.1397,0.3206,0.3206,0.2566
67,Wolowa,Buton,2025,7471.95,6185.88,0.0,1530.72,1490.76,0.0,0.0,222.84,23.85,0.0,0.0,0.0,0.0,0.0,0.0,25853.69,21890.32,47429756.0,17.34,14.68,31815.82,47429756.0,3436349.5,43993406.5,13.8024,1023.24,15.87,0.0,0.0,-176.58,-10.59,0.0,0.0,0.0,0.0,0.0,0.0,0.0,0.0,0.0,0.0,0.0,0.0,-5342.25,-17.12,-4523.28,-17.12,-9800584.0,-17.12,-1.37,-7.32,-1.16,-7.32,-2508.52,-7.31,-9800584.0,-17.12,470585.25,15.87,0.0,-0.6393,0.0,-0.0018,0.0,-13.4139,0.0,-0.1304,0.2853,0.2853,0.3615
68,Wabula,Buton,2025,5490.73,2827.35,0.0,3286.62,75.96,0.0,0.0,149.04,0.0,0.0,0.0,0.0,0.0,0.0,0.0,1068.06,904.32,1959400.25,14.06,11.91,25795.16,1959400.25,2525184.5,-565784.25,0.7759,469.87,9.36,0.0,0.0,-168.66,-68.95,0.0,0.0,0.0,0.0,0.0,0.0,0.0,0.0,0.0,0.0,0.0,0.0,-3508.78,-76.66,-2970.89,-76.66,-6437017.75,-76.66,-4.65,-24.85,-3.93,-24.81,-8529.17,-24.85,-6437017.75,-76.66,216093.25,9.36,0.0,0.4645,0.0,0.0021,0.0,-55.1453,0.0,-0.2397,0.3184,0.3184,0.4612
69,Tinanggea,Konawe Selatan,2025,35096.05,4632.93,1117.44,7671.15,14010.12,206.82,833.13,930.96,4105.53,646.26,411.99,1470800.38,3.12,1.99,7111.5,164836.97,139567.45,302400832.0,11.77,9.96,21584.46,303871632.38,16140672.0,287730960.38,18.8265,3383.06,10.67,-563.58,-73.15,-333.63,-2.33,-1823.96,-73.84,-1162.78,-73.84,-4151115.62,-73.84,-0.09,-2.8,-0.05,-2.45,-185.9,-2.55,-109702.37,-39.96,-92885.05,-39.96,-201254048.0,-39.96,-7.37,-38.51,-6.25,-38.56,-13528.73,-38.53,-205405163.62,-40.33,1555865.0,10.67,-1.8193,-1.5073,-0.0042,-0.0054,-1.2133,-7.1326,0.0896,0.0323,0.4312,0.4312,0.6065
70,Angata,Konawe Selatan,2025,19960.16,2394.9,59.58,16557.12,5594.31,2158.29,0.0,941.58,0.0,13332.97,8499.77,30344166.0,6.18,3.94,14059.36,85020.59,71986.95,155974144.0,15.2,12.87,27880.85,186318310.0,9179678.0,177138632.0,20.2968,1824.25,10.06,-2384.37,-52.49,555.75,11.03,-1232.68,-8.46,-785.83,-8.46,-2805438.0,-8.46,2.97,92.52,1.9,93.14,6761.96,92.66,-11417.46,-11.84,-9667.14,-11.84,-20945760.0,-11.84,-3.94,-20.59,-3.34,-20.6,-7232.34,-20.6,-23751198.0,-11.31,838968.0,10.06,-2.1597,-2.1784,-0.0042,-0.0036,-13.5055,-9.4401,0.1008,0.1011,0.396,0.396,0.3827
71,Andoolo,Konawe Selatan,2025,22146.5,0.0,1500.03,794.61,7365.87,0.0,0.0,192.15,0.0,0.0,0.0,0.0,0.0,0.0,0.0,106224.06,89939.88,194872752.0,14.42,12.21,26456.18,194872752.0,10185173.0,184687579.0,19.133,3832.72,20.93,0.0,0.0,-346.05,-4.49,0.0,0.0,0.0,0.0,0.0,0.0,0.0,0.0,0.0,0.0,0.0,0.0,-41382.08,-28.04,-35038.26,-28.04,-75917360.0,-28.04,-4.72,-24.66,-4.0,-24.68,-8657.01,-24.65,-75917360.0,-28.04,1762665.0,20.93,0.0,-1.7326,0.0,-0.0033,0.0,-6.5429,0.0,0.058,0.5647,0.5647,0.6593
72,Palangga,Konawe Selatan,2025,21293.4,105.75,2903.22,3099.24,9319.5,159.12,0.0,246.15,80.82,700.05,446.28,1593234.25,4.4,2.8,10012.78,106968.39,90570.12,196238320.0,11.48,9.72,21056.74,197831554.25,9792835.0,188038719.25,20.2017,2791.16,15.09,-792.72,-83.28,1482.84,18.92,-2351.94,-77.06,-1499.37,-77.06,-5352720.75,-77.06,1.19,37.07,0.76,37.25,2715.38,37.21,-43025.27,-28.68,-36429.52,-28.68,-78931792.0,-28.68,-7.66,-40.02,-6.49,-40.04,-14056.45,-40.03,-84284512.75,-29.88,1283654.0,15.09,-0.9841,-1.0635,0.0105,-0.0036,-8.6532,-14.58,-0.108,-0.0308,0.4855,0.4855,0.6074
73,Landono,Konawe Selatan,2025,13960.26,5336.82,1606.86,3514.59,969.39,658.17,0.0,571.95,13.23,4315.12,2750.89,9820669.0,6.56,4.18,14921.17,14675.4,12425.66,26922678.0,15.14,12.82,27772.8,36743347.0,6420321.5,30323025.5,5.723,1557.45,12.56,-918.99,-58.27,136.17,16.34,-741.91,-14.67,-472.97,-14.67,-1688497.0,-14.67,3.35,104.36,2.14,104.9,7623.77,104.47,-1272.43,-7.98,-1077.37,-7.98,-2334336.0,-7.98,-4.0,-20.9,-3.39,-20.91,-7340.39,-20.9,-4022833.0,-9.87,716268.0,12.56,-2.1723,-2.2058,-0.0054,-0.0055,-18.2938,-19.0254,0.1054,0.1031,0.4022,0.4022,0.608
74,Lainea,Konawe Selatan,2025,19034.13,7436.25,1300.23,6605.01,5660.64,205.92,259.83,448.38,1489.77,535.2,341.19,1218055.12,2.6,1.66,5915.19,44242.5,37460.12,81164848.0,7.82,6.62,14338.46,82382903.12,8753797.0,73629106.12,9.4111,883.62,4.87,-1081.08,-84.0,1285.11,29.37,-3591.46,-87.03,-2289.55,-87.03,-8173695.88,-87.03,-0.61,-19.0,-0.38,-18.63,-1382.21,-18.94,-39505.14,-47.17,-33449.02,-47.17,-72473936.0,-47.17,-11.32,-59.14,-9.59,-59.16,-20774.72,-59.17,-80647631.88,-49.47,406375.0,4.87,0.0957,-0.1186,0.0014,0.0025,-40.7547,-34.9343,-0.1966,-0.1739,0.3882,0.3882,0.5372
75,Konda,Konawe Selatan,2025,29912.46,4039.38,1.26,936.45,4848.48,1683.0,0.0,1069.38,0.0,9004.8,5740.56,20493796.0,5.35,3.41,12176.94,77699.84,65788.47,142543872.0,16.03,13.57,29399.7,163037668.0,13756738.0,149280930.0,11.8515,3800.79,14.56,-722.34,-30.03,649.98,15.48,1292.28,16.76,823.83,16.76,2941072.0,16.76,2.14,66.67,1.37,67.16,4879.54,66.87,-2659.44,-3.31,-2251.74,-3.31,-4878832.0,-3.31,-3.11,-16.25,-2.64,-16.29,-5713.48,-16.27,-1937760.0,-1.17,1747983.0,14.56,-2.0018,-1.924,-0.0064,-0.0049,-16.9872,-11.6687,0.1052,0.0685,0.5193,0.5193,0.8616
76,Ranomeeto,Konawe Selatan,2025,30417.32,3309.03,52.47,3069.63,1918.53,22.77,0.0,823.68,0.0,137.48,87.65,312897.81,6.04,3.85,13741.67,30859.5,26128.74,56613152.0,16.08,13.62,29508.61,56926049.81,13988926.0,42937123.81,4.0694,3180.71,11.68,-258.93,-91.92,225.54,13.32,-765.77,-84.78,-488.17,-84.78,-1742779.31,-84.78,2.83,88.16,1.81,88.73,6444.27,88.31,-1544.33,-4.77,-1307.58,-4.77,-2833128.0,-4.77,-3.06,-15.99,-2.59,-15.98,-5604.58,-15.96,-4575907.31,-7.44,1462810.0,11.68,-2.0953,-2.123,-0.0052,-0.0056,-16.7344,-15.4151,0.114,0.0949,0.5453,0.5453,0.8634
77,Kolono,Konawe Selatan,2025,17420.59,10470.42,387.45,11980.17,5069.52,127.26,11.34,497.88,1231.38,314.03,200.19,714693.12,2.47,1.57,5616.01,50447.37,42713.79,92547976.0,9.95,8.43,18255.77,93262669.12,8011726.5,85250942.62,11.6408,1767.63,11.29,-151.65,-54.37,716.67,16.46,-580.27,-64.89,-369.93,-64.89,-1320624.26,-64.89,-0.74,-23.05,-0.47,-23.04,-1681.39,-23.04,-32866.18,-39.45,-27827.8,-39.45,-60294440.0,-39.45,-9.19,-48.01,-7.78,-48.0,-16857.41,-48.01,-61615064.26,-39.78,812930.5,11.29,-0.5036,-0.4404,-0.003,0.0034,-23.1862,-26.6371,-0.0996,-0.1435,0.3804,0.3804,0.5427
78,Moramo,Konawe Selatan,2025,29965.56,8430.48,124.74,13082.67,2847.15,281.79,0.09,427.77,515.34,924.36,589.28,2103729.25,3.28,2.09,7465.59,36469.49,30878.71,66904904.0,12.81,10.85,23498.9,69008633.25,13781164.0,55227469.25,5.0075,4367.01,17.06,-482.58,-63.13,958.77,50.77,-1526.53,-62.28,-973.16,-62.28,-3474183.25,-62.28,0.07,2.18,0.05,2.45,168.19,2.3,325.89,0.9,275.92,0.9,597860.0,0.9,-6.33,-33.07,-5.36,-33.07,-11614.29,-33.08,-2876323.25,-4.0,2008394.0,17.06,-1.3913,-1.4986,-0.0029,-0.004,-6.7314,-14.0272,0.0937,-0.0328,0.4306,0.4306,0.532
79,Laonti,Konawe Selatan,2025,12669.53,28793.61,0.0,4369.23,3967.29,0.0,66.96,162.18,111.6,0.0,0.0,0.0,0.0,0.0,0.0,37788.47,31995.5,69324616.0,9.53,8.06,17474.05,69324616.0,5826719.0,63497897.0,11.8977,1362.59,12.05,0.0,0.0,81.72,2.1,0.0,0.0,0.0,0.0,0.0,0.0,0.0,0.0,0.0,0.0,0.0,0.0,-36581.33,-49.19,-30973.43,-49.19,-67110136.0,-49.19,-9.61,-50.21,-8.15,-50.28,-17639.14,-50.24,-67110136.0,-49.19,626656.5,12.05,0.0,-0.2079,0.0,-0.002,0.0,-24.0793,0.0,-0.1449,0.1972,0.1972,0.4022
80,Lalembuu,Konawe Selatan,2025,16379.66,5051.52,418.5,1858.23,8604.36,1666.62,357.03,950.49,0.0,6779.92,4322.2,15430260.0,4.07,2.59,9258.42,100663.04,85231.41,184670848.0,11.7,9.91,21462.47,200101108.0,7533006.0,192568102.0,26.5632,944.06,6.12,-987.75,-37.21,959.94,12.56,-1731.09,-20.34,-1103.57,-20.34,-3939734.0,-20.34,0.86,26.79,0.55,26.96,1961.02,26.87,-45651.18,-31.2,-38652.83,-31.2,-83749120.0,-31.2,-7.44,-38.87,-6.3,-38.86,-13650.72,-38.88,-87688854.0,-30.47,434172.0,6.12,-2.0532,-2.1629,-0.0009,-0.0069,1.992,-0.2587,0.0919,0.1203,0.4259,0.4259,0.3756
81,Benua,Konawe Selatan,2025,9140.21,1184.58,128.7,519.84,8452.44,0.0,0.0,307.26,0.0,0.0,0.0,0.0,0.0,0.0,0.0,130136.37,110186.46,238741008.0,15.4,13.04,28245.22,238741008.0,4203582.0,234537426.0,56.7947,804.95,9.66,0.0,0.0,512.82,6.46,0.0,0.0,0.0,0.0,0.0,0.0,0.0,0.0,0.0,0.0,0.0,0.0,-21827.91,-14.36,-18481.74,-14.36,-40044336.0,-14.36,-3.74,-19.54,-3.17,-19.56,-6867.96,-19.56,-40044336.0,-14.36,370194.75,9.66,0.0,-2.1685,0.0,-0.0042,0.0,-7.1499,0.0,0.1105,0.5457,0.5457,0.3583
82,Palangga Selatan,Konawe Selatan,2025,13042.89,748.17,671.13,693.09,7346.52,15.57,486.54,198.81,671.94,47.81,30.48,108806.23,3.07,1.96,6988.2,65096.89,55117.53,119423136.0,8.86,7.5,16255.74,119531942.23,5998424.0,113533518.23,19.9272,953.84,7.89,-642.6,-97.63,1204.2,19.6,-2062.56,-97.73,-1314.88,-97.73,-4694122.27,-97.73,-0.14,-4.36,-0.08,-3.92,-309.2,-4.24,-52467.12,-44.63,-44423.9,-44.63,-96253296.0,-44.63,-10.28,-53.71,-8.71,-53.73,-18857.45,-53.7,-100947418.27,-45.79,438669.0,7.89,-0.3385,-0.3528,0.0008,-0.0031,-24.999,-24.6785,-0.1316,-0.1198,0.5513,0.5513,0.5686
83,Mowila,Konawe Selatan,2025,17000.2,3214.35,225.54,4269.42,2715.84,1809.18,0.0,583.2,16.2,12224.67,7793.23,27821816.0,6.76,4.31,15378.14,41524.59,35158.86,76178704.0,15.29,12.95,28049.78,104000520.0,7818388.0,96182132.0,13.302,2091.72,14.03,-960.48,-34.68,382.86,16.41,3343.99,37.65,2131.8,37.65,7610500.0,37.65,3.55,110.59,2.27,111.27,8080.74,110.73,-3128.65,-7.01,-2649.03,-7.01,-5739664.0,-7.01,-3.85,-20.11,-3.26,-20.11,-7063.41,-20.12,1870836.0,1.83,961977.5,14.03,-2.2088,-2.178,-0.0054,-0.005,-19.645,-17.2629,0.1105,0.1073,0.4814,0.4814,0.4788
84,Moramo Utara,Konawe Selatan,2025,21878.26,7606.71,1.44,1058.94,7542.27,49.14,22.95,264.42,69.57,255.32,162.77,581080.69,5.2,3.31,11825.0,110258.79,93356.12,202274720.0,14.62,12.38,26818.81,202855800.69,10061811.0,192793989.69,20.161,4329.14,24.67,-44.91,-47.75,1386.99,22.53,-46.24,-15.33,-29.48,-15.33,-105239.69,-15.33,1.99,61.99,1.27,62.25,4527.6,62.04,-7553.26,-6.41,-6395.36,-6.41,-13856832.0,-6.41,-4.52,-23.62,-3.83,-23.63,-8294.39,-23.62,-13962071.69,-6.44,1990972.0,24.67,-1.7469,-1.3621,-0.0048,-0.004,-12.4863,-13.0075,0.044,0.0096,0.399,0.399,0.7573
85,Buke,Konawe Selatan,2025,14369.25,612.99,2.16,1956.69,11696.94,0.0,0.0,859.41,0.0,0.0,0.0,0.0,0.0,0.0,0.0,188144.95,159302.38,345160416.0,16.08,13.62,29508.61,345160416.0,6608417.0,338551999.0,52.2304,1831.96,14.61,0.0,0.0,903.87,8.37,0.0,0.0,0.0,0.0,0.0,0.0,0.0,0.0,0.0,0.0,0.0,0.0,-18434.43,-8.92,-15608.39,-8.92,-33818752.0,-8.92,-3.06,-15.99,-2.59,-15.98,-5604.58,-15.96,-33818752.0,-8.92,842518.0,14.61,0.0,-2.0998,0.0,-0.0046,0.0,-9.9027,0.0,0.0966,0.4777,0.4777,0.4594
86,Wolasi,Konawe Selatan,2025,11983.72,10359.63,2.7,846.9,4093.56,3.15,0.0,44.37,0.0,14.74,9.39,33536.17,4.68,2.98,10646.4,61719.02,52257.49,113226304.0,15.08,12.77,27659.62,113259840.17,5511312.5,107748527.67,20.5504,1926.45,19.15,-133.74,-97.7,847.62,26.11,-424.19,-96.64,-270.43,-96.64,-965404.71,-96.64,1.47,45.79,0.94,46.08,3349.0,45.89,-408.27,-0.66,-345.69,-0.66,-749008.0,-0.66,-4.06,-21.21,-3.44,-21.22,-7453.57,-21.23,-1714412.71,-1.49,885972.0,19.15,-1.5773,-1.4782,-0.0043,-0.0039,-10.652,-11.1043,0.029,0.0119,0.324,0.324,0.6806
87,Laeya,Konawe Selatan,2025,37016.78,8588.97,1351.17,2401.74,12466.08,1126.08,111.51,640.35,882.63,3729.91,2377.82,8488802.0,3.31,2.11,7538.36,120604.35,102115.72,221254144.0,9.67,8.19,17748.49,229742946.0,17024018.0,212718928.0,13.4952,4613.66,14.24,-1184.31,-51.26,996.75,8.69,-3678.16,-49.65,-2344.82,-49.65,-8371034.0,-49.65,0.1,3.12,0.07,3.43,240.96,3.3,-98918.6,-45.06,-83754.42,-45.06,-181470688.0,-45.06,-9.47,-49.48,-8.02,-49.48,-17364.71,-49.45,-189841722.0,-45.25,2121827.0,14.24,-0.5561,-0.5465,0.0008,-0.004,-18.6416,-24.6712,-0.108,-0.0971,0.4116,0.4116,0.7237
88,Baito,Konawe Selatan,2025,13621.08,7614.81,1.17,4756.5,5965.47,163.53,0.0,125.01,12.06,948.78,604.85,2159303.5,5.8,3.7,13204.33,93341.0,79031.83,171238272.0,15.65,13.25,28704.91,173397575.5,6264332.0,167133243.5,27.6801,1950.24,16.71,-395.82,-70.76,643.59,12.09,-844.73,-47.1,-538.51,-47.1,-1922496.25,-47.1,2.59,80.69,1.66,81.37,5906.93,80.95,-8519.77,-8.36,-7213.69,-8.36,-15629904.0,-8.36,-3.49,-18.23,-2.96,-18.26,-6408.28,-18.25,-17552400.25,-9.19,896913.0,16.71,-1.8003,-1.7651,-0.0034,-0.0045,-11.0444,-11.7777,0.0469,0.0543,0.3186,0.3186,0.5466
89,Basala,Konawe Selatan,2025,8780.67,60.03,0.0,286.29,6329.7,1210.23,0.0,340.83,0.0,5419.91,3455.19,12335031.0,4.48,2.85,10192.3,78707.34,66641.49,144392112.0,12.43,10.53,22811.84,156727143.0,4038226.5,152688916.5,38.8109,485.85,5.86,-425.43,-26.01,953.46,17.73,175.31,3.34,111.75,3.34,398969.0,3.34,1.27,39.56,0.81,39.71,2894.9,39.67,-24193.9,-23.51,-20484.99,-23.51,-44384832.0,-23.51,-6.71,-35.06,-5.68,-35.04,-12301.35,-35.03,-43985863.0,-21.91,223441.25,5.86,-2.1469,-2.1978,-0.0035,-0.0048,1.1056,-2.0764,0.1084,0.1203,0.5782,0.5782,0.3321
90,Ranomeeto Barat,Konawe Selatan,2025,8711.77,0.0,1338.39,4955.04,25.83,62.91,0.0,142.47,34.11,392.39,250.15,893020.25,6.24,3.98,14195.2,415.47,351.78,762207.38,16.08,13.62,29508.61,1655227.62,4006544.75,-2351317.12,0.4131,887.96,11.35,-395.01,-86.26,-117.0,-81.92,-1075.89,-73.28,-685.88,-73.28,-2448604.5,-73.28,3.03,94.39,1.94,95.1,6897.8,94.52,-2318.3,-84.8,-1962.9,-84.8,-4253009.62,-84.8,-3.06,-15.99,-2.59,-15.98,-5604.58,-15.96,-6701614.13,-80.19,408375.0,11.35,-2.1574,-2.3607,-0.0054,-0.0075,-18.0419,-26.7238,0.1335,0.1069,0.5644,0.5644,0.7939
91,Kolono Timur,Konawe Selatan,2025,9624.47,7452.36,0.0,2333.52,2014.29,0.0,0.0,137.7,8.64,0.0,0.0,0.0,0.0,0.0,0.0,23270.17,19702.85,42690168.0,11.55,9.78,21193.66,42690168.0,4426295.5,38263872.5,9.6447,916.35,10.52,0.0,0.0,-63.27,-3.05,0.0,0.0,0.0,0.0,0.0,0.0,0.0,0.0,0.0,0.0,0.0,0.0,-16494.33,-41.48,-13965.75,-41.48,-30259600.0,-41.48,-7.59,-39.66,-6.43,-39.67,-13919.53,-39.64,-30259600.0,-41.48,421429.5,10.52,0.0,-0.2056,0.0,-0.0019,0.0,-33.1246,0.0,-0.157,0.321,0.321,0.5194
92,Sabulakoa,Konawe Selatan,2025,7135.98,0.0,1279.26,1966.95,1352.7,270.63,0.0,271.98,115.38,1828.65,1165.77,4161786.0,6.76,4.31,15378.14,20478.25,17338.94,37568272.0,15.14,12.82,27772.8,41730058.0,3281836.5,38448221.5,12.7155,1147.02,19.15,-564.12,-67.58,-39.33,-2.83,-847.9,-31.68,-540.53,-31.68,-1929717.0,-31.68,3.55,110.59,2.27,111.27,8080.74,110.73,-6165.2,-23.14,-5220.07,-23.14,-11310344.0,-23.14,-4.0,-20.9,-3.39,-20.91,-7340.39,-20.9,-13240061.0,-24.09,527515.25,19.15,-2.2131,-2.1758,-0.0057,-0.0058,-22.0303,-22.1508,0.1256,0.0901,0.5523,0.5523,0.616
93,Andoolo Barat,Konawe Selatan,2025,8390.43,0.0,83.61,1683.27,4987.17,0.0,0.0,488.16,0.0,0.0,0.0,0.0,0.0,0.0,0.0,69263.72,58645.59,127067424.0,13.89,11.76,25478.86,127067424.0,3858758.5,123208665.5,32.9296,828.57,10.96,0.0,0.0,533.34,11.97,0.0,0.0,0.0,0.0,0.0,0.0,0.0,0.0,0.0,0.0,0.0,0.0,-15982.58,-18.75,-13532.46,-18.75,-29320752.0,-18.75,-5.25,-27.43,-4.45,-27.45,-9634.33,-27.44,-29320752.0,-18.75,381058.5,10.96,0.0,-2.0651,0.0,-0.0039,0.0,-3.4383,0.0,0.097,0.5421,0.5421,0.449
94,Poleang,Bombana,2025,13162.07,1792.62,33.75,825.57,6689.43,0.0,0.27,299.7,100.71,0.0,0.0,0.0,0.0,0.0,0.0,42197.09,35728.28,77412456.0,6.31,5.34,11572.35,77412456.0,6053235.0,71359221.0,12.7886,2597.55,24.59,0.0,0.0,176.4,2.71,0.0,0.0,0.0,0.0,0.0,0.0,0.0,0.0,0.0,0.0,0.0,0.0,-11209.76,-20.99,-9491.29,-20.99,-20564816.0,-20.99,-1.89,-23.05,-1.6,-23.05,-3470.92,-23.07,-20564816.0,-20.99,1194614.5,24.59,0.0,-0.5679,0.0,0.0001,0.0,-29.1733,0.0,-0.1038,0.505,0.505,0.5125
95,Poleang Timur,Bombana,2025,17982.81,2757.06,29.61,2517.21,1706.94,1620.54,0.09,385.02,1034.46,11243.56,7167.77,25588936.0,6.94,4.42,15790.38,10814.68,9156.79,19840014.0,6.34,5.36,11623.15,45428950.0,8270292.5,37158657.5,5.493,3887.13,27.58,-500.67,-23.6,1156.14,209.9,2081.74,22.72,1327.11,22.72,4737780.0,22.72,2.62,60.65,1.67,60.73,5960.54,60.64,6298.12,139.45,5332.62,139.45,11554181.5,139.45,-1.86,-22.68,-1.58,-22.77,-3420.12,-22.74,16291961.5,55.92,1787687.5,27.58,-0.8846,-1.1991,0.0022,-0.0018,-8.2674,-13.552,-0.045,-0.1278,0.4621,0.4621,0.7506
96,Rarowatu,Bombana,2025,18835.77,7895.34,587.52,10904.22,1322.64,45.09,314.82,255.51,0.0,233.86,149.09,532239.62,5.19,3.31,11803.94,7028.62,5951.14,12894329.0,5.31,4.5,9748.93,13426568.62,8662569.0,4763999.62,1.55,2909.88,18.27,-113.31,-71.53,305.46,30.03,-450.29,-65.82,-287.06,-65.82,-1024807.0,-65.82,0.87,20.14,0.56,20.36,1974.1,20.08,-1312.26,-15.73,-1111.08,-15.73,-2407383.0,-15.73,-2.89,-35.24,-2.44,-35.16,-5294.34,-35.19,-3432190.0,-20.36,1338249.0,18.27,-0.9976,-0.9271,-0.0001,-0.0011,-5.0847,-7.8596,-0.0392,-0.051,0.4675,0.4675,0.648
97,Rumbia,Bombana,2025,10072.45,985.32,115.74,890.82,1185.84,272.61,0.18,254.16,281.79,1413.91,901.36,3217871.5,5.19,3.31,11803.94,6301.66,5335.61,11560674.0,5.31,4.5,9748.93,14778545.5,4632320.5,10146225.0,3.1903,1574.49,18.53,-650.43,-70.47,690.48,139.39,-2572.84,-64.53,-1640.19,-64.54,-5855464.5,-64.53,0.87,20.14,0.56,20.36,1974.1,20.08,2239.71,55.14,1896.36,55.14,4108840.5,55.14,-2.89,-35.24,-2.44,-35.16,-5294.34,-35.19,-1746624.0,-10.57,724108.5,18.53,-0.7466,-0.8572,-0.0037,0.0015,-13.8052,-15.8347,-0.094,-0.0153,0.5051,0.5051,0.798
98,Kabaena,Bombana,2025,5451.6,2227.95,3.87,7626.06,81.99,0.0,112.32,49.32,0.09,0.0,0.0,0.0,0.0,0.0,0.0,512.22,433.7,939699.5,6.25,5.29,11461.15,939699.5,2507191.5,-1567492.0,0.3748,653.25,13.61,0.0,0.0,81.99,0.0,0.0,0.0,0.0,0.0,0.0,0.0,0.0,0.0,0.0,0.0,0.0,0.0,512.22,0.0,433.7,0.0,939699.5,0.0,6.25,0.0,5.29,0.0,11461.15,0.0,939699.5,0.0,300432.0,13.61,0.0,0.0,0.0,0.0,0.0,0.0,0.0,0.0,0.4383,0.4383,0.6861
99,Kabaena Timur,Bombana,2025,13008.58,6450.3,7.92,3287.79,1839.51,0.27,93.15,227.16,54.0,1.05,0.67,2390.3,3.89,2.48,8852.96,7997.99,6771.9,14672666.0,4.35,3.68,7976.4,14675056.3,5982645.0,8692411.3,2.4529,2360.0,22.16,0.27,0.0,-15.75,-0.85,1.05,0.0,0.67,0.0,2390.3,0.0,3.89,0.0,2.48,0.0,8852.96,0.0,-7215.14,-47.43,-6109.06,-47.43,-13236506.0,-47.43,-3.85,-46.95,-3.26,-46.97,-7066.87,-46.98,-13234115.7,-47.42,1085364.0,22.16,0.0,-1.1575,0.0,-0.0035,0.0,-30.5266,0.0,-0.0584,0.3095,0.3095,0.6753
100,Poleang Barat,Bombana,2025,25239.63,2768.94,1356.39,6641.73,19258.38,0.0,16.74,261.09,272.61,0.0,0.0,0.0,0.0,0.0,0.0,123088.86,104219.33,225811984.0,6.39,5.41,11725.39,225811984.0,11607705.0,214204279.0,19.4536,5539.26,28.12,0.0,0.0,-85.5,-0.44,0.0,0.0,0.0,0.0,0.0,0.0,0.0,0.0,0.0,0.0,0.0,0.0,-35530.95,-22.4,-30084.08,-22.4,-65183216.0,-22.4,-1.81,-22.07,-1.53,-22.05,-3317.88,-22.06,-65183216.0,-22.4,2547504.0,28.12,0.0,-0.8288,0.0,-0.0002,0.0,-25.6184,0.0,-0.0646,0.405,0.405,0.3978
101,Mata Oleo,Bombana,2025,10376.54,3017.7,3.42,6133.59,1546.11,28.35,34.29,156.24,74.79,220.56,140.61,501962.53,7.78,4.96,17705.91,9710.01,8221.47,17813450.0,6.28,5.32,11521.46,18315412.53,4772173.0,13543239.53,3.838,2133.53,25.88,-589.23,-95.41,536.67,53.17,-2446.86,-91.73,-1559.87,-91.73,-5568750.47,-91.73,3.46,80.09,2.21,80.36,7876.07,80.12,1432.6,17.31,1212.99,17.31,2628171.0,17.31,-1.92,-23.41,-1.62,-23.34,-3521.81,-23.41,-2940579.47,-13.83,981212.0,25.88,-0.3073,-0.2826,0.0016,0.0001,-28.8052,-27.4392,-0.1818,-0.1394,0.5338,0.5338,0.5819
102,Rarowatu Utara,Bombana,2025,26562.18,1783.62,323.1,10418.67,4524.3,1083.78,2070.99,307.62,1447.47,4306.02,2745.09,9799955.0,3.97,2.53,9042.38,26251.52,22227.16,48159584.0,5.8,4.91,10644.65,57959539.0,12215947.0,45743592.0,4.7446,4948.05,22.89,-1073.34,-49.76,903.06,24.94,-5010.9,-53.78,-3194.45,-53.78,-11404193.0,-53.78,-0.35,-8.1,-0.22,-8.0,-787.46,-8.01,-3442.65,-11.59,-2914.89,-11.59,-6315696.0,-11.59,-2.4,-29.27,-2.03,-29.25,-4398.62,-29.24,-17719889.0,-23.41,2275611.0,22.89,-1.4258,-1.7973,-0.0053,-0.01,-4.2444,-7.7366,0.0437,0.0509,0.3948,0.3948,0.5044
103,Poleang Utara,Bombana,2025,27745.91,3090.42,113.85,10367.91,7473.06,1358.46,0.09,305.19,0.0,10220.36,6515.48,23260254.0,7.52,4.8,17122.52,51472.41,43581.69,94428432.0,6.89,5.83,12635.85,117688686.0,12760347.0,104928339.0,9.223,5626.13,25.43,-525.96,-27.91,499.14,7.16,2081.27,25.57,1326.81,25.57,4736708.0,25.57,3.2,74.07,2.05,74.55,7292.68,74.19,-5713.73,-9.99,-4837.82,-9.99,-10482120.0,-9.99,-1.31,-15.98,-1.11,-15.99,-2407.42,-16.0,-5745412.0,-4.65,2587462.0,25.43,-0.9354,-0.9737,0.0006,-0.0003,-7.4695,-7.7407,-0.0499,-0.0324,0.4661,0.4661,0.7056
104,Poleang Selatan,Bombana,2025,15296.13,124.11,22.41,1260.72,4627.44,39.78,1306.53,227.34,544.05,307.96,196.33,700888.38,7.74,4.94,17619.11,29061.64,24606.5,53314892.0,6.28,5.32,11521.47,54015780.38,7034691.5,46981088.88,7.6785,3753.2,32.52,-384.3,-90.62,-29.16,-0.63,-1523.7,-83.19,-971.36,-83.19,-3467750.37,-83.19,3.42,79.17,2.19,79.64,7789.27,79.24,-9122.48,-23.89,-7723.99,-23.89,-16735588.0,-23.89,-1.92,-23.41,-1.62,-23.34,-3521.8,-23.41,-20203338.37,-27.22,1726098.0,32.52,-0.6246,-0.6971,0.0021,0.002,-20.2783,-17.115,-0.0218,-0.0867,0.5753,0.5753,0.7922
105,Poleang Tenggara,Bombana,2025,7243.82,6712.38,0.0,4531.32,997.74,16.56,0.0,96.21,247.59,107.36,68.44,244341.56,6.48,4.13,14754.93,6266.09,5305.5,11495428.0,6.28,5.32,11521.47,11739769.56,3331432.75,8408336.81,3.5239,1568.72,27.64,-381.96,-95.84,758.43,316.92,-1613.91,-93.76,-1028.87,-93.76,-3673046.44,-93.76,2.16,50.0,1.38,50.18,4925.09,50.1,4303.75,219.32,3643.99,219.32,7895423.25,219.32,-1.92,-23.41,-1.62,-23.34,-3521.8,-23.41,4222376.81,56.17,721452.5,27.64,-0.4474,-0.4415,0.0014,0.0018,-19.5207,-20.6342,-0.1536,-0.1348,0.3486,0.3486,0.6012
106,Kabaena Selatan,Bombana,2025,7563.54,6246.36,0.99,4655.25,95.85,0.0,822.6,167.4,3.15,0.0,0.0,0.0,0.0,0.0,0.0,594.4,503.28,1090453.5,6.2,5.25,11376.67,1090453.5,3478473.75,-2388020.25,0.3135,1572.65,26.25,0.0,0.0,84.24,725.58,0.0,0.0,0.0,0.0,0.0,0.0,0.0,0.0,0.0,0.0,0.0,0.0,499.2,524.37,422.67,524.34,915801.16,524.36,-2.0,-24.39,-1.69,-24.35,-3666.6,-24.37,915801.16,524.36,723262.0,26.25,0.0,-0.4852,0.0,0.0106,0.0,-47.6757,0.0,-0.292,0.3446,0.3446,0.5721
107,Kabaena Barat,Bombana,2025,4103.19,1313.28,0.54,2771.28,699.93,0.0,16.74,139.14,35.73,0.0,0.0,0.0,0.0,0.0,0.0,4387.85,3715.19,8049702.5,6.27,5.31,11500.73,8049702.5,1887059.0,6162643.5,4.2657,814.11,24.75,0.0,0.0,-187.47,-21.13,0.0,0.0,0.0,0.0,0.0,0.0,0.0,0.0,0.0,0.0,0.0,0.0,-2888.83,-39.7,-2445.97,-39.7,-5299693.5,-39.7,-1.93,-23.54,-1.63,-23.49,-3542.54,-23.55,-5299693.5,-39.7,374413.38,24.75,0.0,-0.4307,0.0,-0.0015,0.0,-44.2908,0.0,-0.1071,0.5248,0.5248,0.5377
108,Kabaena Utara,Bombana,2025,7788.13,2966.94,89.91,5661.18,3371.13,55.35,0.0,374.49,22.32,344.61,219.69,784283.25,6.23,3.97,14169.53,18090.22,15316.99,33187326.0,5.37,4.54,9844.57,33971609.25,3581760.75,30389848.5,9.4846,1371.02,21.37,-78.66,-58.7,454.77,15.59,-234.2,-40.46,-149.3,-40.46,-533013.63,-40.46,1.91,44.21,1.22,44.36,4339.69,44.15,-5823.93,-24.35,-4931.12,-24.35,-10684266.0,-24.35,-2.83,-34.51,-2.4,-34.58,-5198.7,-34.56,-11217279.63,-24.82,630533.75,21.37,-0.4923,-0.6864,-0.0009,-0.0029,-43.3874,-38.1523,-0.1435,-0.1454,0.5074,0.5074,0.5599
109,Kabaena Tengah,Bombana,2025,15603.66,17909.1,43.56,8508.51,1754.64,0.0,320.4,309.15,0.0,0.0,0.0,0.0,0.0,0.0,0.0,7827.94,6627.92,14360711.0,4.46,3.78,8184.42,14360711.0,7176122.0,7184589.0,2.0012,2066.92,15.27,0.0,0.0,240.12,15.85,0.0,0.0,0.0,0.0,0.0,0.0,0.0,0.0,0.0,0.0,0.0,0.0,-4591.12,-36.97,-3887.3,-36.97,-8422619.0,-36.97,-3.74,-45.61,-3.16,-45.53,-6858.85,-45.59,-8422619.0,-36.97,950574.0,15.27,0.0,-1.1322,0.0,-0.0044,0.0,-30.2729,0.0,-0.0427,0.3265,0.3265,0.7047
110,Kep. Masaloka Raya,Bombana,2025,165.01,76.32,0.0,56.52,110.43,0.0,0.0,37.08,0.0,0.0,0.0,0.0,0.0,0.0,0.0,693.53,587.21,1272315.38,6.28,5.32,11521.46,1272315.38,75887.92,1196427.45,16.7657,38.33,30.26,0.0,0.0,110.43,0.0,0.0,0.0,0.0,0.0,0.0,0.0,0.0,0.0,0.0,0.0,0.0,0.0,693.53,0.0,587.21,0.0,1272315.38,0.0,6.28,0.0,5.32,0.0,11521.46,0.0,1272315.38,0.0,17627.22,30.26,0.0,0.0,0.0,0.0,0.0,0.0,0.0,0.0,0.7187,0.7187,0.5155
111,Rumbia Tengah,Bombana,2025,5771.51,670.41,0.0,842.85,640.8,6.93,0.0,130.86,50.13,44.93,28.64,102251.62,6.48,4.13,14754.92,3864.4,3271.99,7089422.5,6.03,5.11,11063.39,7191674.12,2654318.0,4537356.12,2.7094,892.3,18.29,-110.61,-94.1,156.69,32.37,-462.74,-91.15,-295.0,-91.15,-1053147.76,-91.15,2.16,50.0,1.38,50.18,4925.08,50.1,-105.3,-2.65,-89.16,-2.65,-193174.5,-2.65,-2.17,-26.46,-1.83,-26.37,-3979.88,-26.46,-1246322.26,-14.77,410371.5,18.29,-0.5778,-0.5357,-0.0026,-0.0012,-19.4752,-21.8372,-0.1175,-0.1131,0.6153,0.6153,0.8037
112,Poleang Tengah,Bombana,2025,6404.5,16.65,77.31,52.92,2879.01,6.84,0.36,70.47,224.64,62.08,39.58,141293.16,9.08,5.79,20656.89,18269.66,15468.92,33516506.0,6.35,5.37,11641.68,33657799.16,2945431.0,30712368.16,11.4271,1454.36,29.38,-77.85,-91.92,2.61,0.09,-303.71,-83.03,-193.61,-83.03,-691195.96,-83.03,4.76,110.19,3.04,110.55,10827.05,110.14,-5316.82,-22.54,-4501.75,-22.54,-9753950.0,-22.54,-1.85,-22.56,-1.57,-22.62,-3401.59,-22.61,-10445145.96,-23.68,668861.5,29.38,-0.639,-0.6929,0.0005,0.0001,-20.7503,-19.8976,-0.0911,-0.0789,0.6297,0.6297,0.6177
113,Tontonunu,Bombana,2025,13018.72,6492.51,362.07,2241.45,7116.3,33.66,0.0,45.09,44.1,286.73,182.79,652551.31,8.52,5.43,19386.55,47809.96,40480.7,87709512.0,6.72,5.69,12325.16,88362063.31,5987310.0,82374753.31,14.7582,2789.26,27.27,-162.81,-82.87,813.42,12.91,-561.85,-66.21,-358.18,-66.21,-1278717.44,-66.21,4.2,97.22,2.68,97.45,9556.71,97.22,-3873.66,-7.49,-3279.82,-7.49,-7106416.0,-7.49,-1.48,-18.05,-1.25,-18.01,-2718.11,-18.07,-8385133.44,-8.67,1282781.5,27.27,-0.8605,-0.8213,-0.0001,-0.001,-8.0731,-11.1652,-0.0782,-0.065,0.406,0.406,0.5309
114,Lantari Jaya,Bombana,2025,28927.74,7991.37,428.13,20190.42,3093.84,4329.9,0.0,413.46,2414.7,26644.7,16985.99,60639988.0,6.15,3.92,14004.94,17161.07,14530.28,31482768.0,5.55,4.7,10175.95,92122756.0,13303864.0,78818892.0,6.9245,5299.65,22.43,-2049.12,-32.12,248.85,8.75,-907.23,-3.29,-578.36,-3.29,-2064752.0,-3.29,1.83,42.36,1.17,42.55,4175.1,42.47,-6167.85,-26.44,-5222.32,-26.44,-11315176.0,-26.44,-2.65,-32.32,-2.24,-32.28,-4867.32,-32.36,-13379928.0,-12.68,2437304.0,22.43,-1.5793,-1.9603,-0.0032,-0.0096,-0.2189,-4.5053,0.073,0.0696,0.3289,0.3289,0.3798
115,Mata Usu,Bombana,2025,9352.91,20554.56,18.0,9653.58,5345.64,0.0,0.0,0.0,0.0,0.0,0.0,0.0,0.0,0.0,0.0,41369.57,35027.61,75894320.0,7.74,6.55,14197.42,75894320.0,4301403.5,71592916.5,17.6441,1258.66,15.55,0.0,0.0,-670.95,-11.15,0.0,0.0,0.0,0.0,0.0,0.0,0.0,0.0,0.0,0.0,0.0,0.0,-7966.47,-16.15,-6745.22,-16.15,-14614872.0,-16.15,-0.46,-5.61,-0.39,-5.62,-845.85,-5.62,-14614872.0,-16.15,578859.75,15.55,0.0,-1.5462,0.0,-0.0015,0.0,-0.0644,0.0,0.0394,0.1935,0.1935,0.3269
116,Wangi-Wangi,Wakatobi,2025,15176.69,430.65,0.0,3269.25,2352.51,0.0,0.0,732.51,0.0,0.0,0.0,0.0,0.0,0.0,0.0,63908.6,54111.41,117243184.0,27.17,23.0,49837.49,117243184.0,6979761.0,110263423.0,16.7976,-2187.2,-12.6,0.0,0.0,-57.87,-2.4,0.0,0.0,0.0,0.0,0.0,0.0,0.0,0.0,0.0,0.0,0.0,0.0,14640.43,29.72,12396.05,29.72,26858528.0,29.72,6.73,32.93,5.69,32.87,12339.4,32.91,26858528.0,29.72,-1005892.0,-12.6,0.0,-0.2564,0.0,0.0003,0.0,-33.4473,0.0,-0.1813,0.6567,0.6567,0.4492
117,Kaledupa,Wakatobi,2025,6073.58,286.83,0.0,271.44,2672.91,0.0,0.0,213.66,2.88,0.0,0.0,0.0,0.0,0.0,0.0,72612.62,61481.11,133211128.0,27.17,23.0,49837.49,133211128.0,2793237.75,130417890.25,47.6906,175.95,2.98,0.0,0.0,111.96,4.37,0.0,0.0,0.0,0.0,0.0,0.0,0.0,0.0,0.0,0.0,0.0,0.0,20266.8,38.72,17159.91,38.72,37180384.0,38.72,6.73,32.93,5.69,32.87,12339.4,32.91,37180384.0,38.72,80916.25,2.98,0.0,0.2952,0.0,0.0001,0.0,-62.3275,0.0,-0.2699,0.5732,0.5732,0.2214
118,Tomia,Wakatobi,2025,5514.16,5.22,0.0,756.45,1944.27,0.0,0.0,265.05,0.0,0.0,0.0,0.0,0.0,0.0,0.0,52818.28,44721.25,96897528.0,27.17,23.0,49837.49,96897528.0,2535961.25,94361566.75,38.2094,234.96,4.45,0.0,0.0,134.37,7.42,0.0,0.0,0.0,0.0,0.0,0.0,0.0,0.0,0.0,0.0,0.0,0.0,15823.92,42.77,13398.13,42.77,29029728.0,42.77,6.73,32.93,5.69,32.87,12339.4,32.91,29029728.0,42.77,108057.75,4.45,0.0,0.5315,0.0,-0.0,0.0,-79.688,0.0,-0.3398,0.4812,0.4812,0.6351
119,Binongko,Wakatobi,2025,9000.65,281.7,0.0,4724.19,967.68,0.0,0.0,281.7,36.72,0.0,0.0,0.0,0.0,0.0,0.0,26288.13,22258.15,48226732.0,27.17,23.0,49837.48,48226732.0,4139401.5,44087330.5,11.6507,209.89,2.39,0.0,0.0,-406.44,-29.58,0.0,0.0,0.0,0.0,0.0,0.0,0.0,0.0,0.0,0.0,0.0,0.0,-1798.89,-6.4,-1523.11,-6.4,-3300152.0,-6.4,6.73,32.93,5.69,32.87,12339.38,32.91,-3300152.0,-6.4,96533.25,2.39,0.0,0.4136,0.0,0.0,0.0,-87.7141,0.0,-0.3084,0.4819,0.4819,0.3161
120,Wangi Wangi Selatan,Wakatobi,2025,21496.84,58.59,0.0,6145.47,5182.11,0.0,0.0,764.28,1.53,0.0,0.0,0.0,0.0,0.0,0.0,140777.88,119196.62,258263312.0,27.17,23.0,49837.48,258263312.0,9886398.0,248376914.0,26.1231,-1166.37,-5.15,0.0,0.0,-148.68,-2.79,0.0,0.0,0.0,0.0,0.0,0.0,0.0,0.0,0.0,0.0,0.0,0.0,31816.54,29.2,26939.04,29.2,58368816.0,29.2,6.73,32.93,5.69,32.87,12339.38,32.91,58368816.0,29.2,-536414.0,-5.15,0.0,-0.14,0.0,0.0004,0.0,-39.3996,0.0,-0.199,0.5064,0.5064,0.2976
121,Kaledupa Selatan,Wakatobi,2025,9009.72,1960.65,0.0,548.37,2757.24,0.0,0.0,199.26,1.08,0.0,0.0,0.0,0.0,0.0,0.0,74903.54,63420.83,137413904.0,27.17,23.0,49837.48,137413904.0,4143570.0,133270334.0,33.1632,454.42,5.31,0.0,0.0,439.29,18.95,0.0,0.0,0.0,0.0,0.0,0.0,0.0,0.0,0.0,0.0,0.0,0.0,27524.65,58.09,23305.12,58.09,50495184.0,58.09,6.73,32.93,5.69,32.87,12339.38,32.91,50495184.0,58.09,208987.25,5.31,0.0,0.3801,0.0,-0.0,0.0,-70.3808,0.0,-0.285,0.3894,0.3894,0.269
122,Tomia Timur,Wakatobi,2025,7299.28,713.52,0.0,1209.96,1934.82,0.0,0.0,237.24,0.0,0.0,0.0,0.0,0.0,0.0,0.0,52561.57,44503.88,96426568.0,27.17,23.0,49837.49,96426568.0,3356939.0,93069629.0,28.7246,90.85,1.26,0.0,0.0,53.64,2.85,0.0,0.0,0.0,0.0,0.0,0.0,0.0,0.0,0.0,0.0,0.0,0.0,14110.25,36.7,11947.15,36.7,25885920.0,36.7,6.73,32.93,5.69,32.87,12339.4,32.91,25885920.0,36.7,41781.25,1.26,0.0,0.4175,0.0,0.0,0.0,-82.7157,0.0,-0.3026,0.4955,0.4955,0.777
123,Togo Binongko,Wakatobi,2025,5053.14,0.0,0.0,3280.95,371.97,0.0,0.0,177.84,0.0,0.0,0.0,0.0,0.0,0.0,0.0,10104.99,8555.89,18538048.0,27.17,23.0,49837.48,18538048.0,2323937.0,16214111.0,7.977,76.63,1.54,0.0,0.0,-326.79,-46.77,0.0,0.0,0.0,0.0,0.0,0.0,0.0,0.0,0.0,0.0,0.0,0.0,-4177.66,-29.25,-3537.23,-29.25,-7664124.0,-29.25,6.73,32.93,5.69,32.87,12339.38,32.91,-7664124.0,-29.25,35242.5,1.54,0.0,0.4121,0.0,0.0,0.0,-89.0497,0.0,-0.3094,0.4624,0.4624,0.2589
124,Lasusua,Kolaka Utara,2025,27381.36,13057.02,55.8,3138.3,7998.75,0.0,1584.36,1013.58,100.98,0.0,0.0,0.0,0.0,0.0,0.0,48033.31,40669.81,88119224.0,6.01,5.08,11016.62,88119224.0,12592690.0,75526534.0,6.9976,5372.14,24.41,0.0,0.0,-101.7,-1.26,0.0,0.0,0.0,0.0,0.0,0.0,0.0,0.0,0.0,0.0,0.0,0.0,-25599.77,-34.77,-21675.32,-34.77,-46963992.0,-34.77,-3.08,-33.88,-2.62,-34.03,-5659.39,-33.94,-46963992.0,-34.77,2470648.0,24.41,0.0,0.1502,0.0,0.0005,0.0,84.8064,0.0,-0.2008,0.2626,0.2626,0.3663
125,Pakue,Kolaka Utara,2025,17193.64,7912.98,1071.27,210.06,4598.1,0.0,21.06,227.16,1032.48,0.0,0.0,0.0,0.0,0.0,0.0,27320.99,23132.68,50121580.0,5.94,5.03,10900.5,50121580.0,7907356.5,42214223.5,6.3386,3205.3,22.91,0.0,0.0,110.43,2.46,0.0,0.0,0.0,0.0,0.0,0.0,0.0,0.0,0.0,0.0,0.0,0.0,-13471.93,-33.03,-11406.69,-33.03,-24714868.0,-33.03,-3.15,-34.65,-2.67,-34.68,-5775.51,-34.63,-24714868.0,-33.03,1474119.0,22.91,0.0,0.3889,0.0,0.0014,0.0,-0.4524,0.0,-0.1664,0.2939,0.2939,0.1091
126,Batu Putih,Kolaka Utara,2025,25287.82,14415.75,34.92,1086.21,6207.21,61.56,1211.67,107.91,540.9,379.91,242.19,864634.19,6.17,3.93,14045.39,36208.86,30658.05,66426772.0,5.83,4.94,10701.55,67291406.19,11629869.0,55661537.19,5.7861,4230.85,20.09,-38.07,-38.21,506.79,8.89,-57.01,-13.05,-36.35,-13.05,-129737.56,-13.05,1.78,40.55,1.13,40.36,4064.74,40.73,-15607.96,-30.12,-13215.25,-30.12,-28633508.0,-30.12,-3.26,-35.86,-2.76,-35.84,-5974.46,-35.83,-28763245.56,-29.94,1945769.0,20.09,0.7232,0.7009,0.0014,0.0015,-14.5308,-9.7678,-0.1434,-0.1671,0.2642,0.2642,0.0703
127,Rante Angin,Kolaka Utara,2025,11949.48,4496.58,46.89,139.32,2964.33,109.35,44.19,204.3,333.27,613.75,391.26,1396813.88,5.61,3.58,12773.79,16774.72,14203.16,30773980.0,5.66,4.79,10381.43,32170793.88,5495568.5,26675225.38,5.854,1929.86,19.26,-96.21,-46.8,-79.2,-2.6,-287.71,-31.92,-183.42,-31.92,-654807.62,-31.92,1.22,27.79,0.78,27.86,2793.14,27.99,-10890.97,-39.37,-9221.38,-39.37,-19979972.0,-39.37,-3.43,-37.73,-2.91,-37.79,-6294.59,-37.75,-20634779.62,-39.08,887543.0,19.26,0.2045,0.1815,0.0003,0.0003,44.2971,54.0509,-0.2193,-0.2007,0.2823,0.2823,0.3864
128,Kodeoha,Kolaka Utara,2025,14260.01,5931.27,401.58,4694.31,1304.73,17.64,1220.49,137.88,22.05,108.86,69.4,247760.67,6.17,3.93,14045.39,7752.44,6564.0,14222206.0,5.94,5.03,10900.5,14469966.67,6558175.5,7911791.17,2.2064,2650.55,22.83,-42.57,-70.7,-3.33,-0.25,-155.19,-58.77,-98.93,-58.77,-353174.02,-58.77,1.78,40.55,1.13,40.36,4064.74,40.73,-4137.83,-34.8,-3503.49,-34.8,-7591020.0,-34.8,-3.15,-34.65,-2.67,-34.68,-5775.51,-34.63,-7944194.02,-35.44,1218987.0,22.83,0.1424,0.2002,0.0005,0.001,46.9758,70.9634,-0.179,-0.0994,0.2456,0.2456,0.194
129,Ngapa,Kolaka Utara,2025,23890.39,3039.93,2863.62,6512.04,9676.71,0.0,0.0,198.36,3.69,0.0,0.0,0.0,0.0,0.0,0.0,57497.07,48682.79,105480976.0,5.94,5.03,10900.5,105480976.0,10987187.0,94493789.0,9.6004,4355.33,22.29,0.0,0.0,519.3,5.67,0.0,0.0,0.0,0.0,0.0,0.0,0.0,0.0,0.0,0.0,0.0,0.0,-25743.79,-30.93,-21797.24,-30.93,-47228096.0,-30.93,-3.15,-34.65,-2.67,-34.68,-5775.51,-34.63,-47228096.0,-30.93,2003015.0,22.29,0.0,0.272,0.0,0.0015,0.0,57.1016,0.0,-0.0862,0.2412,0.2412,0.15
130,Wawo,Kolaka Utara,2025,16479.5,21521.34,18.9,1043.01,3633.84,22.86,0.27,237.24,47.88,128.25,81.76,291888.72,5.61,3.58,12768.54,20514.24,17369.4,37634284.0,5.65,4.78,10356.62,37926172.72,7578919.5,30347253.22,5.0042,3447.22,26.45,-52.11,-69.51,-566.73,-13.49,-200.52,-60.99,-127.83,-60.99,-456360.28,-60.99,1.22,27.79,0.78,27.86,2787.89,27.93,-17668.94,-46.27,-14960.3,-46.27,-32414460.0,-46.27,-3.44,-37.84,-2.92,-37.92,-6319.39,-37.9,-32870820.28,-46.43,1585372.0,26.45,0.1991,0.1259,0.0001,0.0004,24.0135,44.1815,-0.2395,-0.1391,0.2062,0.2062,0.2649
131,Lambai,Kolaka Utara,2025,9838.55,6668.28,13.77,247.59,2342.97,0.0,451.35,65.52,12.51,0.0,0.0,0.0,0.0,0.0,0.0,13353.88,11306.73,24498280.0,5.7,4.83,10456.08,24498280.0,4524748.5,19973531.5,5.4143,1800.11,22.39,0.0,0.0,-389.61,-14.26,0.0,0.0,0.0,0.0,0.0,0.0,0.0,0.0,0.0,0.0,0.0,0.0,-11485.27,-46.24,-9724.58,-46.24,-21070260.0,-46.24,-3.39,-37.29,-2.87,-37.27,-6219.93,-37.3,-21070260.0,-46.24,827869.5,22.39,0.0,0.1893,0.0,0.0003,0.0,64.1854,0.0,-0.2266,0.2184,0.2184,0.3303
132,Watunohu,Kolaka Utara,2025,9385.03,65.52,1677.6,118.17,27.54,0.0,0.0,137.34,1315.35,0.0,0.0,0.0,0.0,0.0,0.0,163.64,138.55,300199.75,5.94,5.03,10900.5,300199.75,4316177.0,-4015977.25,0.0696,1342.6,16.69,0.0,0.0,-16.38,-37.3,0.0,0.0,0.0,0.0,0.0,0.0,0.0,0.0,0.0,0.0,0.0,0.0,-235.59,-59.01,-199.48,-59.01,-432210.75,-59.01,-3.15,-34.65,-2.67,-34.68,-5775.51,-34.63,-432210.75,-59.01,617463.25,16.69,0.0,0.2399,0.0,0.001,0.0,31.1867,0.0,-0.0049,0.5456,0.5456,0.1223
133,Pakue Tengah,Kolaka Utara,2025,15624.72,11355.21,21.42,224.73,5182.2,4.14,0.0,167.04,500.4,25.55,16.29,58147.91,6.17,3.93,14045.39,30791.6,26071.25,56488560.0,5.94,5.03,10900.5,56546707.91,7185807.5,49360900.41,7.8692,3400.58,27.82,-140.49,-97.14,355.59,7.37,-608.71,-95.97,-388.05,-95.97,-1385352.97,-95.97,1.78,40.55,1.13,40.36,4064.74,40.73,-13082.28,-29.82,-11076.77,-29.82,-24000064.0,-29.82,-3.15,-34.65,-2.67,-34.68,-5775.52,-34.63,-25385416.97,-30.98,1563925.0,27.82,0.5439,0.5509,0.0012,0.0015,-10.6446,-3.3171,-0.1622,-0.1849,0.2499,0.2499,0.0895
134,Pakue Utara,Kolaka Utara,2025,15241.58,16580.07,91.08,24.21,5036.22,47.88,0.0,174.78,433.17,295.49,188.37,672493.25,6.17,3.93,14045.39,29924.21,25336.84,54897308.0,5.94,5.03,10900.5,55569801.25,7009602.5,48560198.75,7.9277,3362.06,28.3,-68.04,-58.7,73.08,1.47,-212.87,-41.87,-135.71,-41.88,-484463.13,-41.87,1.78,40.55,1.13,40.36,4064.74,40.73,-15190.73,-33.67,-12861.96,-33.67,-27868084.0,-33.67,-3.15,-34.65,-2.67,-34.68,-5775.51,-34.63,-28352547.13,-33.78,1546214.5,28.3,0.6407,0.6311,0.0012,0.0019,-14.3847,0.5133,-0.1569,-0.1977,0.1583,0.1583,0.085
135,Porehu,Kolaka Utara,2025,24449.83,39703.95,55.35,2767.95,14583.96,0.0,0.0,51.48,17.73,0.0,0.0,0.0,0.0,0.0,0.0,79089.72,66965.27,145093696.0,5.42,4.59,9948.85,145093696.0,11244481.0,133849215.0,12.9035,4201.55,20.75,0.0,0.0,1451.79,11.06,0.0,0.0,0.0,0.0,0.0,0.0,0.0,0.0,0.0,0.0,0.0,0.0,-40281.68,-33.74,-34106.5,-33.74,-73898544.0,-33.74,-3.67,-40.37,-3.11,-40.39,-6727.16,-40.34,-73898544.0,-33.74,1932297.0,20.75,0.0,0.607,0.0,0.0039,0.0,4.5872,0.0,-0.1288,0.1666,0.1666,0.0608
136,Katoi,Kolaka Utara,2025,11897.6,8713.71,0.09,2430.45,629.91,3.42,2528.55,150.48,0.0,21.11,13.46,48035.23,6.17,3.93,14045.39,3742.8,3169.03,6866333.0,5.94,5.03,10900.5,6914368.23,5471705.5,1442662.73,1.2637,2492.24,26.5,-16.56,-82.88,-342.09,-35.19,-66.51,-75.91,-42.4,-75.9,-151378.08,-75.91,1.78,40.55,1.13,40.36,4064.74,40.73,-5092.68,-57.64,-4311.97,-57.64,-9342751.0,-57.64,-3.15,-34.65,-2.67,-34.68,-5775.51,-34.63,-9494129.08,-57.86,1146181.0,26.5,0.1071,0.0915,0.0002,0.0002,58.6328,71.3627,-0.1881,-0.1892,0.2127,0.2127,0.2459
137,Tiwu,Kolaka Utara,2025,5998.25,37.8,783.54,1831.23,669.51,0.0,73.08,73.53,82.71,0.0,0.0,0.0,0.0,0.0,0.0,3978.09,3368.25,7297993.5,5.94,5.03,10900.5,7297993.5,2758594.75,4539398.75,2.6455,841.31,16.31,0.0,0.0,361.53,117.39,0.0,0.0,0.0,0.0,0.0,0.0,0.0,0.0,0.0,0.0,0.0,0.0,1178.55,42.1,997.88,42.1,2162115.0,42.1,-3.15,-34.65,-2.67,-34.68,-5775.51,-34.63,2162115.0,42.1,386916.75,16.31,0.0,0.014,0.0,0.0002,0.0,42.1304,0.0,-0.4492,0.4103,0.4103,0.1583
138,Tolala,Kolaka Utara,2025,20693.87,21472.65,57.87,1313.37,4975.65,0.0,375.93,219.15,173.79,0.0,0.0,0.0,0.0,0.0,0.0,26791.04,22683.98,49149388.0,5.38,4.56,9877.98,49149388.0,9517105.0,39632283.0,5.1643,3264.55,18.73,0.0,0.0,407.7,8.93,0.0,0.0,0.0,0.0,0.0,0.0,0.0,0.0,0.0,0.0,0.0,0.0,-14731.63,-35.48,-12473.25,-35.48,-27025804.0,-35.48,-3.71,-40.81,-3.14,-40.78,-6798.03,-40.77,-27025804.0,-35.48,1501363.0,18.73,0.0,0.4346,0.0,0.0008,0.0,-21.7639,0.0,-0.1253,0.3499,0.3499,0.0271
139,Asera,Konawe Utara,2025,14539.72,134253.36,1042.38,9212.67,4138.83,0.0,0.54,323.55,613.26,0.0,0.0,0.0,0.0,0.0,0.0,14016.95,11868.15,25714718.0,3.39,2.87,6213.04,25714718.0,6686818.0,19027900.0,3.8456,2180.8,17.65,0.0,0.0,-613.98,-12.92,0.0,0.0,0.0,0.0,0.0,0.0,0.0,0.0,0.0,0.0,0.0,0.0,-4614.07,-24.77,-3906.73,-24.77,-8464710.0,-24.77,-0.53,-13.52,-0.45,-13.55,-978.37,-13.6,-8464710.0,-24.77,1002959.0,17.65,0.0,-0.3245,0.0,-0.0046,0.0,-26.526,0.0,-0.0635,0.0676,0.0676,0.2336
140,Wiwirano,Konawe Utara,2025,6354.96,76850.91,10335.69,1768.41,1083.42,278.46,45.18,556.65,231.75,1526.56,973.18,3474254.5,5.48,3.49,12476.67,3777.89,3198.74,6930710.5,3.49,2.95,6397.07,10404965.0,2922646.75,7482318.25,3.5601,346.7,5.77,-479.79,-63.28,-553.95,-33.83,-1046.48,-40.67,-667.13,-40.67,-2381660.0,-40.67,2.09,61.65,1.33,61.57,4753.74,61.55,-2640.6,-41.14,-2235.8,-41.14,-4844300.5,-41.14,-0.43,-10.97,-0.37,-11.14,-794.35,-11.05,-7225960.5,-40.98,159450.0,5.77,0.0706,-0.1392,-0.0038,-0.0054,-24.0186,-12.595,-0.085,-0.0145,0.2423,0.2423,0.1449
141,Langgikima,Konawe Utara,2025,3287.81,3335.13,5214.96,1453.95,832.32,0.0,3194.91,36.09,4.41,0.0,0.0,0.0,0.0,0.0,0.0,2279.21,1929.81,4181320.75,2.74,2.32,5023.69,4181320.75,1512065.62,2669255.12,2.7653,253.26,8.35,0.0,0.0,-885.51,-51.55,0.0,0.0,0.0,0.0,0.0,0.0,0.0,0.0,0.0,0.0,0.0,0.0,-4454.68,-66.15,-3771.78,-66.15,-8172310.25,-66.15,-1.18,-30.1,-1.0,-30.12,-2167.73,-30.14,-8172310.25,-66.15,116477.37,8.35,0.0,0.5993,0.0,-0.0025,0.0,-27.0011,0.0,-0.1894,0.5956,0.5956,0.2108
142,Molawe,Konawe Utara,2025,3852.78,10500.21,138.6,1790.19,2018.16,0.0,1234.8,270.36,548.37,0.0,0.0,0.0,0.0,0.0,0.0,4850.9,4107.26,8899193.0,2.4,2.04,4409.56,8899193.0,1771891.38,7127301.62,5.0224,362.93,10.4,0.0,0.0,-401.94,-16.61,0.0,0.0,0.0,0.0,0.0,0.0,0.0,0.0,0.0,0.0,0.0,0.0,-4635.89,-48.87,-3925.21,-48.87,-8504755.0,-48.87,-1.52,-38.78,-1.28,-38.55,-2781.86,-38.68,-8504755.0,-48.87,166908.26,10.4,0.0,-0.3818,0.0,-0.0044,0.0,-30.207,0.0,-0.1016,0.351,0.351,0.4085
143,Lasolo,Konawe Utara,2025,4944.91,15344.82,31.95,960.21,2349.9,0.0,507.6,237.24,46.62,0.0,0.0,0.0,0.0,0.0,0.0,7396.48,6262.6,13569169.0,3.15,2.67,5774.36,13569169.0,2274162.0,11295007.0,5.9667,596.87,13.73,0.0,0.0,368.55,18.6,0.0,0.0,0.0,0.0,0.0,0.0,0.0,0.0,0.0,0.0,0.0,0.0,-370.41,-4.77,-313.63,-4.77,-679543.0,-4.77,-0.77,-19.64,-0.65,-19.58,-1417.06,-19.7,-679543.0,-4.77,274496.38,13.73,0.0,-1.0539,0.0,-0.0078,0.0,-28.277,0.0,-0.0224,0.3348,0.3348,0.466
144,Lembo,Konawe Utara,2025,2323.37,5265.54,27.45,426.24,4009.77,0.0,0.0,139.68,107.28,0.0,0.0,0.0,0.0,0.0,0.0,12510.36,10592.52,22950818.0,3.12,2.64,5723.72,22950818.0,1068516.88,21882301.12,21.4791,265.1,12.88,0.0,0.0,-36.36,-0.9,0.0,0.0,0.0,0.0,0.0,0.0,0.0,0.0,0.0,0.0,0.0,0.0,-3350.47,-21.12,-2836.85,-21.12,-6146588.0,-21.12,-0.8,-20.41,-0.68,-20.48,-1467.7,-20.41,-6146588.0,-21.12,121917.44,12.88,0.0,-0.9783,0.0,-0.0073,0.0,-27.6081,0.0,-0.0282,0.3433,0.3433,0.4797
145,Sawa,Konawe Utara,2025,1115.8,198.72,84.42,641.88,2599.2,19.26,0.0,250.29,0.36,82.16,52.38,186995.0,4.27,2.72,9708.98,6855.41,5804.48,12576559.0,2.64,2.23,4838.63,12763554.0,513155.09,12250398.91,24.8727,154.76,16.1,-28.17,-59.39,106.83,4.29,-78.79,-48.95,-50.22,-48.95,-179303.75,-48.95,0.88,25.96,0.56,25.93,1986.05,25.72,-2914.68,-29.83,-2467.86,-29.83,-5347109.0,-29.83,-1.28,-32.65,-1.09,-32.83,-2352.79,-32.72,-5526412.75,-30.22,71173.47,16.1,-0.7731,-0.6879,-0.0043,-0.0019,-25.6637,-25.4654,-0.0632,-0.0768,0.5433,0.5433,0.6289
146,Oheo,Konawe Utara,2025,6054.63,31819.59,2155.68,3289.41,2081.61,1578.69,12.96,221.04,293.49,8821.58,5623.76,20076800.0,5.59,3.56,12717.38,7466.26,6321.68,13697180.0,3.59,3.04,6580.09,33773980.0,2784526.25,30989453.75,12.1292,829.0,15.86,-865.17,-35.4,-263.34,-11.23,528.61,6.37,336.99,6.37,1203032.0,6.37,2.2,64.9,1.4,64.81,4994.45,64.67,-1725.95,-18.78,-1461.36,-18.78,-3166332.0,-18.78,-0.33,-8.42,-0.28,-8.43,-611.33,-8.5,-1963300.0,-5.49,381257.75,15.86,-0.2529,-0.1402,-0.0047,-0.0049,-30.2648,-29.2343,-0.0667,-0.1351,0.2631,0.2631,0.2609
147,Andowia,Konawe Utara,2025,4660.92,9421.56,4249.44,1819.35,1005.03,0.0,107.1,375.39,121.14,0.0,0.0,0.0,0.0,0.0,0.0,2456.19,2079.66,4505991.0,2.44,2.07,4483.44,4505991.0,2143558.25,2362432.75,2.1021,546.68,13.29,0.0,0.0,-472.05,-31.96,0.0,0.0,0.0,0.0,0.0,0.0,0.0,0.0,0.0,0.0,0.0,0.0,-3333.96,-57.58,-2822.86,-57.58,-6116306.0,-57.58,-1.48,-37.76,-1.25,-37.65,-2707.98,-37.66,-6116306.0,-57.58,251420.0,13.29,0.0,-0.3585,0.0,-0.0119,0.0,-35.4213,0.0,-0.0801,0.3873,0.3873,0.4697
148,Motui,Konawe Utara,2025,2429.67,2208.6,202.5,1782.9,1574.28,11.07,321.48,143.37,2077.56,66.93,42.67,152329.47,6.05,3.85,13760.57,5263.48,4456.59,9656086.0,3.34,2.83,6133.65,9808415.47,1117405.88,8691009.59,8.7778,313.91,14.84,-64.62,-85.37,508.05,47.65,-189.92,-73.94,-121.07,-73.94,-432219.41,-73.94,2.66,78.47,1.69,78.24,6037.64,78.18,1083.86,25.93,917.7,25.93,1988382.5,25.93,-0.58,-14.8,-0.49,-14.76,-1057.77,-14.71,1556163.09,18.86,144369.13,14.84,-1.4154,-1.1531,-0.0049,-0.006,-26.0087,-26.6704,0.0209,-0.022,0.5695,0.5695,0.6146
149,Wawolesea,Konawe Utara,2025,1285.09,2743.47,5.49,296.37,1728.54,0.0,6.03,44.91,0.0,0.0,0.0,0.0,0.0,0.0,0.0,5441.51,4607.32,9982689.0,3.15,2.67,5775.21,9982689.0,591014.38,9391674.62,16.8908,128.91,11.15,0.0,0.0,15.39,0.9,0.0,0.0,0.0,0.0,0.0,0.0,0.0,0.0,0.0,0.0,0.0,0.0,-1274.04,-18.97,-1078.74,-18.97,-2337285.0,-18.97,-0.77,-19.64,-0.65,-19.58,-1416.21,-19.69,-2337285.0,-18.97,59285.5,11.15,0.0,-0.9415,0.0,-0.0074,0.0,-28.5849,0.0,-0.0369,0.4882,0.4882,0.4267
150,Lasolo Kepulauan,Konawe Utara,2025,2333.63,19164.24,1954.17,1914.03,414.27,0.0,2406.15,41.22,543.69,0.0,0.0,0.0,0.0,0.0,0.0,751.62,636.39,1378873.62,1.81,1.54,3328.44,1378873.62,1073236.75,305636.88,1.2848,278.28,13.54,0.0,0.0,224.82,118.67,0.0,0.0,0.0,0.0,0.0,0.0,0.0,0.0,0.0,0.0,0.0,0.0,8.98,1.21,7.59,1.21,16459.62,1.21,-2.11,-53.83,-1.78,-53.61,-3862.98,-53.72,16459.62,1.21,127981.56,13.54,0.0,0.8459,0.0,0.0026,0.0,-29.4773,0.0,-0.2294,0.2793,0.2793,0.3007
151,Landawe,Konawe Utara,2025,2905.19,7811.37,4924.62,2363.49,584.46,1268.1,1589.85,7.38,211.41,6923.72,4413.87,15757528.0,5.46,3.48,12426.09,1902.76,1611.07,3490695.5,3.26,2.76,5972.51,19248223.5,1336095.62,17912127.88,14.4063,280.27,10.68,-721.62,-36.27,-665.91,-53.26,171.82,2.54,109.54,2.54,391052.0,2.54,2.07,61.06,1.32,61.11,4703.16,60.9,-2998.69,-61.18,-2538.99,-61.18,-5501235.5,-61.18,-0.66,-16.84,-0.56,-16.87,-1218.91,-16.95,-5110183.5,-20.98,128894.24,10.68,0.0999,0.3318,-0.0036,-0.0047,-25.2362,-26.4704,-0.1324,-0.1647,0.3986,0.3986,0.1937
152,Kulisusu,Buton Utara,2025,14465.27,5385.33,36.99,2374.2,7071.84,0.0,0.0,773.91,50.4,0.0,0.0,0.0,0.0,0.0,0.0,63438.15,53713.1,116380160.0,8.97,7.6,16456.84,116380160.0,6652577.0,109727583.0,17.494,1330.32,10.13,0.0,0.0,405.18,6.08,0.0,0.0,0.0,0.0,0.0,0.0,0.0,0.0,0.0,0.0,0.0,0.0,-56961.69,-47.31,-48229.47,-47.31,-104498864.0,-47.31,-9.09,-50.33,-7.69,-50.29,-16675.05,-50.33,-104498864.0,-47.31,611813.0,10.13,0.0,-0.5667,0.0,-0.0009,0.0,-23.3471,0.0,-0.1238,0.6028,0.6028,0.8454
153,Kambowa,Buton Utara,2025,13239.56,18115.92,11.07,944.01,6718.14,0.0,0.0,228.6,0.18,0.0,0.0,0.0,0.0,0.0,0.0,82034.82,69458.88,150496528.0,12.21,10.34,22401.52,150496528.0,6088873.0,144407655.0,24.7166,1785.88,15.59,0.0,0.0,386.46,6.1,0.0,0.0,0.0,0.0,0.0,0.0,0.0,0.0,0.0,0.0,0.0,0.0,-32315.3,-28.26,-27361.37,-28.26,-59283920.0,-28.26,-5.85,-32.39,-4.95,-32.37,-10730.36,-32.39,-59283920.0,-28.26,821327.0,15.59,0.0,-1.2333,0.0,-0.0016,0.0,-16.1757,0.0,-0.04,0.3585,0.3585,0.4241
154,Bonegunu,Buton Utara,2025,15724.45,27543.24,36.63,4890.96,5526.81,0.0,0.0,322.02,164.16,0.0,0.0,0.0,0.0,0.0,0.0,58760.37,49752.41,107798552.0,10.63,9.0,19504.66,107798552.0,7231673.5,100566878.5,14.9064,2151.19,15.85,0.0,0.0,419.22,8.21,0.0,0.0,0.0,0.0,0.0,0.0,0.0,0.0,0.0,0.0,0.0,0.0,-33482.7,-36.3,-28349.79,-36.3,-61425512.0,-36.3,-7.43,-41.14,-6.29,-41.14,-13627.22,-41.13,-61425512.0,-36.3,989332.0,15.85,0.0,-1.2381,0.0,0.0005,0.0,-16.2818,0.0,-0.0514,0.3861,0.3861,0.6455
155,Kulisusu Barat,Buton Utara,2025,10454.43,20068.56,0.0,439.29,9103.59,55.35,0.0,232.02,22.5,1.1,0.7,2495.14,0.02,0.01,45.08,104531.41,88506.73,191767552.0,11.48,9.72,21065.05,191770047.14,4807993.5,186962053.64,39.8857,1348.08,14.8,-170.46,-75.49,1127.88,14.14,1.1,0.0,0.7,0.0,2495.14,0.0,0.02,0.0,0.01,0.0,45.08,0.0,-39509.92,-27.43,-33453.07,-27.43,-72482768.0,-27.43,-6.58,-36.43,-5.57,-36.43,-12066.84,-36.42,-72480272.86,-27.43,619984.0,14.8,-1.263,-1.1328,0.0001,-0.0042,-15.3391,-15.9103,-0.0437,-0.0435,0.3083,0.3083,0.6126
156,Kulisusu Utara,Buton Utara,2025,11313.85,35108.46,32.76,2746.98,5591.16,0.0,0.0,377.82,2.61,0.0,0.0,0.0,0.0,0.0,0.0,57493.59,48679.84,105474608.0,10.28,8.71,18864.53,105474608.0,5203239.0,100271369.0,20.271,1376.04,13.85,0.0,0.0,-717.57,-11.37,0.0,0.0,0.0,0.0,0.0,0.0,0.0,0.0,0.0,0.0,0.0,0.0,-56442.08,-49.54,-47789.5,-49.54,-103545488.0,-49.54,-7.78,-43.08,-6.58,-43.03,-14267.35,-43.06,-103545488.0,-49.54,632840.0,13.85,0.0,-0.3676,0.0,-0.003,0.0,-21.908,0.0,-0.1286,0.4205,0.4205,0.4888
157,Wakorumba Utara,Buton Utara,2025,6332.41,15374.79,0.0,1651.86,4168.62,0.0,0.0,270.54,5.31,0.0,0.0,0.0,0.0,0.0,0.0,59132.03,50067.09,108480360.0,14.19,12.01,26023.09,108480360.0,2912275.75,105568084.25,37.2493,662.83,11.69,0.0,0.0,101.25,2.49,0.0,0.0,0.0,0.0,0.0,0.0,0.0,0.0,0.0,0.0,0.0,0.0,-14324.67,-19.5,-12128.7,-19.5,-26279272.0,-19.5,-3.87,-21.43,-3.28,-21.45,-7108.79,-21.46,-26279272.0,-19.5,304836.5,11.69,0.0,-1.0919,0.0,-0.0012,0.0,-18.6206,0.0,-0.0116,0.3607,0.3607,0.5085
158,Tirawuta,Kolaka Timur,2025,21331.05,13904.73,44.55,1768.86,6693.66,368.73,0.0,587.52,0.0,2477.62,1579.48,5638747.5,6.72,4.28,15292.35,57335.28,48545.79,105184160.0,8.57,7.25,15714.0,110822907.5,9810153.0,101012754.5,11.2968,2574.14,13.72,-109.71,-22.93,-57.87,-0.86,319.52,14.81,203.69,14.81,727172.5,14.81,2.21,49.0,1.4,48.61,5026.54,48.96,-41439.61,-41.95,-35086.92,-41.95,-76022800.0,-41.95,-6.06,-41.42,-5.14,-41.49,-11125.39,-41.45,-75295627.5,-40.46,1183852.0,13.72,-1.3228,-1.0092,-0.0026,-0.0018,-8.6895,-6.8529,0.04,0.0018,0.3488,0.3488,0.5042
159,Loea,Kolaka Timur,2025,9411.32,4577.13,21.96,529.74,3315.87,634.5,11.61,329.13,11.52,4275.83,2725.84,9731265.0,6.74,4.3,15336.9,28405.09,24050.59,52110420.0,8.57,7.25,15715.46,61841685.0,4328265.0,57513420.0,14.2879,1292.06,15.91,-460.89,-42.08,189.54,6.06,-665.16,-13.46,-424.04,-13.46,-1513802.0,-13.46,2.23,49.45,1.42,49.31,5071.09,49.4,-17333.12,-37.9,-14675.95,-37.9,-31798372.0,-37.9,-6.06,-41.42,-5.14,-41.49,-11123.93,-41.45,-33312174.0,-35.01,594218.5,15.91,-1.3915,-1.0204,-0.0021,-0.0008,-6.6811,-4.4459,0.1326,0.006,0.2974,0.2974,0.4468
160,Ladongi,Kolaka Timur,2025,22386.11,4030.11,105.75,2054.88,5961.24,3217.32,4.23,1001.88,0.0,21768.59,13877.48,49542604.0,6.77,4.31,15398.72,53725.25,45489.17,98561352.0,9.01,7.63,16533.7,148103956.0,10295371.0,137808585.0,14.3855,2809.04,14.35,-702.63,-17.92,238.68,4.17,4086.84,23.11,2605.36,23.11,9301148.0,23.11,2.26,50.11,1.43,49.65,5132.91,50.0,-29995.8,-35.83,-25397.45,-35.83,-55028680.0,-35.83,-5.62,-38.41,-4.76,-38.42,-10305.69,-38.4,-45727532.0,-23.59,1291876.0,14.35,-1.6321,-1.1913,-0.0021,-0.0005,-7.4327,-4.2887,0.0677,0.0236,0.3687,0.3687,0.416
161,Poli Polia,Kolaka Timur,2025,17187.61,255.06,60.3,770.04,10188.45,290.97,0.0,562.59,0.0,2082.47,1327.58,4739447.5,7.16,4.56,16288.44,93503.88,79169.73,171537040.0,9.18,7.77,16836.42,176276487.5,7904583.0,168371904.5,22.3005,2847.31,19.86,-385.92,-57.01,601.83,6.28,-970.78,-31.79,-618.87,-31.79,-2209376.5,-31.79,2.65,58.76,1.68,58.33,6022.63,58.67,-46748.37,-33.33,-39581.86,-33.33,-85762000.0,-33.33,-5.45,-37.25,-4.62,-37.29,-10002.97,-37.27,-87971376.5,-33.29,1309480.5,19.86,-1.6949,-1.4377,-0.0014,-0.0007,-4.3671,-4.1364,0.071,0.0463,0.4821,0.4821,0.386
162,Lambandia,Kolaka Timur,2025,29476.52,1750.41,111.24,745.2,14938.47,2593.98,0.0,977.94,0.0,16702.22,10647.67,38012172.0,6.44,4.1,14654.0,130676.02,110643.36,239731008.0,8.75,7.41,16047.9,277743180.0,13556248.0,264186932.0,20.4882,5489.14,22.88,-1548.0,-37.37,1562.31,11.68,-1981.05,-10.6,-1262.91,-10.6,-4508616.0,-10.6,1.93,42.79,1.22,42.36,4388.19,42.75,-65017.23,-33.22,-55050.08,-33.22,-119276960.0,-33.22,-5.88,-40.19,-4.98,-40.19,-10791.49,-40.21,-123785576.0,-30.83,2524452.0,22.88,-2.1204,-1.99,-0.0024,-0.0028,1.1038,-1.0739,0.1023,0.1056,0.4609,0.4609,0.293
163,Lalolae,Kolaka Timur,2025,6574.82,1704.87,1437.57,521.46,925.92,257.49,0.0,159.39,0.0,1566.76,998.81,3565741.25,6.08,3.88,13848.08,7931.07,6715.24,14549903.0,8.57,7.25,15714.0,18115644.25,3023759.5,15091884.75,5.9911,868.76,15.23,-465.12,-64.37,199.98,27.55,-1692.72,-51.93,-1079.11,-51.93,-3852435.75,-51.93,1.57,34.81,1.0,34.72,3582.27,34.9,-2689.43,-25.32,-2277.14,-25.32,-4933885.0,-25.32,-6.06,-41.42,-5.14,-41.49,-11125.39,-41.45,-8786320.75,-32.66,399543.75,15.23,-0.0965,-0.0581,0.0011,0.0011,3.8832,4.435,-0.0989,-0.0822,0.591,0.591,0.5037
164,Mowewe,Kolaka Timur,2025,15773.1,13563.18,22.77,302.76,2346.39,1137.51,0.0,340.38,0.0,5819.51,3709.94,13244481.0,5.12,3.26,11643.4,20141.82,17054.08,36951064.0,8.58,7.27,15748.05,50195545.0,7254047.0,42941498.0,6.9197,2385.27,17.82,-620.19,-35.28,557.55,31.17,-2108.96,-26.6,-1344.46,-26.6,-4799733.0,-26.6,0.61,13.53,0.38,13.19,1377.59,13.42,-6028.91,-23.04,-5104.68,-23.04,-11060308.0,-23.04,-6.05,-41.35,-5.12,-41.32,-11091.34,-41.32,-15860041.0,-24.01,1096985.0,17.82,0.4728,0.4969,0.0016,0.0018,8.6654,8.1259,-0.1281,-0.1731,0.3471,0.3471,0.5348
165,Uluiwoi,Kolaka Timur,2025,11456.11,19537.2,0.0,1141.56,2698.47,0.0,0.0,142.38,89.1,0.0,0.0,0.0,0.0,0.0,0.0,24765.04,20968.56,45432584.0,9.18,7.77,16836.42,45432584.0,5268664.0,40163920.0,8.6232,1822.11,18.91,0.0,0.0,-146.07,-5.14,0.0,0.0,0.0,0.0,0.0,0.0,0.0,0.0,0.0,0.0,0.0,0.0,-16850.58,-40.49,-14267.39,-40.49,-30913136.0,-40.49,-5.45,-37.25,-4.62,-37.29,-10002.97,-37.27,-30913136.0,-40.49,837986.5,18.91,0.0,0.5724,0.0,-0.0013,0.0,-6.7886,0.0,-0.1684,0.252,0.252,0.4005
166,Tinondo,Kolaka Timur,2025,22103.36,29039.76,2273.22,259.56,8095.05,44.73,0.0,277.92,1.71,241.81,154.16,550334.62,5.41,3.45,12303.48,69372.15,58737.39,127266288.0,8.57,7.26,15721.49,127816622.62,10165336.0,117651286.62,12.5738,3319.8,17.67,-524.25,-92.14,81.99,1.02,-2324.69,-90.58,-1481.99,-90.58,-5290706.38,-90.58,0.9,19.96,0.57,19.79,2037.67,19.85,-47858.92,-40.82,-40522.13,-40.82,-87799408.0,-40.82,-6.06,-41.42,-5.13,-41.4,-11117.91,-41.42,-93090114.38,-42.14,1526778.0,17.67,-0.0757,0.268,-0.0003,0.0002,-1.8441,-0.3396,0.1144,-0.1242,0.266,0.266,0.485
167,Aere,Kolaka Timur,2025,19525.3,11722.32,11.88,2028.33,16844.94,21.33,0.0,72.09,0.0,158.75,101.2,361300.06,7.44,4.74,16938.59,162993.23,138006.34,299018304.0,9.68,8.19,17751.22,299379604.06,8979681.0,290399923.06,33.3397,3465.14,21.58,-325.08,-93.84,1073.97,6.81,-1403.8,-89.84,-894.93,-89.84,-3194878.94,-89.84,2.93,64.97,1.86,64.58,6672.78,65.0,-67736.02,-29.36,-57352.11,-29.36,-124264960.0,-29.36,-4.95,-33.83,-4.2,-33.9,-9088.17,-33.86,-127459838.94,-29.86,1593615.0,21.58,-1.7429,-1.4999,-0.0033,-0.0006,-4.2462,-2.7605,0.215,0.0694,0.3769,0.3769,0.3791
168,Ueesi,Kolaka Timur,2025,24676.66,182268.9,0.0,1713.15,2801.7,0.0,0.0,61.38,316.71,0.0,0.0,0.0,0.0,0.0,0.0,27217.24,23044.84,49931252.0,9.71,8.23,17821.77,49931252.0,11348803.0,38582449.0,4.3997,4754.02,23.86,0.0,0.0,-719.55,-20.43,0.0,0.0,0.0,0.0,0.0,0.0,0.0,0.0,0.0,0.0,0.0,0.0,-24298.66,-47.17,-20573.65,-47.17,-44576956.0,-47.17,-4.92,-33.63,-4.16,-33.58,-9017.62,-33.6,-44576956.0,-47.17,2186381.0,23.86,0.0,0.7784,0.0,0.0004,0.0,21.8043,0.0,-0.2434,0.0699,0.0699,0.1765
169,Dangia,Kolaka Timur,2025,12318.05,1970.82,87.93,2351.79,7391.07,220.95,0.0,558.18,0.0,1496.67,954.13,3406226.5,6.77,4.32,15416.28,65459.57,55424.63,120088528.0,8.86,7.5,16247.79,123494754.5,5665071.0,117829683.5,21.7993,1389.2,12.71,-340.83,-60.67,453.33,6.53,-1037.36,-40.94,-661.31,-40.94,-2360901.0,-40.94,2.26,50.11,1.44,50.0,5150.47,50.17,-36039.57,-35.51,-30514.69,-35.51,-66116176.0,-35.51,-5.77,-39.44,-4.89,-39.47,-10591.6,-39.46,-68477077.0,-35.67,638894.0,12.71,-1.8572,-2.1011,-0.0005,-0.0028,-7.4582,-4.7885,0.1013,0.1096,0.4599,0.4599,0.3218
170,Wawonii Barat,Konawe Kepulauan,2025,10329.67,3677.49,118.26,3715.65,2495.61,0.0,0.0,230.94,0.81,0.0,0.0,0.0,0.0,0.0,0.0,58181.55,49262.33,106736672.0,23.31,19.74,42769.77,106736672.0,4750615.5,101986056.5,22.468,1022.14,10.98,0.0,0.0,-548.01,-18.01,0.0,0.0,0.0,0.0,0.0,0.0,0.0,0.0,0.0,0.0,0.0,0.0,-286.39,-0.49,-242.48,-0.49,-525392.0,-0.49,4.1,21.34,3.47,21.33,7528.16,21.36,-525392.0,-0.49,470085.5,10.98,0.0,0.5662,0.0,-0.0004,0.0,-34.4362,0.0,-0.2569,0.4316,0.4316,0.2541
171,Wawonii Utara,Konawe Kepulauan,2025,6400.34,6538.23,0.0,1976.94,2823.66,0.09,0.0,151.83,0.0,0.0,0.0,0.0,0.0,0.0,0.0,56217.35,47599.24,103133272.0,19.91,16.86,36524.68,103133272.0,2943514.75,100189757.25,35.0375,679.96,11.89,-114.39,-99.92,-236.07,-7.72,0.0,0.0,0.0,0.0,0.0,0.0,0.0,0.0,0.0,0.0,0.0,0.0,-2560.06,-4.36,-2167.6,-4.36,-4696536.0,-4.36,0.7,3.64,0.59,3.63,1283.07,3.64,-4696536.0,-4.36,312713.25,11.89,0.496,0.5525,0.0028,0.0014,-39.7544,-38.4715,-0.2521,-0.2466,0.3124,0.3124,0.2075
172,Wawonii Timur Laut,Konawe Kepulauan,2025,2890.22,900.09,0.0,739.62,1676.88,0.0,0.0,123.66,138.15,0.0,0.0,0.0,0.0,0.0,0.0,33712.4,28544.29,61846912.0,20.1,17.02,36882.13,61846912.0,1329211.62,60517700.38,46.529,242.19,9.15,0.0,0.0,34.11,2.08,0.0,0.0,0.0,0.0,0.0,0.0,0.0,0.0,0.0,0.0,0.0,0.0,2154.79,6.83,1824.46,6.83,3953060.0,6.83,0.89,4.63,0.75,4.61,1640.52,4.66,3953060.0,6.83,111382.87,9.15,0.0,0.5225,0.0,0.0002,0.0,-38.4142,0.0,-0.2365,0.4394,0.4394,0.1698
173,Wawonii Timur,Konawe Kepulauan,2025,5237.66,3729.33,0.0,2103.48,3119.31,0.0,0.0,140.85,0.27,0.0,0.0,0.0,0.0,0.0,0.0,64450.98,54570.66,118238240.0,20.66,17.49,37905.25,118238240.0,2408801.25,115829438.75,49.0859,197.79,3.92,0.0,0.0,-603.81,-16.22,0.0,0.0,0.0,0.0,0.0,0.0,0.0,0.0,0.0,0.0,0.0,0.0,-7070.16,-9.89,-5986.29,-9.89,-12970504.0,-9.89,1.45,7.55,1.22,7.5,2663.64,7.56,-12970504.0,-9.89,90965.0,3.92,0.0,0.5202,0.0,0.0007,0.0,-36.4989,0.0,-0.239,0.2462,0.2462,0.1779
174,Wawonii Tenggara,Konawe Kepulauan,2025,8107.49,9025.74,0.0,5693.49,697.41,0.0,146.07,130.59,0.0,0.0,0.0,0.0,0.0,0.0,0.0,14795.61,12527.44,27143208.0,21.22,17.96,38920.02,27143208.0,3728634.75,23414573.25,7.2797,568.96,7.55,0.0,0.0,-176.04,-20.15,0.0,0.0,0.0,0.0,0.0,0.0,0.0,0.0,0.0,0.0,0.0,0.0,-1983.36,-11.82,-1679.32,-11.82,-3638568.0,-11.82,2.01,10.46,1.69,10.39,3678.42,10.44,-3638568.0,-11.82,261663.5,7.55,0.0,0.5926,0.0,-0.0048,0.0,-31.746,0.0,-0.2507,0.316,0.316,0.2158
175,Wawonii Selatan,Konawe Kepulauan,2025,7153.66,6913.17,0.0,3404.52,3424.14,0.0,0.0,99.18,52.65,0.0,0.0,0.0,0.0,0.0,0.0,71155.25,60247.16,130537536.0,20.78,17.59,38122.72,130537536.0,3289969.75,127247566.25,39.6774,1044.95,17.11,-91.44,-100.0,55.08,1.63,0.0,0.0,0.0,0.0,0.0,0.0,0.0,0.0,0.0,0.0,0.0,0.0,6435.62,9.94,5449.04,9.94,11806440.0,9.94,1.57,8.17,1.32,8.11,2881.11,8.18,11806440.0,9.94,480573.25,17.11,0.0,0.398,0.0,-0.0007,0.0,-31.1635,0.0,-0.2223,0.3964,0.3964,0.2538
176,Wawonii Tengah,Konawe Kepulauan,2025,6458.77,1723.23,0.0,2911.41,1463.31,0.0,0.0,213.21,216.18,0.0,0.0,0.0,0.0,0.0,0.0,30731.74,26020.56,56378756.0,21.0,17.78,38528.24,56378756.0,2970389.0,53408367.0,18.9803,787.35,13.88,0.0,0.0,-458.37,-23.85,0.0,0.0,0.0,0.0,0.0,0.0,0.0,0.0,0.0,0.0,0.0,0.0,-6183.73,-16.75,-5235.77,-16.75,-11344324.0,-16.75,1.79,9.32,1.51,9.28,3286.64,9.33,-11344324.0,-16.75,362101.75,13.88,0.0,0.4497,0.0,-0.0031,0.0,-30.1779,0.0,-0.243,0.4485,0.4485,0.2817
177,Sawerigadi,Muna Barat,2025,14613.27,595.44,136.08,782.28,8421.66,59.04,0.0,145.26,29.97,281.17,179.25,639914.25,4.76,3.04,10838.66,46875.1,39689.14,85994464.0,5.57,4.71,10211.11,86634378.25,6720644.5,79913733.75,12.8908,1510.34,11.53,-187.29,-76.03,878.31,11.64,-490.21,-63.55,-312.5,-63.55,-1115644.63,-63.55,1.63,52.08,1.04,52.0,3711.8,52.08,-13622.57,-22.52,-11534.23,-22.52,-24991216.0,-22.52,-2.45,-30.55,-2.08,-30.63,-4501.94,-30.6,-26106860.63,-23.16,694605.5,11.53,-1.1067,-1.1269,-0.0001,-0.0002,-12.7089,-13.6614,-0.0563,-0.0511,0.4739,0.4739,0.5045
178,Barangka,Muna Barat,2025,7709.53,0.09,0.0,685.62,3715.2,0.0,0.0,281.88,0.0,0.0,0.0,0.0,0.0,0.0,0.0,19592.26,16588.77,35942880.0,5.27,4.47,9674.55,35942880.0,3545613.5,32397266.5,10.1373,768.57,11.07,0.0,0.0,178.47,5.05,0.0,0.0,0.0,0.0,0.0,0.0,0.0,0.0,0.0,0.0,0.0,0.0,-8772.31,-30.93,-7427.52,-30.93,-16093212.0,-30.93,-2.75,-34.29,-2.32,-34.17,-5038.5,-34.25,-16093212.0,-30.93,353468.25,11.07,0.0,-1.5601,0.0,-0.0006,0.0,-9.7469,0.0,0.0022,0.5871,0.5871,0.4342
179,Lawa,Muna Barat,2025,11955.55,309.69,0.0,2408.22,5719.59,0.0,0.0,244.53,12.69,0.0,0.0,0.0,0.0,0.0,0.0,30326.75,25677.66,55635780.0,5.3,4.49,9727.23,55635780.0,5498359.5,50137420.5,10.1186,1295.86,12.16,0.0,0.0,679.86,13.49,0.0,0.0,0.0,0.0,0.0,0.0,0.0,0.0,0.0,0.0,0.0,0.0,-10091.88,-24.97,-8544.79,-24.97,-18514028.0,-24.97,-2.72,-33.92,-2.3,-33.87,-4985.82,-33.89,-18514028.0,-24.97,595969.0,12.16,0.0,-1.5788,0.0,-0.0032,0.0,-8.7461,0.0,0.0153,0.4926,0.4926,0.4213
180,Wadaga,Muna Barat,2025,12724.42,1509.3,93.87,924.03,11396.34,0.0,0.0,112.14,0.0,0.0,0.0,0.0,0.0,0.0,0.0,63459.53,53731.2,116419360.0,5.57,4.71,10215.5,116419360.0,5851959.0,110567401.0,19.8941,1056.7,9.06,0.0,0.0,1945.62,20.59,0.0,0.0,0.0,0.0,0.0,0.0,0.0,0.0,0.0,0.0,0.0,0.0,-12335.24,-16.27,-10444.23,-16.27,-22629584.0,-16.27,-2.45,-30.55,-2.08,-30.63,-4497.55,-30.57,-22629584.0,-16.27,485974.0,9.06,0.0,-1.4537,0.0,-0.0007,0.0,-14.6727,0.0,0.0063,0.3982,0.3982,0.502
181,Tiworo Selatan,Muna Barat,2025,9343.58,128.61,0.0,344.16,4464.18,89.64,0.0,349.92,210.15,478.0,304.72,1087867.88,5.33,3.4,12135.96,24896.25,21079.65,45673272.0,5.58,4.72,10231.06,46761139.88,4297114.0,42464025.88,10.882,619.1,7.1,-248.85,-73.52,316.8,7.64,-581.97,-54.9,-371.01,-54.91,-1324502.12,-54.9,2.2,70.29,1.4,70.0,5009.1,70.28,-8365.73,-25.15,-7083.27,-25.15,-15347340.0,-25.15,-2.44,-30.42,-2.07,-30.49,-4481.99,-30.46,-16671842.12,-26.28,284723.25,7.1,-0.9886,-1.0655,-0.0007,-0.0009,-15.6441,-15.2695,-0.0643,-0.0567,0.5819,0.5819,0.6979
182,Maginti,Muna Barat,2025,5652.08,473.4,0.0,366.3,2426.13,0.0,0.0,156.15,138.24,0.0,0.0,0.0,0.0,0.0,0.0,13530.26,11456.07,24821866.0,5.58,4.72,10231.05,24821866.0,2599391.75,22222474.25,9.5491,421.13,8.05,-6.75,-100.0,220.5,10.0,-21.14,-100.0,-13.48,-100.0,-48106.29,-100.0,-3.13,-100.0,-2.0,-100.0,-7126.86,-100.0,-4158.89,-23.51,-3521.34,-23.51,-7629680.0,-23.51,-2.44,-30.42,-2.07,-30.49,-4482.0,-30.46,-7677786.29,-23.62,193677.25,8.05,0.0,-0.8925,0.0,-0.001,0.0,-18.766,0.0,-0.0796,0.4699,0.4699,0.7653
183,Tiworo Tengah,Muna Barat,2025,13291.97,474.3,0.0,52.2,5214.69,1.98,0.0,563.04,220.14,10.56,6.73,24029.21,5.33,3.4,12135.96,29057.2,24602.73,53306728.0,5.57,4.72,10222.42,53330757.21,6112975.5,47217781.71,8.7242,759.22,6.06,-57.06,-96.65,114.03,2.24,-174.32,-94.29,-111.13,-94.29,-396740.48,-94.29,2.2,70.29,1.4,70.0,5009.1,70.28,-11850.09,-28.97,-10033.47,-28.97,-21739544.0,-28.97,-2.45,-30.55,-2.07,-30.49,-4490.63,-30.52,-22136284.48,-29.33,349164.5,6.06,-0.9076,-0.7357,-0.0,-0.0007,-16.4828,-19.6995,-0.078,-0.0929,0.5732,0.5732,0.7795
184,Tiworo Utara,Muna Barat,2025,4263.89,3549.78,0.0,738.9,554.76,0.0,34.65,167.94,183.24,0.0,0.0,0.0,0.0,0.0,0.0,2787.74,2360.38,5114236.5,5.03,4.25,9218.83,5114236.5,1960963.0,3153273.5,2.608,400.54,10.37,0.0,0.0,42.75,8.35,0.0,0.0,0.0,0.0,0.0,0.0,0.0,0.0,0.0,0.0,0.0,0.0,-1318.58,-32.11,-1116.44,-32.11,-2418993.0,-32.11,-2.99,-37.28,-2.54,-37.41,-5494.22,-37.34,-2418993.0,-32.11,184209.25,10.37,0.0,-0.5282,0.0,-0.0005,0.0,-22.9365,0.0,-0.1199,0.2278,0.2278,0.5043
185,Tiworo Kepulauan,Muna Barat,2025,13716.29,527.85,0.0,23.31,5467.14,17.19,0.0,290.7,483.12,83.93,53.5,191004.91,4.88,3.11,11111.4,30064.17,25455.33,55154060.0,5.5,4.66,10088.28,55345064.91,6308120.0,49036944.91,8.7736,794.86,6.15,-183.69,-91.44,98.64,1.84,-545.12,-86.66,-347.52,-86.66,-1240638.21,-86.66,1.75,55.91,1.11,55.5,3984.54,55.91,-12991.2,-30.17,-10999.65,-30.17,-23832956.0,-30.17,-2.52,-31.42,-2.13,-31.37,-4624.77,-31.43,-25073594.21,-31.18,365553.5,6.15,-0.926,-0.8032,0.0023,-0.0002,-13.8833,-17.2771,-0.1063,-0.0916,0.5212,0.5212,0.6421
186,Kusambi,Muna Barat,2025,13839.82,1069.29,0.0,623.43,5589.99,0.0,0.0,652.86,37.44,0.0,0.0,0.0,0.0,0.0,0.0,31174.76,26395.67,57191496.0,5.58,4.72,10231.06,57191496.0,6364932.5,50826563.5,8.9854,2166.4,18.56,0.0,0.0,365.85,7.0,0.0,0.0,0.0,0.0,0.0,0.0,0.0,0.0,0.0,0.0,0.0,0.0,-10722.84,-25.59,-9079.03,-25.59,-19671544.0,-25.59,-2.44,-30.42,-2.07,-30.49,-4481.99,-30.46,-19671544.0,-25.59,996325.0,18.56,0.0,-1.0186,0.0,-0.0009,0.0,-16.3926,0.0,-0.0635,0.4682,0.4682,0.3963
187,Napano Kusambi,Muna Barat,2025,10501.63,1181.34,524.07,2790.18,3775.95,0.0,0.0,109.98,165.15,0.0,0.0,0.0,0.0,0.0,0.0,21058.06,17829.86,38631948.0,5.58,4.72,10231.05,38631948.0,4829700.0,33802248.0,7.9988,641.45,6.51,0.0,0.0,649.08,20.76,0.0,0.0,0.0,0.0,0.0,0.0,0.0,0.0,0.0,0.0,0.0,0.0,-4019.44,-16.03,-3403.26,-16.03,-7373852.0,-16.03,-2.44,-30.42,-2.07,-30.49,-4482.0,-30.46,-7373852.0,-16.03,295001.0,6.51,0.0,-0.7891,0.0,-0.0,0.0,-19.0666,0.0,-0.0871,0.3249,0.3249,0.3359
188,Lakudo,Buton Tengah,2025,36730.42,73.26,0.0,19747.26,48.24,0.0,0.0,749.34,0.63,0.0,0.0,0.0,0.0,0.0,0.0,766.7,649.17,1406554.75,15.89,13.46,29157.44,1406554.75,16892320.0,-15485765.25,0.0833,4206.77,12.93,0.0,0.0,-93.15,-65.88,0.0,0.0,0.0,0.0,0.0,0.0,0.0,0.0,0.0,0.0,0.0,0.0,-1878.71,-71.02,-1590.7,-71.02,-3446563.25,-71.02,-2.82,-15.07,-2.38,-15.03,-5166.9,-15.05,-3446563.25,-71.02,1934694.0,12.93,0.0,-0.5693,0.0,-0.0,0.0,-38.3116,0.0,0.0071,0.4584,0.4584,0.7358
189,Mawasangka Timur,Buton Tengah,2025,17643.64,51.66,0.0,8869.41,26.91,0.0,0.0,319.5,67.05,0.0,0.0,0.0,0.0,0.0,0.0,400.02,338.7,733854.75,14.87,12.59,27270.71,733854.75,8114311.5,-7380456.75,0.0904,1899.93,12.07,0.0,0.0,26.91,0.0,0.0,0.0,0.0,0.0,0.0,0.0,0.0,0.0,0.0,0.0,0.0,0.0,400.02,0.0,338.7,0.0,733854.75,0.0,14.87,0.0,12.59,0.0,27270.71,0.0,733854.75,0.0,873777.5,12.07,0.0,0.0,0.0,0.0,0.0,0.0,0.0,0.0,0.4787,0.4787,0.795
190,Mawasangka Tengah,Buton Tengah,2025,16924.94,68.85,0.0,11677.5,25.65,0.0,0.0,408.24,17.01,0.0,0.0,0.0,0.0,0.0,0.0,381.29,322.84,699493.69,14.87,12.59,27270.71,699493.69,7783778.0,-7084284.31,0.0899,2121.28,14.33,0.0,0.0,12.51,95.21,0.0,0.0,0.0,0.0,0.0,0.0,0.0,0.0,0.0,0.0,0.0,0.0,135.44,55.09,114.68,55.09,248471.91,55.09,-3.84,-20.52,-3.25,-20.52,-7053.63,-20.55,248471.91,55.09,975576.5,14.33,0.0,0.0945,0.0,-0.0001,0.0,-68.9649,0.0,-0.2485,0.4456,0.4456,0.7136
191,Mawasangka,Buton Tengah,2025,41073.15,2272.77,11.25,16131.87,3643.2,0.09,0.0,790.38,17.55,0.36,0.23,814.56,3.98,2.54,9050.7,53105.01,44964.0,97423512.0,14.58,12.34,26741.19,97424326.56,18889544.0,78534782.56,5.1576,3494.21,9.3,-84.96,-99.89,966.15,36.09,-238.29,-99.85,-151.91,-99.85,-542322.13,-99.85,1.17,41.64,0.75,41.9,2664.61,41.73,3017.4,6.02,2554.82,6.02,5535552.0,6.02,-4.13,-22.07,-3.5,-22.1,-7583.14,-22.09,4993229.87,5.4,1606986.0,9.3,-0.5848,-0.4973,-0.0006,0.0034,-36.029,-35.2998,-0.1333,-0.1579,0.4557,0.4557,0.6846
192,Talaga Raya,Buton Tengah,2025,7242.12,954.0,5.4,6563.07,178.29,0.0,1058.94,184.59,2.07,0.0,0.0,0.0,0.0,0.0,0.0,1987.72,1683.01,3646570.75,11.15,9.44,20453.03,3646570.75,3330650.0,315920.75,1.0949,1028.31,16.55,0.0,0.0,-320.58,-64.26,0.0,0.0,0.0,0.0,0.0,0.0,0.0,0.0,0.0,0.0,0.0,0.0,-7346.14,-78.7,-6219.97,-78.7,-13476809.25,-78.7,-7.56,-40.41,-6.4,-40.4,-13871.3,-40.41,-13476809.25,-78.7,472918.25,16.55,0.0,0.1106,0.0,0.0005,0.0,-58.2599,0.0,-0.2423,0.2041,0.2041,0.4225
193,Gu,Buton Tengah,2025,22267.42,7.11,0.0,7481.07,844.83,0.0,0.0,398.61,0.09,0.0,0.0,0.0,0.0,0.0,0.0,14645.44,12400.29,26867714.0,17.34,14.68,31802.51,26867714.0,10240786.0,16626928.0,2.6236,3136.45,16.39,0.0,0.0,16.74,2.02,0.0,0.0,0.0,0.0,0.0,0.0,0.0,0.0,0.0,0.0,0.0,0.0,-848.12,-5.47,-718.11,-5.47,-1555922.0,-5.47,-1.37,-7.32,-1.16,-7.32,-2521.82,-7.35,-1555922.0,-5.47,1442451.0,16.39,0.0,-0.5795,0.0,-0.0006,0.0,-40.9706,0.0,-0.1377,0.6362,0.6362,0.7592
194,Sangia Wambulu,Buton Tengah,2025,4643.69,0.0,0.0,794.25,2.7,0.0,0.0,147.6,0.63,0.0,0.0,0.0,0.0,0.0,0.0,43.48,36.81,79766.81,16.1,13.64,29543.26,79766.81,2135633.5,-2055866.69,0.0374,838.91,22.05,0.0,0.0,-115.29,-97.71,0.0,0.0,0.0,0.0,0.0,0.0,0.0,0.0,0.0,0.0,0.0,0.0,-2164.11,-98.03,-1832.36,-98.03,-3970161.44,-98.03,-2.61,-13.95,-2.2,-13.89,-4781.07,-13.93,-3970161.44,-98.03,385816.0,22.05,0.0,-0.6993,0.0,-0.0005,0.0,-23.6825,0.0,-0.116,0.7426,0.7426,0.8801
195,Batauga,Buton Selatan,2025,32909.43,5880.51,0.0,4641.66,3755.43,0.0,0.0,398.7,0.0,0.0,0.0,0.0,0.0,0.0,0.0,55824.87,47266.91,102413232.0,14.87,12.59,27270.71,102413232.0,15135045.0,87278187.0,6.7666,6709.87,25.61,0.0,0.0,-283.32,-7.02,0.0,0.0,0.0,0.0,0.0,0.0,0.0,0.0,0.0,0.0,0.0,0.0,-19740.15,-26.12,-16713.99,-26.12,-36214160.0,-26.12,-3.84,-20.52,-3.25,-20.52,-7053.62,-20.55,-36214160.0,-26.12,3085864.0,25.61,0.0,-0.2174,0.0,-0.001,0.0,-34.5485,0.0,-0.1688,0.4077,0.4077,0.6644
196,Sampolawa,Buton Selatan,2025,33884.69,8845.29,0.0,11984.67,1862.46,0.0,0.0,284.58,14.49,0.0,0.0,0.0,0.0,0.0,0.0,28503.32,24133.77,52290624.0,15.3,12.96,28076.11,52290624.0,15583568.0,36707056.0,3.3555,2855.08,9.2,0.0,0.0,-218.34,-10.49,0.0,0.0,0.0,0.0,0.0,0.0,0.0,0.0,0.0,0.0,0.0,0.0,-10428.44,-26.79,-8829.76,-26.79,-19131440.0,-26.79,-3.41,-18.23,-2.88,-18.18,-6248.22,-18.2,-19131440.0,-26.79,1313050.0,9.2,0.0,-0.3186,0.0,-0.0016,0.0,-24.1392,0.0,-0.1693,0.429,0.429,0.6814
197,Lapandewa,Buton Selatan,2025,9171.42,279.0,0.0,5024.61,8.1,0.0,0.0,137.07,10.89,0.0,0.0,0.0,0.0,0.0,0.0,120.41,101.95,220892.72,14.87,12.59,27270.71,220892.72,4217935.0,-3997042.28,0.0524,1162.23,14.51,0.0,0.0,8.1,0.0,0.0,0.0,0.0,0.0,0.0,0.0,0.0,0.0,0.0,0.0,0.0,0.0,120.41,0.0,101.95,0.0,220892.72,0.0,14.87,0.0,12.59,0.0,27270.71,0.0,220892.72,0.0,534509.75,14.51,0.0,0.0,0.0,0.0,0.0,0.0,0.0,0.0,0.4818,0.4818,0.4485
198,Batu Atas,Buton Selatan,2025,1932.58,0.18,0.0,0.54,752.13,0.0,0.0,119.07,0.0,0.0,0.0,0.0,0.0,0.0,0.0,11180.49,9466.52,20511116.0,14.87,12.59,27270.71,20511116.0,888792.19,19622323.81,23.0775,217.03,12.65,0.0,0.0,-61.29,-7.53,0.0,0.0,0.0,0.0,0.0,0.0,0.0,0.0,0.0,0.0,0.0,0.0,-4038.6,-26.54,-3419.48,-26.54,-7408984.0,-26.54,-3.84,-20.52,-3.25,-20.52,-7053.62,-20.55,-7408984.0,-26.54,99810.63,12.65,0.0,0.3581,0.0,0.0,0.0,-119.5147,0.0,-0.2698,0.6073,0.6073,0.094
199,Siompu Barat,Buton Selatan,2025,7567.92,0.54,0.0,1480.41,20.43,0.0,0.0,206.64,0.0,0.0,0.0,0.0,0.0,0.0,0.0,303.69,257.14,557140.56,14.87,12.59,27270.71,557140.56,3480485.25,-2923344.69,0.1601,634.23,9.15,0.0,0.0,-108.45,-84.15,0.0,0.0,0.0,0.0,0.0,0.0,0.0,0.0,0.0,0.0,0.0,0.0,-2107.65,-87.41,-1784.55,-87.41,-3866579.94,-87.41,-3.84,-20.52,-3.25,-20.52,-7053.63,-20.55,-3866579.94,-87.41,291680.25,9.15,0.0,0.3858,0.0,-0.0,0.0,-93.0025,0.0,-0.259,0.5336,0.5336,0.4434
200,Siompu,Buton Selatan,2025,13308.0,2.34,0.0,3437.91,0.0,0.0,0.0,168.57,0.0,0.0,0.0,0.0,0.0,0.0,0.0,0.0,0.0,0.0,0.0,0.0,0.0,0.0,6120351.0,-6120351.0,0.0,1737.6,15.02,0.0,0.0,0.0,0.0,0.0,0.0,0.0,0.0,0.0,0.0,0.0,0.0,0.0,0.0,0.0,0.0,0.0,0.0,0.0,0.0,0.0,0.0,0.0,0.0,0.0,0.0,0.0,0.0,0.0,0.0,799126.0,15.02,0.0,0.0,0.0,0.0,0.0,0.0,0.0,0.0,0.566,0.566,0.5008
201,Kadatua,Buton Selatan,2025,8672.43,8.37,0.0,2262.33,0.0,0.0,0.0,130.95,0.72,0.0,0.0,0.0,0.0,0.0,0.0,0.0,0.0,0.0,0.0,0.0,0.0,0.0,3988448.25,-3988448.25,0.0,988.96,12.87,0.0,0.0,0.0,0.0,0.0,0.0,0.0,0.0,0.0,0.0,0.0,0.0,0.0,0.0,0.0,0.0,0.0,0.0,0.0,0.0,0.0,0.0,0.0,0.0,0.0,0.0,0.0,0.0,0.0,0.0,454819.75,12.87,0.0,0.0,0.0,0.0,0.0,0.0,0.0,0.0,0.5971,0.5971,0.7962
202,Mandonga,Kota Kendari,2025,55099.48,57.96,0.0,1899.0,91.35,0.0,0.0,464.22,94.77,0.0,0.0,0.0,0.0,0.0,0.0,1070.27,906.2,1963467.38,11.72,9.92,21493.9,1963467.38,25340254.0,-23376786.62,0.0775,7066.67,14.71,0.0,0.0,70.83,345.18,0.0,0.0,0.0,0.0,0.0,0.0,0.0,0.0,0.0,0.0,0.0,0.0,664.18,163.55,562.36,163.55,1218475.63,163.56,-8.07,-40.78,-6.84,-40.81,-14811.74,-40.8,1218475.63,163.56,3249966.0,14.71,0.0,-1.6635,0.0,-0.0028,0.0,-20.5687,0.0,0.0626,0.7254,0.7254,0.9585
203,Kendari,Kota Kendari,2025,18483.52,14.31,0.0,758.25,300.78,0.0,0.0,368.01,1.44,0.0,0.0,0.0,0.0,0.0,0.0,3521.11,2981.33,6459640.5,11.71,9.91,21476.3,6459640.5,8500571.0,-2040930.5,0.7599,2578.23,16.21,0.0,0.0,-201.06,-40.06,0.0,0.0,0.0,0.0,0.0,0.0,0.0,0.0,0.0,0.0,0.0,0.0,-6410.3,-64.55,-5427.6,-64.55,-11759983.5,-64.55,-8.08,-40.83,-6.85,-40.87,-14829.34,-40.85,-11759983.5,-64.55,1185728.5,16.21,0.0,-0.9129,0.0,-0.0032,0.0,-20.6071,0.0,-0.0536,0.5961,0.5961,1.0
204,Baruga,Kota Kendari,2025,56822.26,0.0,0.0,315.36,1725.21,220.77,0.0,1315.35,48.06,1196.19,762.57,2722383.0,5.42,3.45,12331.31,22737.71,19252.02,41713348.0,13.18,11.16,24178.71,44435731.0,26132552.0,18303179.0,1.7004,7793.63,15.9,-188.55,-46.06,-24.48,-1.4,-167.02,-12.25,-106.48,-12.25,-380113.5,-12.25,2.09,62.76,1.33,62.74,4751.67,62.69,-11888.65,-34.33,-10066.12,-34.33,-21810272.0,-34.33,-6.61,-33.4,-5.6,-33.41,-12126.93,-33.4,-22190385.5,-33.31,3584286.0,15.9,-1.7926,-1.8018,-0.0052,-0.0053,-14.2127,-16.104,0.0508,0.0587,0.7667,0.7667,0.9832
205,Poasia,Kota Kendari,2025,61079.82,571.14,0.0,1.71,1521.18,0.0,0.0,854.28,215.64,0.0,0.0,0.0,0.0,0.0,0.0,17689.99,14978.12,32453090.0,11.63,9.85,21334.16,32453090.0,28090606.0,4362484.0,1.1553,9150.45,17.62,0.0,0.0,-57.69,-3.65,0.0,0.0,0.0,0.0,0.0,0.0,0.0,0.0,0.0,0.0,0.0,0.0,-13555.85,-43.38,-11477.73,-43.38,-24868802.0,-43.38,-8.16,-41.23,-6.91,-41.23,-14971.48,-41.24,-24868802.0,-43.38,4208290.0,17.62,0.0,-1.4103,0.0,-0.0043,0.0,-16.5062,0.0,0.0071,0.6993,0.6993,0.9878
206,Kendari Barat,Kota Kendari,2025,52171.05,1.71,0.0,1566.18,136.08,0.0,0.0,533.52,7.02,0.0,0.0,0.0,0.0,0.0,0.0,1635.38,1384.68,3000179.0,12.02,10.18,22047.17,3000179.0,23993466.0,-20993287.0,0.125,7321.48,16.32,0.0,0.0,-66.69,-32.89,0.0,0.0,0.0,0.0,0.0,0.0,0.0,0.0,0.0,0.0,0.0,0.0,-2377.44,-59.25,-2012.97,-59.25,-4361516.0,-59.25,-7.77,-39.26,-6.58,-39.26,-14258.47,-39.27,-4361516.0,-59.25,3367152.0,16.32,0.0,-1.2173,0.0,-0.0037,0.0,-19.3623,0.0,-0.0175,0.515,0.515,1.0
207,Abeli,Kota Kendari,2025,19943.95,337.68,0.0,1.08,746.46,0.0,0.0,280.98,13.05,0.0,0.0,0.0,0.0,0.0,0.0,8680.68,7349.93,15925092.0,11.63,9.85,21334.15,15925092.0,9172222.0,6752870.0,1.7362,3071.98,18.21,0.0,0.0,-47.61,-6.0,0.0,0.0,0.0,0.0,0.0,0.0,0.0,0.0,0.0,0.0,0.0,0.0,-7033.97,-44.76,-5955.66,-44.76,-12904130.0,-44.76,-8.16,-41.23,-6.91,-41.23,-14971.49,-41.24,-12904130.0,-44.76,1412802.5,18.21,0.0,-1.2338,0.0,-0.0038,0.0,-17.5083,0.0,-0.0133,0.6072,0.6072,0.9758
208,Wua-Wua,Kota Kendari,2025,55748.42,0.0,0.0,710.82,67.68,0.0,0.0,665.01,13.32,0.0,0.0,0.0,0.0,0.0,0.0,892.0,755.26,1636414.88,13.18,11.16,24178.71,1636414.88,25638696.0,-24002281.12,0.0638,11080.81,24.81,0.0,0.0,24.93,58.32,0.0,0.0,0.0,0.0,0.0,0.0,0.0,0.0,0.0,0.0,0.0,0.0,45.98,5.43,38.93,5.43,84348.76,5.43,-6.61,-33.4,-5.6,-33.41,-12126.93,-33.4,84348.76,5.43,5096068.0,24.81,0.0,-1.6227,0.0,-0.0028,0.0,-10.805,0.0,0.0021,0.8441,0.8441,1.0
209,Kadia,Kota Kendari,2025,59879.92,0.0,0.0,0.9,1.71,0.0,0.0,630.54,29.7,0.0,0.0,0.0,0.0,0.0,0.0,22.54,19.08,41345.59,13.18,11.16,24178.71,41345.59,27538778.0,-27497432.41,0.0015,8872.56,17.39,0.0,0.0,1.44,533.33,0.0,0.0,0.0,0.0,0.0,0.0,0.0,0.0,0.0,0.0,0.0,0.0,17.2,322.1,14.56,322.12,31543.07,321.79,-6.61,-33.4,-5.6,-33.41,-12126.93,-33.4,31543.07,321.79,4080494.0,17.39,0.0,-1.9767,0.0,-0.0055,0.0,-22.9771,0.0,0.0976,0.945,0.945,1.0
210,Puuwatu,Kota Kendari,2025,47186.27,0.0,10.53,3029.94,124.2,0.0,0.0,848.79,0.0,0.0,0.0,0.0,0.0,0.0,0.0,1606.21,1359.98,2946673.0,12.93,10.95,23725.23,2946673.0,21700968.0,-18754295.0,0.1358,5768.75,13.93,0.0,0.0,43.02,52.99,0.0,0.0,0.0,0.0,0.0,0.0,0.0,0.0,0.0,0.0,0.0,0.0,-0.34,-0.02,-0.29,-0.02,-619.0,-0.02,-6.86,-34.66,-5.81,-34.67,-12580.41,-34.65,-619.0,-0.02,2653048.0,13.93,0.0,-2.3351,0.0,-0.007,0.0,-29.7168,0.0,0.2215,0.7303,0.7303,0.9883
211,Kambu,Kota Kendari,2025,73748.63,267.12,0.0,125.73,1379.52,0.0,0.0,1063.8,277.47,0.0,0.0,0.0,0.0,0.0,0.0,17176.59,14543.42,31511230.0,12.45,10.54,22842.17,31511230.0,33916996.0,-2405766.0,0.9291,13100.84,21.6,0.0,0.0,87.3,6.76,0.0,0.0,0.0,0.0,0.0,0.0,0.0,0.0,0.0,0.0,0.0,0.0,-8396.44,-32.83,-7109.27,-32.83,-15403650.0,-32.83,-7.34,-37.09,-6.22,-37.11,-13463.47,-37.08,-15403650.0,-32.83,6025074.0,21.6,0.0,-1.6029,0.0,-0.0047,0.0,-15.4431,0.0,0.0333,0.761,0.761,0.9916
212,Nambo,Kota Kendari,2025,18879.2,552.51,0.0,292.14,1437.48,0.0,0.0,432.99,47.79,0.0,0.0,0.0,0.0,0.0,0.0,16872.58,14286.01,30953510.0,11.74,9.94,21533.18,30953510.0,8682544.0,22270966.0,3.565,3334.73,21.45,0.0,0.0,-110.07,-7.11,0.0,0.0,0.0,0.0,0.0,0.0,0.0,0.0,0.0,0.0,0.0,0.0,-13753.44,-44.91,-11645.04,-44.91,-25231290.0,-44.91,-8.05,-40.68,-6.82,-40.69,-14772.46,-40.69,-25231290.0,-44.91,1533643.0,21.45,0.0,-1.0766,0.0,-0.0036,0.0,-17.8509,0.0,-0.0348,0.5396,0.5396,0.9865
213,Betoambari,Kota Bau Bau,2025,32646.14,0.0,0.0,2255.94,564.21,0.0,0.0,338.31,0.0,0.0,0.0,0.0,0.0,0.0,0.0,4970.36,4208.4,9118346.0,8.81,7.46,16161.26,9118346.0,15013956.0,-5895610.0,0.6073,2119.08,6.94,0.0,0.0,-154.89,-21.54,0.0,0.0,0.0,0.0,0.0,0.0,0.0,0.0,0.0,0.0,0.0,0.0,-6197.26,-55.49,-5247.23,-55.49,-11369160.0,-55.49,-6.72,-43.27,-5.69,-43.27,-12329.22,-43.27,-11369160.0,-55.49,974561.0,6.94,0.0,-0.4612,0.0,-0.0009,0.0,-24.6426,0.0,-0.1509,0.7685,0.7685,0.9992
214,Wolio,Kota Bau Bau,2025,41306.69,1033.38,0.0,930.24,791.82,0.0,0.0,488.43,0.0,0.0,0.0,0.0,0.0,0.0,0.0,8065.1,6828.72,14795796.0,10.19,8.62,18685.81,14795796.0,18996948.0,-4201152.0,0.7789,5035.16,13.88,0.0,0.0,-259.47,-24.68,0.0,0.0,0.0,0.0,0.0,0.0,0.0,0.0,0.0,0.0,0.0,0.0,-8261.43,-50.6,-6994.96,-50.6,-15155962.0,-50.6,-5.34,-34.39,-4.53,-34.45,-9804.67,-34.41,-15155962.0,-50.6,2315673.0,13.88,0.0,-0.6332,0.0,-0.0012,0.0,-17.9637,0.0,-0.0981,0.7203,0.7203,0.981
215,Sorawolio,Kota Bau Bau,2025,23140.45,6153.21,0.0,1821.6,2594.43,0.18,70.47,310.77,0.0,0.89,0.57,2036.82,4.97,3.17,11315.69,24726.65,20936.06,45362156.0,9.53,8.07,17484.44,45364192.82,10642293.0,34721899.82,4.2626,3474.44,17.67,-44.19,-99.59,369.09,16.59,-164.19,-99.46,-104.67,-99.46,-373661.24,-99.46,1.25,33.6,0.8,33.76,2848.3,33.64,-9832.88,-28.45,-8325.49,-28.45,-18038856.0,-28.45,-6.0,-38.63,-5.08,-38.63,-11006.04,-38.63,-18412517.24,-28.87,1597893.0,17.67,-0.6977,-0.6891,-0.0023,-0.0005,-13.4672,-14.2459,-0.0988,-0.1009,0.4513,0.4513,0.8659
216,Bungi,Kota Bau Bau,2025,20678.38,1654.65,0.0,1092.24,2200.77,951.75,0.0,302.22,9.81,5524.61,3521.94,12573315.0,5.8,3.7,13210.73,21168.09,17923.02,38833808.0,9.62,8.14,17645.55,51407123.0,9509989.0,41897134.0,5.4056,3035.16,17.2,-731.97,-43.47,803.43,57.5,-739.67,-11.81,-471.54,-11.81,-1683398.0,-11.81,2.08,55.91,1.33,56.12,4743.34,56.02,-532.6,-2.45,-450.95,-2.45,-977084.0,-2.45,-5.91,-38.06,-5.01,-38.1,-10844.93,-38.07,-2660482.0,-4.92,1395871.0,17.2,-0.9145,-0.856,-0.0007,0.001,-13.579,-14.059,-0.0873,-0.0987,0.5521,0.5521,0.9405
217,Kokalukuna,Kota Bau Bau,2025,14479.8,64.44,0.0,1211.4,143.82,0.0,0.0,321.84,0.0,0.0,0.0,0.0,0.0,0.0,0.0,1444.7,1223.23,2650366.0,10.05,8.51,18428.35,2650366.0,6659258.0,-4008892.0,0.398,1709.76,13.39,0.0,0.0,-55.98,-28.02,0.0,0.0,0.0,0.0,0.0,0.0,0.0,0.0,0.0,0.0,0.0,0.0,-1658.19,-53.44,-1403.99,-53.44,-3042032.0,-53.44,-5.48,-35.29,-4.64,-35.29,-10062.13,-35.32,-3042032.0,-53.44,786317.5,13.39,0.0,-0.6393,0.0,-0.001,0.0,-14.3017,0.0,-0.1361,0.7912,0.7912,1.0
218,Murhum,Kota Bau Bau,2025,20451.82,0.0,0.0,219.78,96.3,0.0,0.0,287.55,0.0,0.0,0.0,0.0,0.0,0.0,0.0,867.51,734.52,1591480.12,9.01,7.63,16526.27,1591480.12,9405791.0,-7814310.88,0.1692,1870.13,10.06,0.0,0.0,-79.2,-45.13,0.0,0.0,0.0,0.0,0.0,0.0,0.0,0.0,0.0,0.0,0.0,0.0,-1858.0,-68.17,-1573.17,-68.17,-3408599.38,-68.17,-6.52,-41.98,-5.52,-41.98,-11964.21,-41.99,-3408599.38,-68.17,860073.0,10.06,0.0,-0.4931,0.0,-0.0008,0.0,-23.2561,0.0,-0.1582,0.8698,0.8698,1.0
219,Lea-Lea,Kota Bau Bau,2025,14443.9,141.3,0.0,1805.13,1115.19,32.4,0.0,196.47,2.7,187.94,119.81,427733.06,5.8,3.7,13201.64,10642.85,9011.3,19524780.0,9.54,8.08,17508.03,19952513.06,6642749.0,13309764.06,3.0037,2403.58,19.96,-44.91,-58.09,-106.92,-8.75,-99.69,-34.66,-63.56,-34.66,-226880.88,-34.66,2.08,55.91,1.33,56.12,4734.25,55.91,-8336.52,-43.92,-7058.53,-43.92,-15293724.0,-43.92,-5.99,-38.57,-5.07,-38.56,-10982.45,-38.55,-15520604.88,-43.75,1105406.0,19.96,-0.8922,-0.8319,-0.0004,0.0001,-16.2204,-17.481,-0.0856,-0.1067,0.6824,0.6824,0.9934
220,Batupoaro,Kota Bau Bau,2025,13608.55,0.0,0.0,0.0,0.0,0.0,0.0,190.26,0.0,0.0,0.0,0.0,0.0,0.0,0.0,0.0,0.0,0.0,0.0,0.0,0.0,0.0,6258572.0,-6258572.0,0.0,1462.4,12.04,0.0,0.0,0.0,0.0,0.0,0.0,0.0,0.0,0.0,0.0,0.0,0.0,0.0,0.0,0.0,0.0,0.0,0.0,0.0,0.0,0.0,0.0,0.0,0.0,0.0,0.0,0.0,0.0,0.0,0.0,672559.0,12.04,0.0,0.0,0.0,0.0,0.0,0.0,0.0,0.0,0.971,0.971,1.0
0,Wundulako,Kolaka,2030,27162.97,5983.83,599.4,3782.97,3615.66,210.96,55.53,682.83,1047.78,1106.54,705.42,2518354.25,5.25,3.34,11937.59,52514.61,44464.12,96340408.0,14.52,12.3,26645.32,98858762.25,12492248.0,86366514.25,7.9136,4785.42,21.38,-825.21,-79.64,370.89,11.43,-3760.54,-77.26,-2397.34,-77.26,-8558518.75,-77.26,0.55,11.7,0.35,11.71,1247.38,11.67,-26398.2,-33.45,-22351.35,-33.45,-48428664.0,-33.45,-9.8,-40.3,-8.29,-40.26,-17970.81,-40.28,-56987182.75,-36.57,2200811.0,21.38,0.9269,1.1591,0.0049,0.0069,43.8681,42.8949,0.2101,0.1958,0.3804,0.3804,0.6994
1,Kolaka,Kolaka,2030,53582.05,5823.54,364.77,1059.66,5629.32,124.38,0.0,786.69,188.01,678.84,432.76,1544965.5,5.46,3.48,12421.33,81605.5,69095.38,149708944.0,14.5,12.27,26594.5,151253909.5,24642390.0,126611519.5,6.138,8496.44,18.85,-258.03,-67.47,773.01,15.92,-1117.41,-62.21,-712.35,-62.21,-2543077.0,-62.21,0.76,16.17,0.49,16.39,1731.12,16.19,-36499.97,-30.9,-30904.5,-30.9,-66960816.0,-30.9,-9.82,-40.38,-8.32,-40.41,-18021.63,-40.39,-69503893.0,-31.48,3907520.0,18.85,0.9837,1.139,0.0048,0.0057,45.4607,43.9117,0.1892,0.1971,0.3613,0.3613,0.8265
2,Pomalaa,Kolaka,2030,53025.84,6309.0,488.16,3643.2,5408.55,192.24,4506.03,1079.73,728.73,945.92,603.02,2152794.75,4.92,3.14,11198.47,78791.51,66712.76,144546560.0,14.57,12.33,26725.57,146699354.75,24386572.0,122312782.75,6.0156,7222.16,15.77,-962.91,-83.36,-522.27,-8.81,-4480.03,-82.57,-2856.03,-82.57,-10196000.25,-82.57,0.22,4.68,0.15,5.02,508.26,4.75,-65446.05,-45.37,-55413.15,-45.37,-120063648.0,-45.37,-9.75,-40.09,-8.26,-40.12,-17890.56,-40.1,-130259648.25,-47.03,3321460.0,15.77,1.0968,1.2616,0.0064,0.0089,37.1429,47.4076,0.134,0.0642,0.3819,0.3819,0.5863
3,Watubangga,Kolaka,2030,26450.73,3351.51,3564.9,4842.54,10684.08,174.51,0.0,877.86,1271.34,1094.82,697.95,2491684.5,6.27,4.0,14278.18,159480.31,135032.03,292573792.0,14.93,12.64,27384.09,295065476.5,12164690.0,282900786.5,24.2559,5548.77,26.55,-906.84,-83.86,204.57,1.95,-3984.48,-78.45,-2540.1,-78.45,-9068170.5,-78.45,1.57,33.4,1.01,33.78,3587.97,33.56,-95381.38,-37.42,-80759.39,-37.42,-174981376.0,-37.42,-9.39,-38.61,-7.95,-38.61,-17232.04,-38.62,-184049546.5,-38.41,2551880.0,26.55,1.098,1.3921,0.0095,0.0108,32.255,44.0106,0.2561,0.1571,0.4544,0.4544,0.384
4,Wolo,Kolaka,2030,29117.89,38651.4,302.85,1904.49,8799.39,292.32,986.58,637.92,860.94,2066.22,1317.21,4702450.0,7.07,4.51,16086.65,149267.88,126385.08,273838592.0,16.96,14.36,31120.18,278541042.0,13391317.0,265149725.0,20.8001,8813.55,43.41,-774.99,-72.61,1042.02,13.43,-2947.13,-58.79,-1878.8,-58.79,-6707314.0,-58.79,2.37,50.43,1.52,50.84,5396.44,50.48,-39391.32,-20.88,-33352.7,-20.88,-72265344.0,-20.88,-7.36,-30.26,-6.23,-30.26,-13495.96,-30.25,-78972658.0,-22.09,4053347.0,43.41,0.6133,0.4977,0.0026,0.0026,115.6545,130.2115,0.1996,0.2258,0.1753,0.1753,0.2669
5,Baula,Kolaka,2030,22019.37,4122.54,362.61,1177.29,6707.7,374.22,0.0,587.79,38.61,1774.58,1131.3,4038725.5,4.74,3.02,10792.38,96827.91,81984.2,177635168.0,14.44,12.22,26482.28,181673893.5,10126708.0,171547185.5,17.9401,5183.61,30.79,-606.78,-61.85,1029.87,18.14,-2833.36,-61.49,-1806.26,-61.49,-6448368.5,-61.49,0.04,0.85,0.03,1.0,102.17,0.96,-41256.95,-29.88,-34932.23,-29.88,-75687648.0,-29.88,-9.88,-40.62,-8.37,-40.65,-18133.85,-40.64,-82136016.5,-31.13,2383939.5,30.79,0.9208,1.2983,0.0051,0.0092,43.2613,45.5342,0.2248,0.198,0.3755,0.3755,0.6578
6,Latambaga,Kolaka,2030,29339.65,11512.8,0.0,876.15,8671.41,4.05,9.72,489.6,364.95,22.1,14.09,50306.4,5.46,3.48,12421.33,127395.95,107866.18,233713632.0,14.69,12.44,26952.21,233763938.4,13493306.0,220270632.4,17.3244,5773.99,24.5,-92.52,-95.81,116.1,1.36,-431.51,-95.13,-275.08,-95.13,-982047.04,-95.13,0.76,16.17,0.49,16.39,1731.12,16.19,-80669.21,-38.77,-68302.59,-38.77,-147991168.0,-38.77,-9.63,-39.6,-8.15,-39.58,-17663.92,-39.59,-148973215.04,-38.92,2655459.0,24.5,1.0207,1.0503,0.0035,0.0039,53.7527,53.8034,0.2387,0.2061,0.2768,0.2768,0.6614
7,Tanggetada,Kolaka,2030,25533.44,7728.84,8072.82,3283.47,6725.07,135.18,286.47,697.68,610.65,744.74,474.77,1694926.5,5.51,3.51,12538.29,92927.11,78681.42,170479008.0,13.82,11.7,25349.77,172173934.5,11742830.0,160431104.5,14.662,4791.97,23.1,-637.11,-82.5,-470.88,-6.54,-2882.85,-79.47,-1837.82,-79.47,-6561013.5,-79.47,0.81,17.23,0.52,17.39,1848.08,17.29,-82078.44,-46.9,-69495.72,-46.9,-150576448.0,-46.9,-10.5,-43.17,-8.89,-43.18,-19266.36,-43.18,-157137461.5,-47.72,2203827.0,23.1,1.0094,1.149,0.005,0.0078,35.1898,40.7798,0.0687,0.2319,0.4337,0.4337,0.4961
8,Samaturu,Kolaka,2030,37022.55,31128.3,434.16,718.47,17957.61,459.63,2.79,684.36,1802.61,2621.07,1670.93,5965220.5,5.7,3.64,12978.31,270090.31,228685.45,495492832.0,15.04,12.73,27592.36,501458052.5,17026672.0,484431380.5,29.4513,11440.24,44.72,-883.17,-65.77,-146.52,-0.81,-3686.31,-58.44,-2350.03,-58.44,-8389590.5,-58.44,1.0,21.28,0.65,21.74,2288.1,21.4,-170202.16,-38.66,-144110.11,-38.66,-312243296.0,-38.66,-9.28,-38.16,-7.86,-38.17,-17023.77,-38.16,-320632886.5,-39.0,5261365.0,44.72,0.6743,0.8115,0.0014,0.0022,65.2108,60.0041,0.1975,0.2137,0.231,0.231,0.4147
9,Toari,Kolaka,2030,14461.2,36.36,41.94,3778.38,5054.4,0.0,3.87,552.87,210.15,0.0,0.0,0.0,0.0,0.0,0.0,67230.41,56924.0,123337208.0,13.3,11.26,24401.95,123337208.0,6650707.5,116686500.5,18.545,3790.72,35.53,0.0,0.0,188.73,3.88,0.0,0.0,0.0,0.0,0.0,0.0,0.0,0.0,0.0,0.0,0.0,0.0,-51102.68,-43.19,-43268.63,-43.19,-93750200.0,-43.19,-11.02,-45.31,-9.33,-45.31,-20214.19,-45.31,-93750200.0,-43.19,1743353.0,35.53,0.0,1.1751,0.0,0.0086,0.0,35.2702,0.0,0.1652,0.4946,0.4946,0.3725
10,Polinggona,Kolaka,2030,14887.53,6555.15,7028.37,635.58,6075.0,0.54,0.0,413.19,0.0,3.37,2.15,7665.74,6.24,3.98,14195.81,91498.29,77471.62,167857712.0,15.06,12.75,27630.9,167865377.74,6846775.0,161018602.74,24.5174,2839.96,23.57,-412.47,-99.87,-1630.17,-21.16,-1936.61,-99.83,-1234.59,-99.83,-4407497.26,-99.83,1.54,32.77,0.99,33.11,3505.6,32.79,-95891.49,-51.17,-81191.27,-51.17,-175917168.0,-51.17,-9.26,-38.08,-7.84,-38.08,-16985.23,-38.07,-180324665.26,-51.79,1306100.0,23.57,1.1539,1.2907,0.0083,0.0097,33.7838,40.8523,0.28,0.1832,0.3464,0.3464,0.3879
11,Iwoimendaa,Kolaka,2030,10265.57,15640.56,0.18,264.42,3670.65,18.63,0.72,270.36,56.61,159.78,101.86,363643.41,8.58,5.47,19519.24,66971.2,56704.52,122861656.0,18.25,15.45,33471.36,123225299.41,4721137.0,118504162.41,26.1008,3396.07,49.44,-189.81,-91.06,-150.12,-3.93,-819.3,-83.68,-522.3,-83.68,-1864623.34,-83.68,3.88,82.55,2.48,82.94,8829.03,82.59,-25949.93,-27.93,-21971.78,-27.93,-47606312.0,-27.93,-6.07,-24.96,-5.14,-24.96,-11144.77,-24.98,-49470935.34,-28.65,1561854.25,49.44,0.7006,0.5221,0.0029,0.0016,152.0864,150.3762,0.0468,0.218,0.265,0.265,0.2316
12,Lambuya,Konawe,2030,10401.69,3905.01,312.93,2503.35,1356.66,1465.38,0.0,233.28,38.25,9167.26,5844.13,20863542.0,6.26,3.99,14237.63,8864.28,7505.39,16261923.0,6.53,5.53,11986.73,37125465.0,4783735.5,32341729.5,7.7608,1328.47,14.64,-652.14,-30.8,37.35,2.83,681.26,8.03,434.31,8.03,1550468.0,8.03,2.25,56.11,1.44,56.47,5117.02,56.1,-5094.02,-36.49,-4313.1,-36.49,-9345207.0,-36.49,-4.05,-38.28,-3.43,-38.28,-7422.76,-38.24,-7794739.0,-17.35,610959.5,14.64,0.3668,0.4386,0.0027,0.0035,17.8407,21.0038,0.2791,0.2806,0.4534,0.4534,0.6654
13,Unaaha,Konawe,2030,18161.57,9.9,0.0,250.2,886.68,234.36,0.0,1291.95,42.75,1198.62,764.12,2727915.25,5.11,3.26,11639.85,5341.48,4522.63,9799183.0,6.02,5.1,11051.54,12527098.25,8352506.5,4174591.75,1.4998,3930.69,27.62,-652.5,-73.57,559.8,171.26,-2355.49,-66.28,-1501.62,-66.28,-5360788.75,-66.28,1.1,27.43,0.71,27.84,2519.24,27.62,1883.09,54.45,1594.41,54.45,3454610.5,54.45,-4.56,-43.1,-3.86,-43.08,-8357.95,-43.06,-1906178.25,-13.21,1807726.5,27.62,0.3559,0.3952,0.0015,0.0024,6.6485,10.4817,0.2461,0.2622,0.6973,0.6973,0.9992
14,Wawotobi,Konawe,2030,13535.69,30.78,1561.86,1613.25,2999.61,540.54,0.0,648.54,0.0,3378.21,2153.61,7688384.0,6.25,3.98,14223.52,20570.79,17417.28,37738028.0,6.86,5.81,12580.98,45426412.0,6225063.0,39201349.0,7.2973,2156.53,18.95,-1370.25,-71.71,466.65,18.42,-4279.31,-55.88,-2728.06,-55.88,-9739186.0,-55.88,2.24,55.86,1.43,56.08,5102.91,55.95,-6227.93,-23.24,-5273.19,-23.24,-11425420.0,-23.24,-3.72,-35.16,-3.15,-35.16,-6828.5,-35.18,-21164606.0,-31.78,991787.0,18.95,0.2175,0.2377,0.001,0.0012,9.1334,10.0421,0.2749,0.2831,0.6299,0.6299,0.7727
15,Pondidaha,Konawe,2030,14833.35,684.36,1446.12,5627.97,1654.11,398.7,0.0,342.0,43.92,2709.66,1727.41,6166855.5,6.8,4.33,15467.41,11388.09,9642.3,20891968.0,6.88,5.83,12630.34,27058823.5,6821857.0,20236966.5,3.9665,3428.71,30.06,-713.61,-64.16,-560.34,-25.3,-1747.94,-39.21,-1114.31,-39.21,-3978089.5,-39.21,2.79,69.58,1.78,69.8,6346.8,69.59,-12040.79,-51.39,-10194.93,-51.39,-22089368.0,-51.39,-3.7,-34.97,-3.13,-34.93,-6779.15,-34.93,-26067457.5,-49.07,1576864.5,30.06,0.0467,0.0425,0.0005,0.0006,9.0539,9.3746,0.3071,0.3036,0.6315,0.6315,0.5494
16,Sampara,Konawe,2030,2844.2,477.45,449.46,3543.03,43.02,0.0,0.0,80.37,75.96,0.0,0.0,0.0,0.0,0.0,0.0,296.18,250.78,543357.12,6.88,5.83,12630.34,543357.12,1308045.5,-764688.38,0.4154,372.21,15.06,0.0,0.0,-98.64,-69.63,0.0,0.0,0.0,0.0,0.0,0.0,0.0,0.0,0.0,0.0,0.0,0.0,-1202.58,-80.24,-1018.22,-80.24,-2206190.63,-80.24,-3.7,-34.97,-3.13,-34.93,-6779.15,-34.93,-2206190.63,-80.24,171176.5,15.06,0.0,0.1162,0.0,0.0015,0.0,11.9403,0.0,0.2939,0.6277,0.6277,0.8408
17,Abuki,Konawe,2030,11686.45,13362.66,616.05,2271.42,3412.62,323.55,0.0,405.99,90.36,1565.1,997.75,3561977.0,4.84,3.08,11009.05,20388.73,17263.14,37404040.0,5.97,5.06,10960.51,40966017.0,5374598.0,35591419.0,7.6222,2429.75,26.25,-657.54,-67.02,379.62,12.52,-2366.64,-60.19,-1508.73,-60.19,-5386163.0,-60.19,0.83,20.7,0.53,20.78,1888.44,20.71,-11700.41,-36.46,-9906.74,-36.46,-21464932.0,-36.46,-4.61,-43.57,-3.9,-43.53,-8448.98,-43.53,-26851095.0,-39.59,1117439.5,26.25,0.559,0.542,0.0017,0.0018,2.2041,3.115,0.2158,0.2344,0.3002,0.3002,0.5353
18,Soropia,Konawe,2030,7149.14,128.97,0.0,4529.79,126.36,0.0,0.0,303.57,83.34,0.0,0.0,0.0,0.0,0.0,0.0,815.58,690.55,1496221.12,6.45,5.46,11840.94,1496221.12,3287888.25,-1791667.12,0.4551,689.91,10.68,0.0,0.0,-1119.87,-89.86,0.0,0.0,0.0,0.0,0.0,0.0,0.0,0.0,0.0,0.0,0.0,0.0,-12369.54,-93.81,-10473.29,-93.81,-22692460.88,-93.81,-4.13,-39.04,-3.5,-39.06,-7568.54,-38.99,-22692460.88,-93.81,317288.0,10.68,0.0,0.5458,0.0,0.0003,0.0,19.1992,0.0,0.1499,0.6611,0.6611,0.8379
19,Tongauna,Konawe,2030,6791.25,794.52,0.0,727.83,1143.81,1390.77,0.0,647.55,21.6,6555.84,4179.35,14920276.0,4.71,3.01,10728.07,6890.46,5834.16,12640866.0,6.02,5.1,11051.54,27561142.0,3123298.0,24437844.0,8.8244,801.82,13.39,-612.18,-30.56,528.12,85.78,-1471.02,-18.33,-937.77,-18.33,-3347850.0,-18.33,0.7,17.46,0.46,18.04,1607.46,17.62,376.46,5.78,318.76,5.78,690640.0,5.78,-4.56,-43.1,-3.86,-43.08,-8357.95,-43.06,-2657210.0,-8.79,368760.75,13.39,0.4286,0.4704,0.0022,0.0028,6.2492,7.772,0.2645,0.2868,0.5251,0.5251,0.91
20,Latoma,Konawe,2030,14824.44,90922.5,0.0,2346.39,1278.36,0.0,0.0,265.77,90.63,0.0,0.0,0.0,0.0,0.0,0.0,8251.08,6986.19,15136986.0,6.45,5.46,11840.94,15136986.0,6817759.0,8319227.0,2.2202,3793.09,34.38,0.0,0.0,-841.32,-39.69,0.0,0.0,0.0,0.0,0.0,0.0,0.0,0.0,0.0,0.0,0.0,0.0,-14175.13,-63.21,-12002.09,-63.21,-26004914.0,-63.21,-4.13,-39.04,-3.5,-39.06,-7568.55,-38.99,-26004914.0,-63.21,1744437.0,34.38,0.0,1.2365,0.0,0.0019,0.0,26.1073,0.0,0.1132,0.1344,0.1344,0.1967
21,Puriala,Konawe,2030,11939.48,1795.23,438.03,8298.81,1198.98,1808.37,0.0,300.78,52.38,10509.67,6699.92,23918702.0,5.81,3.7,13226.66,7836.71,6635.34,14376797.0,6.54,5.53,11990.86,38295499.0,5490968.5,32804530.5,6.9743,1664.58,16.2,-2967.57,-62.14,196.65,19.62,-8629.99,-45.09,-5501.62,-45.09,-19640778.0,-45.09,1.8,44.89,1.15,45.1,4106.05,45.02,-2767.94,-26.1,-2343.62,-26.1,-5077911.0,-26.1,-4.04,-38.19,-3.43,-38.28,-7418.62,-38.22,-24718689.0,-39.23,765541.5,16.2,0.4375,0.4501,0.0025,0.0023,16.4139,16.9753,0.2847,0.2793,0.4974,0.4974,0.4845
22,Uepai,Konawe,2030,14519.19,7074.63,61.83,1732.32,2572.02,797.94,0.0,832.86,167.31,4586.53,2923.91,10438357.0,5.75,3.66,13081.63,15527.65,13147.26,28486180.0,6.04,5.11,11075.41,38924537.0,6677377.5,32247159.5,5.8293,1008.9,7.47,-521.55,-39.53,264.33,11.45,-701.35,-13.26,-447.11,-13.26,-1596196.0,-13.26,1.74,43.39,1.11,43.53,3961.02,43.43,-8887.71,-36.4,-7525.23,-36.4,-16304892.0,-36.4,-4.54,-42.91,-3.85,-42.97,-8334.07,-42.94,-17901088.0,-31.5,463993.0,7.47,0.4299,0.4956,0.0032,0.0036,17.3697,15.6358,0.277,0.285,0.3626,0.3626,0.877
23,Wonggeduku,Konawe,2030,10550.55,0.0,1049.31,2105.55,1041.93,1541.16,0.0,774.0,41.85,10279.64,6553.27,23395182.0,6.67,4.25,15180.24,7173.4,6073.72,13159929.0,6.88,5.83,12630.34,36555111.0,4852197.5,31702913.5,7.5337,2338.69,28.48,-1014.12,-39.69,334.62,47.31,39.31,0.38,25.06,0.38,89470.0,0.38,2.66,66.33,1.7,66.67,6059.63,66.44,-309.94,-4.14,-262.42,-4.14,-568595.0,-4.14,-3.7,-34.97,-3.13,-34.93,-6779.15,-34.93,-479125.0,-1.29,1075563.75,28.48,0.1246,0.0743,0.0013,0.001,13.5606,11.7933,0.2976,0.2932,0.6171,0.6171,0.5598
24,Besulutu,Konawe,2030,4438.96,1812.6,2522.16,3004.74,2209.14,0.0,0.0,72.9,82.62,0.0,0.0,0.0,0.0,0.0,0.0,15209.32,12877.73,27902184.0,6.88,5.83,12630.34,27902184.0,2041475.88,25860708.12,13.6677,1041.14,30.64,-0.18,-100.0,-253.35,-10.29,-0.72,-100.0,-0.46,-100.0,-1641.71,-100.0,-4.01,-100.0,-2.55,-100.0,-9120.61,-100.0,-10843.82,-41.62,-9181.47,-41.62,-19893488.0,-41.62,-3.7,-34.97,-3.13,-34.93,-6779.15,-34.93,-19895129.71,-41.62,478818.38,30.64,0.0,0.0461,0.0,0.0011,0.0,10.7422,0.0,0.3012,0.5716,0.5716,0.6214
25,Bondoala,Konawe,2030,1803.83,0.0,0.18,944.73,389.88,0.0,6.75,400.41,1037.88,0.0,0.0,0.0,0.0,0.0,0.0,2741.92,2321.58,5030174.0,7.03,5.95,12901.85,5030174.0,829579.31,4200594.69,6.0635,380.45,26.73,0.0,0.0,39.15,11.16,0.0,0.0,0.0,0.0,0.0,0.0,0.0,0.0,0.0,0.0,0.0,0.0,-968.8,-26.11,-820.29,-26.11,-1777315.0,-26.11,-3.55,-33.55,-3.01,-33.59,-6507.64,-33.53,-1777315.0,-26.11,174969.06,26.73,0.0,0.064,0.0,0.001,0.0,10.6609,0.0,0.2692,0.6366,0.6366,0.7697
26,Routa,Konawe,2030,9631.62,153377.73,2673.36,7231.59,5944.68,0.0,60.39,59.22,479.61,0.0,0.0,0.0,0.0,0.0,0.0,44712.41,37857.99,82027016.0,7.52,6.37,13798.39,82027016.0,4429580.5,77597435.5,18.518,1123.13,13.2,0.0,0.0,-1789.83,-23.14,0.0,0.0,0.0,0.0,0.0,0.0,0.0,0.0,0.0,0.0,0.0,0.0,-37118.71,-45.36,-31428.4,-45.36,-68095784.0,-45.36,-3.06,-28.92,-2.59,-28.91,-5611.09,-28.91,-68095784.0,-45.36,516531.75,13.2,0.0,0.8569,0.0,0.0073,0.0,59.0612,0.0,0.1974,0.1278,0.1278,0.1017
27,Anggaberi,Konawe,2030,7774.74,6083.73,2051.55,1716.21,1443.87,111.06,0.0,266.04,0.0,626.01,399.08,1424726.75,5.64,3.59,12828.44,8757.94,7415.35,16066829.0,6.07,5.14,11127.61,17491555.75,3575601.5,13915954.25,4.8919,1500.71,23.92,-306.99,-73.43,-343.71,-19.23,-1049.33,-62.63,-668.95,-62.63,-2388144.0,-62.63,1.63,40.65,1.04,40.78,3707.83,40.65,-10154.66,-53.69,-8597.95,-53.69,-18629175.0,-53.69,-4.51,-42.63,-3.82,-42.63,-8281.87,-42.67,-21017319.0,-54.58,690175.25,23.92,0.3196,0.377,0.0012,0.0022,6.7813,9.421,0.2571,0.3142,0.315,0.315,0.7118
28,Meluhu,Konawe,2030,9718.1,5919.93,4279.59,1005.57,988.29,331.47,0.0,404.91,0.0,1868.63,1191.25,4252764.0,5.64,3.59,12830.01,6462.46,5471.76,11855672.0,6.54,5.54,11996.15,16108436.0,4469356.0,11639080.0,3.6042,1112.58,12.93,-542.34,-62.07,-324.0,-24.69,-1633.18,-46.64,-1041.15,-46.64,-3716916.0,-46.64,1.63,40.65,1.04,40.78,3709.4,40.67,-7421.57,-53.45,-6283.85,-53.45,-13615200.0,-53.45,-4.04,-38.19,-3.42,-38.17,-7413.33,-38.19,-17332116.0,-51.83,511678.5,12.93,0.1142,0.1198,0.0003,0.0,6.499,3.6054,0.288,0.2637,0.4974,0.4974,0.6353
29,Amonggedo,Konawe,2030,15793.79,7955.46,3795.12,2484.54,1420.2,256.86,27.81,935.91,0.0,1639.07,1044.9,3730310.5,6.38,4.07,14522.74,9777.69,8278.77,17937606.0,6.88,5.83,12630.34,21667916.5,7263563.5,14404353.0,2.9831,2388.66,17.82,-1398.96,-84.49,-185.4,-11.55,-4996.66,-75.3,-3185.38,-75.3,-11371776.5,-75.3,2.37,59.1,1.52,59.61,5402.13,59.23,-7209.56,-42.44,-6104.33,-42.44,-13226264.0,-42.44,-3.7,-34.97,-3.13,-34.93,-6779.15,-34.93,-24598040.5,-53.17,1098544.0,17.82,0.0576,0.0336,0.0009,-0.0001,14.3773,5.0262,0.318,0.2773,0.3694,0.3694,0.5954
30,Asinua,Konawe,2030,11914.79,31766.13,0.0,3501.36,1445.22,1.8,0.0,166.95,111.33,9.41,6.0,21416.41,5.23,3.33,11898.01,8477.87,7178.21,15553027.0,5.87,4.97,10761.7,15574443.41,5479614.0,10094829.41,2.8423,2909.69,32.31,-177.39,-99.0,-581.58,-28.69,-708.7,-98.69,-451.79,-98.69,-1612905.71,-98.69,1.22,30.42,0.78,30.59,2777.4,30.45,-12965.67,-60.46,-10978.04,-60.46,-23786113.0,-60.46,-4.71,-44.52,-3.99,-44.53,-8647.78,-44.55,-25399018.71,-61.99,1338172.25,32.31,0.7333,0.768,0.0007,0.0008,5.5176,7.343,0.2412,0.2732,0.214,0.214,0.383
31,Konawe,Konawe,2030,5970.0,0.0,18.36,413.64,1486.71,91.17,0.0,339.12,66.87,571.81,364.53,1301368.12,6.27,4.0,14274.08,10042.96,8503.38,18424268.0,6.76,5.72,12392.64,19725636.12,2745602.5,16980033.62,7.1844,919.26,18.2,-255.87,-73.73,215.19,16.92,-818.96,-58.89,-522.09,-58.89,-1863848.13,-58.89,2.26,56.36,1.45,56.86,5153.47,56.5,-3409.72,-25.35,-2887.01,-25.35,-6255280.0,-25.35,-3.82,-36.11,-3.24,-36.16,-7016.84,-36.15,-8119128.13,-29.16,422767.5,18.2,0.2868,0.3088,0.0025,0.0022,17.5807,14.1881,0.2916,0.2783,0.6418,0.6418,0.8033
32,Kapoiala,Konawe,2030,1805.43,5.94,1.8,493.38,820.62,0.0,0.0,153.09,2047.95,0.0,0.0,0.0,0.0,0.0,0.0,5298.73,4486.43,9720749.0,6.46,5.47,11845.62,9720749.0,830319.19,8890429.81,11.7072,416.12,29.95,0.0,0.0,530.46,182.82,0.0,0.0,0.0,0.0,0.0,0.0,0.0,0.0,0.0,0.0,0.0,0.0,2228.84,72.6,1887.15,72.6,4088893.0,72.6,-4.12,-38.94,-3.49,-38.95,-7563.86,-38.97,4088893.0,72.6,191374.0,29.95,0.0,0.4097,0.0,-0.0019,0.0,16.124,0.0,0.209,0.6249,0.6249,0.7796
33,Lalonggasumeeto,Konawe,2030,6315.3,210.15,0.0,2647.53,72.9,0.0,0.0,276.39,0.18,0.0,0.0,0.0,0.0,0.0,0.0,470.53,398.4,863204.5,6.45,5.46,11840.94,863204.5,2904407.25,-2041202.75,0.2972,1195.46,23.35,0.0,0.0,-161.37,-68.88,0.0,0.0,0.0,0.0,0.0,0.0,0.0,0.0,0.0,0.0,0.0,0.0,-2008.05,-81.02,-1700.21,-81.02,-3683855.5,-81.02,-4.13,-39.04,-3.5,-39.06,-7568.54,-38.99,-3683855.5,-81.02,549791.5,23.35,0.0,0.7385,0.0,0.0079,0.0,27.6855,0.0,0.2162,0.5654,0.5654,0.8921
34,Onembute,Konawe,2030,11580.2,6787.62,261.63,4485.78,2868.75,621.18,0.0,185.85,0.0,3317.61,2114.98,7550462.0,5.34,3.4,12155.03,17281.73,14632.44,31704114.0,6.02,5.1,11051.54,39254576.0,5325734.0,33928842.0,7.3707,2429.59,26.55,-1360.53,-68.65,674.82,30.76,-4624.13,-58.23,-2947.88,-58.23,-10523942.0,-58.23,1.33,33.17,0.85,33.33,3034.42,33.27,-5930.05,-25.55,-5020.97,-25.55,-10878938.0,-25.55,-4.56,-43.1,-3.86,-43.08,-8357.95,-43.06,-21402880.0,-35.28,1117369.5,26.55,0.7028,0.6562,0.0042,0.0039,20.0395,20.4327,0.2331,0.2817,0.3535,0.3535,0.4966
35,Padangguni,Konawe,2030,10839.73,15844.68,144.72,1216.08,3485.43,500.67,0.0,663.48,0.0,2500.62,1594.14,5691089.0,4.99,3.18,11366.95,19606.54,16600.85,35969068.0,5.63,4.76,10319.84,41660157.0,4985190.5,36674966.5,8.3568,2334.69,27.45,-1566.81,-75.78,1226.52,54.3,-5784.84,-69.82,-3687.84,-69.82,-13165589.0,-69.82,0.98,24.44,0.63,24.71,2246.34,24.63,-4292.73,-17.96,-3634.66,-17.96,-7875216.0,-17.96,-4.95,-46.79,-4.2,-46.88,-9089.65,-46.83,-21040805.0,-33.56,1073723.5,27.45,0.6355,0.6066,0.0012,0.0004,4.2121,0.9045,0.2172,0.2298,0.2424,0.2424,0.4054
36,Morosi,Konawe,2030,3706.66,5482.89,532.89,1730.43,1257.66,303.21,1116.18,268.56,1237.86,1743.66,1111.58,3968353.75,5.75,3.67,13087.81,8661.24,7333.47,15889430.0,6.89,5.83,12634.12,19857783.75,1704691.25,18153092.5,11.6489,497.59,15.51,-702.36,-69.85,-100.17,-7.38,-2286.18,-56.73,-1457.44,-56.73,-5203057.25,-56.73,1.74,43.39,1.12,43.92,3967.2,43.5,-5704.6,-39.71,-4830.09,-39.71,-10465350.0,-39.71,-3.69,-34.88,-3.13,-34.93,-6775.36,-34.91,-15668407.25,-44.1,228838.75,15.51,0.3573,0.1853,0.0011,0.0012,15.1611,13.1556,0.2119,0.2482,0.4911,0.4911,0.6184
37,Anggalomoare,Konawe,2030,1748.59,0.0,21.06,1660.23,51.75,0.0,0.0,106.56,36.27,0.0,0.0,0.0,0.0,0.0,0.0,356.32,301.7,653691.06,6.89,5.83,12631.71,653691.06,804175.88,-150484.81,0.8129,170.57,10.81,0.0,0.0,51.39,14275.0,0.0,0.0,0.0,0.0,0.0,0.0,0.0,0.0,0.0,0.0,0.0,0.0,352.51,9252.23,298.48,9269.57,646703.65,9255.27,-3.69,-34.88,-3.13,-34.93,-6777.77,-34.92,646703.65,9255.27,78443.69,10.81,0.0,0.4629,0.0,0.0023,0.0,19.9043,0.0,0.1818,0.6305,0.6305,0.871
38,Wonggeduku Barat,Konawe,2030,6585.18,0.0,13.86,403.47,1586.16,1223.19,0.0,339.93,58.77,7692.97,4904.27,17508238.0,6.29,4.01,14313.59,10920.28,9246.2,20033738.0,6.88,5.83,12630.34,37541976.0,3028523.0,34513453.0,12.3961,1370.5,26.28,-1143.0,-48.31,861.75,118.96,-1789.58,-18.87,-1140.85,-18.87,-4072858.0,-18.87,2.28,56.86,1.46,57.25,5192.98,56.94,3256.02,42.48,2756.87,42.48,5973313.0,42.48,-3.7,-34.97,-3.13,-34.93,-6779.14,-34.93,1900455.0,5.33,630289.75,26.28,0.1874,0.2102,0.0017,0.002,14.4978,15.9586,0.2909,0.2946,0.5961,0.5961,0.6443
39,Tongauna Utara,Konawe,2030,8190.51,9529.02,1441.71,2056.95,794.34,2643.39,0.0,407.43,9.0,12437.4,7928.84,28305962.0,4.71,3.0,10708.2,4785.21,4051.64,8778683.0,6.02,5.1,11051.54,37084645.0,3766816.75,33317828.25,9.8451,1467.96,21.84,-1132.65,-30.0,347.22,77.66,-2695.15,-17.81,-1718.16,-17.81,-6133826.0,-17.81,0.7,17.46,0.45,17.65,1587.59,17.41,54.68,1.16,46.3,1.16,100314.0,1.16,-4.56,-43.1,-3.86,-43.08,-8357.95,-43.06,-6033512.0,-13.99,675114.0,21.84,0.4005,0.4091,0.0017,0.0017,0.8801,3.9923,0.2386,0.365,0.2745,0.2745,0.614
40,Napabalano,Muna,2030,11926.31,1596.42,34.92,69.93,5253.66,0.0,0.0,262.98,651.96,0.0,0.0,0.0,0.0,0.0,0.0,24976.58,21147.67,45820668.0,4.75,4.03,8721.67,45820668.0,5484909.0,40335759.0,8.354,1239.36,11.6,0.0,0.0,370.35,7.58,0.0,0.0,0.0,0.0,0.0,0.0,0.0,0.0,0.0,0.0,0.0,0.0,-14187.56,-36.23,-12012.61,-36.23,-26027724.0,-36.23,-3.27,-40.77,-2.76,-40.65,-5991.38,-40.72,-26027724.0,-36.23,569982.5,11.6,0.0,0.3693,0.0,0.0028,0.0,9.0048,0.0,0.2386,0.5029,0.5029,0.3268
41,Maligano,Muna,2030,5929.24,6959.07,0.0,186.93,4224.78,0.0,0.0,355.05,39.51,0.0,0.0,0.0,0.0,0.0,0.0,23834.59,20180.75,43725628.0,5.64,4.78,10349.8,43725628.0,2726857.25,40998770.75,16.0352,1607.62,37.2,0.0,0.0,429.21,11.31,0.0,0.0,0.0,0.0,0.0,0.0,0.0,0.0,0.0,0.0,0.0,0.0,-6605.88,-21.7,-5593.2,-21.7,-12118792.0,-21.7,-2.38,-29.68,-2.01,-29.6,-4363.25,-29.66,-12118792.0,-21.7,739342.37,37.2,0.0,-0.1688,0.0,0.0043,0.0,13.131,0.0,0.3075,0.434,0.434,0.4539
42,Wakorumba Selatan,Muna,2030,3783.78,5423.04,0.0,2419.47,1327.41,0.0,0.0,211.95,18.72,0.0,0.0,0.0,0.0,0.0,0.0,7926.97,6711.76,14542374.0,5.97,5.06,10955.45,14542374.0,1740158.75,12802215.25,8.3569,903.46,31.37,0.0,0.0,190.44,16.75,0.0,0.0,0.0,0.0,0.0,0.0,0.0,0.0,0.0,0.0,0.0,0.0,-1191.53,-13.07,-1008.87,-13.07,-2185924.0,-13.07,-2.05,-25.56,-1.73,-25.48,-3757.6,-25.54,-2185924.0,-13.07,415497.5,31.37,0.0,0.0647,0.0,0.0016,0.0,12.8255,0.0,0.2754,0.5047,0.5047,0.4196
43,Lasalepa,Muna,2030,16225.82,509.31,13.41,510.3,8106.03,0.0,0.0,538.11,252.0,0.0,0.0,0.0,0.0,0.0,0.0,39400.07,33360.04,72281208.0,4.86,4.12,8916.97,72281208.0,7462256.0,64818952.0,9.6862,368.46,2.32,0.0,0.0,-265.5,-3.17,0.0,0.0,0.0,0.0,0.0,0.0,0.0,0.0,0.0,0.0,0.0,0.0,-27739.6,-41.32,-23487.11,-41.32,-50889528.0,-41.32,-3.16,-39.4,-2.67,-39.32,-5796.08,-39.39,-50889528.0,-41.32,169454.5,2.32,0.0,0.153,0.0,0.004,0.0,11.0138,0.0,0.2727,0.5526,0.5526,0.3229
44,Batalaiworu,Muna,2030,9923.25,0.0,0.0,145.71,1084.86,0.0,0.0,565.02,215.73,0.0,0.0,0.0,0.0,0.0,0.0,4883.12,4134.54,8958307.0,4.5,3.81,8257.57,8958307.0,4563703.5,4394603.5,1.9629,-438.57,-4.23,0.0,0.0,-159.48,-12.82,0.0,0.0,0.0,0.0,0.0,0.0,0.0,0.0,0.0,0.0,0.0,0.0,-5096.49,-51.07,-4315.19,-51.07,-9349731.0,-51.07,-3.52,-43.89,-2.98,-43.89,-6455.48,-43.88,-9349731.0,-51.07,-201696.5,-4.23,0.0,0.0006,0.0,0.0043,0.0,13.0954,0.0,0.2939,0.707,0.707,0.3286
45,Katobu,Muna,2030,13248.43,0.0,0.0,183.15,102.51,0.0,0.0,478.44,102.96,0.0,0.0,0.0,0.0,0.0,0.0,446.73,378.25,819553.19,4.36,3.69,7994.86,819553.19,6092953.0,-5273399.81,0.1345,-700.69,-5.02,0.0,0.0,-103.32,-50.2,0.0,0.0,0.0,0.0,0.0,0.0,0.0,0.0,0.0,0.0,0.0,0.0,-1204.03,-72.94,-1019.45,-72.94,-2208833.81,-72.94,-3.66,-45.64,-3.1,-45.66,-6718.19,-45.66,-2208833.81,-72.94,-322249.0,-5.02,0.0,-0.0584,0.0,0.0052,0.0,13.4256,0.0,0.3035,0.8435,0.8435,0.3344
46,Duruka,Muna,2030,6807.95,14.4,0.0,642.69,413.19,0.0,0.0,230.58,45.72,0.0,0.0,0.0,0.0,0.0,0.0,1831.68,1550.89,3360305.5,4.43,3.75,8132.59,3360305.5,3130976.25,229329.25,1.0732,484.56,7.66,0.0,0.0,-321.21,-43.74,0.0,0.0,0.0,0.0,0.0,0.0,0.0,0.0,0.0,0.0,0.0,0.0,-4058.21,-68.9,-3436.08,-68.9,-7444960.5,-68.9,-3.59,-44.76,-3.04,-44.77,-6580.46,-44.73,-7444960.5,-68.9,222848.75,7.66,0.0,-0.1168,0.0,0.0019,0.0,12.2942,0.0,0.3142,0.7142,0.7142,0.3454
47,Lohia,Muna,2030,12522.67,2376.27,0.0,4593.69,1101.15,0.0,0.0,328.32,23.94,0.0,0.0,0.0,0.0,0.0,0.0,5253.73,4448.33,9638203.0,4.77,4.04,8752.85,9638203.0,5759177.5,3879025.5,1.6735,1289.14,11.48,0.0,0.0,-576.9,-34.38,0.0,0.0,0.0,0.0,0.0,0.0,0.0,0.0,0.0,0.0,0.0,0.0,-8204.23,-60.96,-6946.53,-60.96,-15051033.0,-60.96,-3.25,-40.52,-2.75,-40.5,-5960.2,-40.51,-15051033.0,-60.96,592875.0,11.48,0.0,0.0527,0.0,0.0036,0.0,12.213,0.0,0.2845,0.4811,0.4811,0.3571
48,Watopute,Muna,2030,14816.48,18.36,240.12,613.71,8899.11,0.0,0.0,597.42,0.0,0.0,0.0,0.0,0.0,0.0,0.0,37990.94,32166.93,69696088.0,4.27,3.61,7831.8,69696088.0,6814097.0,62881991.0,10.2282,1892.99,14.65,0.0,0.0,60.48,0.68,0.0,0.0,0.0,0.0,0.0,0.0,0.0,0.0,0.0,0.0,0.0,0.0,-32894.86,-46.41,-27852.09,-46.41,-60347144.0,-46.41,-3.75,-46.76,-3.18,-46.83,-6881.25,-46.77,-60347144.0,-46.41,870583.0,14.65,0.0,0.0972,0.0,0.0063,0.0,10.7325,0.0,0.2834,0.4451,0.4451,0.3489
49,Kontunaga,Muna,2030,6899.85,0.0,25.38,908.28,2923.83,0.0,0.0,304.2,0.0,0.0,0.0,0.0,0.0,0.0,0.0,10546.25,8929.51,19347576.0,3.61,3.05,6617.2,19347576.0,3173241.5,16174334.5,6.0971,505.0,7.9,0.0,0.0,153.63,5.55,0.0,0.0,0.0,0.0,0.0,0.0,0.0,0.0,0.0,0.0,0.0,0.0,-11670.75,-52.53,-9881.62,-52.53,-21410520.0,-52.53,-4.41,-54.99,-3.74,-55.08,-8095.85,-55.02,-21410520.0,-52.53,232249.25,7.9,0.0,-0.0355,0.0,0.0056,0.0,12.43,0.0,0.2953,0.5722,0.5722,0.3593
50,Kabangka,Muna,2030,15155.65,312.3,0.0,137.43,6481.17,0.0,0.0,801.09,648.45,0.0,0.0,0.0,0.0,0.0,0.0,31147.14,26372.28,57140824.0,4.81,4.07,8816.44,57140824.0,6970080.0,50170744.0,8.198,3363.28,28.52,-82.89,-100.0,117.9,1.85,-259.57,-100.0,-165.47,-100.0,-590745.19,-100.0,-3.13,-100.0,-2.0,-100.0,-7126.86,-100.0,-19886.28,-38.97,-16837.72,-38.97,-36482296.0,-38.97,-3.21,-40.02,-2.72,-40.06,-5896.61,-40.08,-37073041.19,-39.35,1546768.5,28.52,0.0,0.3789,0.0,0.0032,0.0,8.6257,0.0,0.2457,0.5517,0.5517,0.7346
51,Kabawo,Muna,2030,18876.28,1038.78,0.0,1030.95,11903.49,0.0,26.64,583.47,1226.61,0.0,0.0,0.0,0.0,0.0,0.0,58540.03,49565.84,107394304.0,4.92,4.16,9022.09,107394304.0,8681203.0,98713101.0,12.3709,4010.98,26.98,-70.83,-100.0,1617.12,15.72,-221.8,-100.0,-141.4,-100.0,-504795.34,-100.0,-3.13,-100.0,-2.0,-100.0,-7126.86,-100.0,-23956.65,-29.04,-20284.08,-29.04,-43949584.0,-29.04,-3.1,-38.65,-2.63,-38.73,-5690.96,-38.68,-44454379.34,-29.28,1844650.0,26.98,0.0,0.3415,0.0,0.0021,0.0,5.9676,0.0,0.2574,0.501,0.501,0.5344
52,Parigi,Muna,2030,19001.9,883.62,0.0,1885.14,8434.71,0.0,0.0,628.56,1487.07,0.0,0.0,0.0,0.0,0.0,0.0,43497.3,36829.16,79797760.0,5.16,4.37,9460.64,79797760.0,8738974.0,71058786.0,9.1313,3148.19,19.86,-73.35,-100.0,1182.69,16.31,-229.69,-100.0,-146.43,-100.0,-522754.97,-100.0,-3.13,-100.0,-2.0,-100.0,-7126.86,-100.0,-14663.9,-25.21,-12415.92,-25.21,-26901576.0,-25.21,-2.86,-35.66,-2.42,-35.64,-5252.41,-35.7,-27424330.97,-25.58,1447854.0,19.86,0.0,0.3979,0.0,0.0015,0.0,3.8578,0.0,0.2372,0.5259,0.5259,0.5444
53,Bone,Muna,2030,12662.5,289.98,0.0,2219.49,8661.24,0.0,0.0,130.95,0.0,0.0,0.0,0.0,0.0,0.0,0.0,44276.45,37488.87,81227144.0,5.11,4.33,9378.23,81227144.0,5823484.5,75403659.5,13.9482,1833.08,16.93,0.0,0.0,1876.68,27.66,0.0,0.0,0.0,0.0,0.0,0.0,0.0,0.0,0.0,0.0,0.0,0.0,-10135.71,-18.63,-8581.91,-18.63,-18594448.0,-18.63,-2.91,-36.28,-2.46,-36.23,-5334.82,-36.26,-18594448.0,-18.63,843034.5,16.93,0.0,0.4705,0.0,0.0013,0.0,-1.882,0.0,0.2207,0.5334,0.5334,0.5586
54,Tongkuno,Muna,2030,35149.12,9927.27,0.0,14424.21,10426.77,0.0,0.0,587.43,0.0,0.0,0.0,0.0,0.0,0.0,0.0,54599.86,46229.71,100165896.0,5.24,4.43,9606.61,100165896.0,16165076.0,84000820.0,6.1964,4365.05,14.18,0.0,0.0,317.88,3.14,0.0,0.0,0.0,0.0,0.0,0.0,0.0,0.0,0.0,0.0,0.0,0.0,-26473.46,-32.65,-22415.06,-32.65,-48566744.0,-32.65,-2.78,-34.66,-2.36,-34.76,-5106.44,-34.71,-48566744.0,-32.65,2007480.0,14.18,0.0,0.3728,0.0,0.0021,0.0,2.3699,0.0,0.2362,0.4247,0.4247,0.5103
55,Pasir Putih,Muna,2030,4213.12,5730.84,0.0,2455.29,1694.97,0.0,0.0,140.04,0.0,0.0,0.0,0.0,0.0,0.0,0.0,9577.55,8109.31,17570452.0,5.65,4.78,10366.23,17570452.0,1937612.5,15632839.5,9.0681,857.79,25.56,0.0,0.0,-132.93,-7.27,0.0,0.0,0.0,0.0,0.0,0.0,0.0,0.0,0.0,0.0,0.0,0.0,-5082.21,-34.67,-4303.11,-34.67,-9323536.0,-34.67,-2.37,-29.55,-2.01,-29.6,-4346.82,-29.54,-9323536.0,-34.67,394497.25,25.56,0.0,0.3555,0.0,0.001,0.0,5.7695,0.0,0.2247,0.5055,0.5055,0.4187
56,Kontu Kowuna,Muna,2030,4799.55,0.0,0.0,0.63,3236.13,0.0,0.0,339.03,0.0,0.0,0.0,0.0,0.0,0.0,0.0,15384.98,13026.46,28224444.0,4.75,4.03,8721.67,28224444.0,2207314.75,26017129.25,12.7868,974.55,25.48,0.0,0.0,104.85,3.35,0.0,0.0,0.0,0.0,0.0,0.0,0.0,0.0,0.0,0.0,0.0,0.0,-9727.88,-38.74,-8236.6,-38.74,-17846240.0,-38.74,-3.27,-40.77,-2.76,-40.65,-5991.38,-40.72,-17846240.0,-38.74,448196.25,25.48,0.0,0.3425,0.0,0.0039,0.0,8.9368,0.0,0.2456,0.5272,0.5272,0.5562
57,Marobo,Muna,2030,8914.95,408.24,0.0,1177.2,2458.98,0.0,0.0,145.8,41.76,0.0,0.0,0.0,0.0,0.0,0.0,11690.17,9898.07,21446138.0,4.75,4.03,8721.56,21446138.0,4099985.0,17346153.0,5.2308,1657.37,22.84,0.0,0.0,45.36,1.88,0.0,0.0,0.0,0.0,0.0,0.0,0.0,0.0,0.0,0.0,0.0,0.0,-7667.06,-39.61,-6491.7,-39.61,-14065578.0,-39.61,-3.27,-40.77,-2.76,-40.65,-5991.49,-40.72,-14065578.0,-39.61,762221.75,22.84,0.0,0.5134,0.0,0.0003,0.0,2.4151,0.0,0.2182,0.619,0.619,0.5149
58,Tongkuno Selatan,Muna,2030,10114.96,23.22,0.0,1737.0,2925.99,0.0,0.0,120.51,0.0,0.0,0.0,0.0,0.0,0.0,0.0,15434.44,13068.34,28315172.0,5.27,4.47,9677.13,28315172.0,4651872.0,23663300.0,6.0868,2161.11,27.17,0.0,0.0,162.54,5.88,0.0,0.0,0.0,0.0,0.0,0.0,0.0,0.0,0.0,0.0,0.0,0.0,-6728.43,-30.36,-5696.96,-30.36,-12343608.0,-30.36,-2.75,-34.29,-2.32,-34.17,-5035.92,-34.23,-12343608.0,-30.36,993895.0,27.17,0.0,0.4012,0.0,0.0015,0.0,-2.441,0.0,0.2217,0.4757,0.4757,0.6339
59,Pasi Kolaga,Muna,2030,1928.25,57.42,0.0,46.08,1353.78,0.0,0.0,201.33,0.18,0.0,0.0,0.0,0.0,0.0,0.0,7945.72,6727.64,14576781.0,5.87,4.97,10767.47,14576781.0,886803.44,13689977.56,16.4374,576.31,42.63,0.0,0.0,-103.05,-7.07,0.0,0.0,0.0,0.0,0.0,0.0,0.0,0.0,0.0,0.0,0.0,0.0,-3738.06,-31.99,-3165.01,-31.99,-6857633.0,-31.99,-2.15,-26.81,-1.82,-26.8,-3945.58,-26.82,-6857633.0,-31.99,265048.5,42.63,0.0,0.37,0.0,0.0015,0.0,3.6454,0.0,0.2343,0.5239,0.5239,0.4472
60,Batukara,Muna,2030,3324.0,5644.89,0.0,381.87,2069.28,0.0,0.0,173.97,4.77,0.0,0.0,0.0,0.0,0.0,0.0,12569.52,10642.61,23059340.0,6.07,5.14,11143.65,23059340.0,1528708.62,21530631.38,15.0842,849.39,34.32,0.0,0.0,-74.43,-3.47,0.0,0.0,0.0,0.0,0.0,0.0,0.0,0.0,0.0,0.0,0.0,0.0,-4623.03,-26.89,-3914.32,-26.89,-8481176.0,-26.89,-1.95,-24.31,-1.65,-24.3,-3569.4,-24.26,-8481176.0,-26.89,390637.37,34.32,0.0,-0.0204,0.0,0.0035,0.0,14.2027,0.0,0.2779,0.4668,0.4668,0.4626
61,Towea,Muna,2030,5960.23,1444.68,0.0,524.97,622.17,0.0,0.0,71.82,115.56,0.0,0.0,0.0,0.0,0.0,0.0,3228.36,2733.46,5922578.5,5.19,4.39,9519.23,5922578.5,2741110.5,3181468.0,2.1606,1600.95,36.73,0.0,0.0,-70.02,-10.12,0.0,0.0,0.0,0.0,0.0,0.0,0.0,0.0,0.0,0.0,0.0,0.0,-2323.0,-41.85,-1966.88,-41.85,-4261648.5,-41.85,-2.83,-35.29,-2.4,-35.35,-5193.82,-35.3,-4261648.5,-41.85,736279.0,36.73,0.0,0.4877,0.0,0.0022,0.0,6.8294,0.0,0.2148,0.3255,0.3255,0.3745
62,Pasarwajo,Buton,2030,52774.25,18716.76,0.0,6651.54,6103.89,0.0,0.0,1525.41,16.02,0.0,0.0,0.0,0.0,0.0,0.0,78951.17,66847.96,144839520.0,12.93,10.95,23729.05,144839520.0,24270878.0,120568642.0,5.9676,10622.6,25.2,0.0,0.0,-1228.41,-16.75,0.0,0.0,0.0,0.0,0.0,0.0,0.0,0.0,0.0,0.0,0.0,0.0,-58236.16,-42.45,-49308.55,-42.45,-106836800.0,-42.45,-5.78,-30.89,-4.89,-30.87,-10595.28,-30.87,-106836800.0,-42.45,4885332.0,25.2,0.0,0.5222,0.0,0.0017,0.0,4.1993,0.0,0.2052,0.3361,0.3361,0.558
63,Kapontori,Buton,2030,43904.78,35406.81,0.0,6235.29,4536.9,1.17,127.35,544.23,14.58,5.88,3.75,13380.59,5.03,3.2,11436.4,65386.42,55362.67,119954288.0,14.41,12.2,26439.7,119967668.59,20191806.0,99775862.59,5.9414,10255.58,30.48,-490.95,-99.76,-458.91,-9.19,-1375.0,-99.57,-876.56,-99.57,-3129340.66,-99.57,2.22,79.0,1.41,78.77,5050.31,79.08,-28085.19,-30.05,-23779.74,-30.05,-51523632.0,-30.05,-4.3,-22.98,-3.64,-22.98,-7884.65,-22.97,-54652972.66,-31.3,4716539.0,30.48,-0.6279,0.3385,0.0097,0.0005,11.0845,13.5751,0.4193,0.246,0.3808,0.3808,0.4812
64,Lasalimu,Buton,2030,31179.88,18497.25,19.62,3610.53,8964.36,56.97,0.0,317.61,76.59,254.47,162.22,579139.25,4.47,2.85,10165.69,102891.73,87118.45,188759472.0,11.48,9.72,21056.66,189338611.25,14339619.0,174998992.25,13.2039,7483.79,31.58,-72.99,-56.16,1301.31,16.98,-110.2,-30.22,-70.26,-30.22,-250796.56,-30.22,1.66,59.07,1.06,59.22,3779.6,59.18,-40483.91,-28.24,-34277.73,-28.24,-74269664.0,-28.24,-7.23,-38.64,-6.12,-38.64,-13267.68,-38.65,-74520460.56,-28.24,3441786.0,31.58,0.2094,0.3368,-0.0009,0.0006,13.4952,6.7794,0.2673,0.2411,0.4918,0.4918,0.2938
65,Lasalimu Selatan,Buton,2030,8890.27,3283.29,0.0,1659.69,9107.64,1.8,0.0,617.22,29.25,3.02,1.92,6861.84,1.68,1.07,3812.13,83990.41,71114.69,154084176.0,9.22,7.81,16918.12,154091037.84,4088635.25,150002402.59,37.6876,1879.33,26.81,-225.27,-99.21,1743.93,23.68,-634.14,-99.53,-404.27,-99.53,-1443227.16,-99.53,-1.13,-40.21,-0.72,-40.22,-2573.96,-40.31,-53784.61,-39.04,-45539.42,-39.04,-98670272.0,-39.04,-9.49,-50.72,-8.03,-50.69,-17406.21,-50.71,-100113499.16,-39.38,864303.5,26.81,0.5885,0.5292,-0.0007,-0.0019,-2.629,-2.265,0.1926,0.2036,0.4696,0.4696,0.2024
66,Siotapina,Buton,2030,15063.71,15289.38,0.0,3733.11,5152.68,0.0,0.0,703.44,1.17,0.0,0.0,0.0,0.0,0.0,0.0,50966.76,43153.57,93500808.0,9.89,8.37,18146.05,93500808.0,6927799.0,86573009.0,13.4965,3031.6,25.2,0.0,0.0,-473.13,-8.41,0.0,0.0,0.0,0.0,0.0,0.0,0.0,0.0,0.0,0.0,0.0,0.0,-54292.13,-51.58,-45969.14,-51.58,-99601384.0,-51.58,-8.82,-47.14,-7.47,-47.16,-16178.29,-47.13,-99601384.0,-51.58,1394232.5,25.2,0.0,0.4215,0.0,-0.0064,0.0,-7.4116,0.0,0.2142,0.3206,0.3206,0.2566
67,Wolowa,Buton,2030,8717.38,6199.11,0.0,1541.52,1404.0,0.0,0.0,281.16,28.26,0.0,0.0,0.0,0.0,0.0,0.0,18896.87,15999.98,34667160.0,13.46,11.4,24691.71,34667160.0,4009122.75,30658037.25,8.6471,2268.67,35.18,0.0,0.0,-263.34,-15.79,0.0,0.0,0.0,0.0,0.0,0.0,0.0,0.0,0.0,0.0,0.0,0.0,-12299.07,-39.43,-10413.62,-39.43,-22563180.0,-39.43,-5.25,-28.06,-4.44,-28.03,-9632.63,-28.06,-22563180.0,-39.43,1043358.5,35.18,0.0,0.5055,0.0,0.0003,0.0,2.6713,0.0,0.1923,0.2853,0.2853,0.3615
68,Wabula,Buton,2030,6039.46,2879.37,0.0,3216.51,48.24,0.0,0.0,194.85,0.0,0.0,0.0,0.0,0.0,0.0,0.0,557.83,472.32,1023372.94,11.56,9.79,21214.2,1023372.94,2777549.5,-1754176.56,0.3684,1018.6,20.29,0.0,0.0,-196.38,-80.28,0.0,0.0,0.0,0.0,0.0,0.0,0.0,0.0,0.0,0.0,0.0,0.0,-4019.01,-87.81,-3402.89,-87.81,-7373045.06,-87.81,-7.15,-38.21,-6.05,-38.19,-13110.13,-38.19,-7373045.06,-87.81,468458.25,20.29,0.0,1.0495,0.0,0.0035,0.0,-28.7671,0.0,0.1631,0.3184,0.3184,0.4612
69,Tinanggea,Konawe Selatan,2030,38437.88,4436.46,1611.99,7426.53,13625.82,55.98,950.94,1079.1,4321.26,156.07,99.5,355204.94,2.79,1.78,6345.21,141620.36,119909.98,259808944.0,10.39,8.8,19067.4,260164148.94,17677580.0,242486568.94,14.7172,6724.89,21.21,-714.42,-92.73,-717.93,-5.01,-2314.15,-93.68,-1475.27,-93.68,-5266711.06,-93.68,-0.42,-13.08,-0.26,-12.75,-952.19,-13.05,-132918.98,-48.42,-112542.52,-48.42,-243845936.0,-48.42,-8.75,-45.72,-7.41,-45.71,-16045.79,-45.7,-249112647.06,-48.91,3092773.0,21.21,0.4967,0.4882,0.0023,-0.0037,4.7522,-2.9197,0.2598,0.2256,0.4312,0.4312,0.6065
70,Angata,Konawe Selatan,2030,22045.36,2407.95,55.62,17080.65,5994.63,1056.87,0.0,1110.06,0.0,6360.47,4054.8,14475625.0,6.02,3.84,13696.69,84973.21,71946.84,155887200.0,14.17,12.0,26004.47,170362825.0,10138661.0,160224164.0,16.8033,3909.45,21.56,-3485.79,-76.73,956.07,18.98,-8205.18,-56.33,-5230.8,-56.33,-18673979.0,-56.33,2.81,87.54,1.8,88.24,6399.29,87.69,-11464.84,-11.89,-9707.25,-11.89,-21032704.0,-11.89,-4.97,-25.97,-4.21,-25.97,-9108.72,-25.94,-39706683.0,-18.9,1797951.0,21.56,0.5325,0.6505,0.0029,0.0038,21.1671,21.674,0.2454,0.2361,0.396,0.396,0.3827
71,Andoolo,Konawe Selatan,2030,25891.73,0.0,2220.66,432.72,7003.8,0.0,0.0,195.48,0.0,0.0,0.0,0.0,0.0,0.0,0.0,87890.83,74417.16,161239712.0,12.55,10.63,23021.75,161239712.0,11907608.0,149332104.0,13.5409,7577.95,41.38,0.0,0.0,-708.12,-9.18,0.0,0.0,0.0,0.0,0.0,0.0,0.0,0.0,0.0,0.0,0.0,0.0,-59715.31,-40.46,-50560.98,-40.46,-109550400.0,-40.46,-6.59,-34.43,-5.58,-34.42,-12091.44,-34.44,-109550400.0,-40.46,3485100.0,41.38,0.0,0.5397,0.0,0.0007,0.0,4.8959,0.0,0.2225,0.5647,0.5647,0.6593
72,Palangga,Konawe Selatan,2030,24288.15,96.84,3317.22,2549.25,9580.41,31.68,0.0,255.15,83.25,144.19,91.92,328147.69,4.55,2.9,10358.2,96883.48,82031.25,177737088.0,10.11,8.56,18552.14,178065235.69,11170119.0,166895116.69,15.9412,5785.91,31.27,-920.16,-96.67,1743.75,22.25,-2907.8,-95.28,-1853.73,-95.28,-6617807.31,-95.28,1.34,41.74,0.86,42.16,3060.8,41.94,-53110.18,-35.41,-44968.39,-35.41,-97433024.0,-35.41,-9.03,-47.18,-7.65,-47.19,-16561.05,-47.16,-104050831.31,-36.88,2660938.0,31.27,0.9823,0.6212,0.0247,-0.0011,14.0581,-2.0967,0.0501,0.2071,0.4855,0.4855,0.6074
73,Landono,Konawe Selatan,2030,15460.25,5323.95,1774.53,3548.88,1032.3,251.91,0.0,726.12,13.32,1570.88,1001.43,3575121.5,6.24,3.98,14192.06,15557.41,13172.46,28540776.0,15.07,12.76,27647.75,32115897.5,7110168.5,25005729.0,4.5169,3057.44,24.65,-1325.25,-84.03,199.08,23.89,-3486.15,-68.94,-2222.43,-68.94,-7934044.5,-68.94,3.03,94.39,1.94,95.1,6894.66,94.48,-390.42,-2.45,-330.57,-2.45,-716238.0,-2.45,-4.07,-21.26,-3.45,-21.28,-7465.44,-21.26,-8650282.5,-21.22,1406115.0,24.65,0.2814,0.2676,0.0011,0.0009,14.7075,14.1972,0.265,0.2645,0.4022,0.4022,0.608
74,Lainea,Konawe Selatan,2030,21030.73,6886.62,1571.31,6325.74,5830.56,31.59,554.22,584.82,1621.17,80.87,51.56,184052.16,2.56,1.63,5826.28,45091.5,38178.97,82722392.0,7.73,6.55,14187.73,82906444.16,9672036.0,73234408.16,8.5718,2880.22,15.87,-1255.41,-97.55,1455.03,33.25,-4045.79,-98.04,-2579.18,-98.04,-9207698.84,-98.04,-0.65,-20.25,-0.41,-20.1,-1471.12,-20.16,-38656.14,-46.16,-32730.17,-46.16,-70916392.0,-46.16,-11.41,-59.61,-9.66,-59.59,-20925.45,-59.59,-80124090.84,-49.15,1324614.0,15.87,0.8402,0.7088,0.004,0.0062,-11.5183,-7.7573,0.1447,0.1635,0.3882,0.3882,0.5372
75,Konda,Konawe Selatan,2030,33064.98,3959.55,3.78,868.05,4969.98,1356.12,0.0,1420.47,0.0,7022.73,4476.99,15982860.0,5.18,3.3,11785.73,72892.41,61718.0,133724392.0,14.67,12.42,26906.42,149707252.0,15206584.0,134500668.0,9.8449,6953.31,26.63,-1049.22,-43.62,771.48,18.38,-689.79,-8.94,-439.74,-8.94,-1569864.0,-8.94,1.97,61.37,1.26,61.76,4488.33,61.51,-7466.87,-9.29,-6322.21,-9.29,-13698312.0,-9.29,-4.47,-23.35,-3.79,-23.38,-8206.76,-23.37,-15268176.0,-9.25,3197829.0,26.63,0.1018,0.2679,-0.001,0.001,3.588,9.5887,0.2985,0.2456,0.5193,0.5193,0.8616
76,Ranomeeto,Konawe Selatan,2030,32951.95,3226.23,62.64,2891.34,1975.41,1.62,0.0,1038.87,0.0,9.12,5.82,20764.86,5.63,3.59,12817.81,29770.68,25206.84,54615648.0,15.07,12.76,27647.75,54636412.86,15154601.0,39481811.86,3.6053,5715.34,20.98,-280.08,-99.42,282.42,16.68,-894.13,-98.99,-570.0,-98.99,-2034912.26,-98.99,2.42,75.39,1.55,75.98,5520.41,75.65,-2633.15,-8.13,-2229.48,-8.13,-4830632.0,-8.13,-4.07,-21.26,-3.45,-21.28,-7465.44,-21.26,-6865544.26,-11.16,2628485.0,20.98,0.236,0.2521,0.0016,0.0009,10.2982,10.8548,0.2637,0.2486,0.5453,0.5453,0.8634
77,Kolono,Konawe Selatan,2030,19667.69,10418.67,752.13,11134.53,5380.83,77.67,29.16,656.55,1325.88,193.03,123.06,439313.09,2.49,1.58,5656.15,52589.09,44527.18,96477064.0,9.77,8.28,17929.77,96916377.09,9045176.0,87871201.09,10.7147,4014.73,25.65,-201.24,-72.15,1027.98,23.62,-701.27,-78.42,-447.06,-78.42,-1596004.29,-78.42,-0.72,-22.43,-0.46,-22.55,-1641.25,-22.49,-30724.46,-36.88,-26014.41,-36.88,-56365352.0,-36.88,-9.37,-48.96,-7.93,-48.92,-17183.41,-48.94,-57961356.29,-37.42,1846380.0,25.65,0.5318,0.4785,-0.0007,0.0077,-1.0866,-0.6758,0.2157,0.1722,0.3804,0.3804,0.5427
78,Moramo,Konawe Selatan,2030,34542.1,7864.2,330.39,12838.95,3429.9,129.42,0.27,515.16,601.74,390.58,248.99,888903.62,3.02,1.92,6868.36,40437.06,34238.07,74183632.0,11.79,9.98,21628.51,75072535.62,15885909.0,59186626.62,4.7257,8943.55,34.94,-634.95,-83.07,1541.52,81.63,-2060.31,-84.06,-1313.45,-84.06,-4689008.88,-84.06,-0.19,-5.92,-0.12,-5.88,-429.04,-5.88,4293.46,11.88,3635.28,11.88,7876588.0,11.88,-7.35,-38.4,-6.23,-38.43,-13484.68,-38.4,3187579.12,4.43,4113139.0,34.94,0.3129,0.0331,0.0026,0.0008,8.0422,1.1013,0.3128,0.2013,0.4306,0.4306,0.532
79,Laonti,Konawe Selatan,2030,13827.21,29030.04,0.0,3873.87,4122.54,0.0,77.76,225.45,141.21,0.0,0.0,0.0,0.0,0.0,0.0,39602.57,33531.5,72652704.0,9.61,8.13,17623.29,72652704.0,6359135.0,66293569.0,11.4249,2520.27,22.29,0.0,0.0,236.97,6.1,0.0,0.0,0.0,0.0,0.0,0.0,0.0,0.0,0.0,0.0,0.0,0.0,-34767.23,-46.75,-29437.43,-46.75,-63782048.0,-46.75,-9.53,-49.79,-8.08,-49.85,-17489.9,-49.81,-63782048.0,-46.75,1159072.5,22.29,0.0,0.5509,0.0,-0.0012,0.0,8.4865,0.0,0.2015,0.1972,0.1972,0.4022
80,Lalembuu,Konawe Selatan,2030,17818.66,4967.28,788.85,1620.99,8892.63,1239.03,383.94,1014.03,0.0,4201.28,2678.32,9561589.0,3.39,2.16,7717.0,94655.24,80144.6,173649328.0,10.64,9.01,19527.33,183210917.0,8194798.5,175016118.5,22.357,2383.06,15.44,-1415.34,-53.32,1248.21,16.33,-4309.73,-50.64,-2747.45,-50.64,-9808405.0,-50.64,0.18,5.61,0.12,5.88,419.6,5.75,-51658.98,-35.31,-43739.64,-35.31,-94770640.0,-35.31,-8.5,-44.41,-7.2,-44.42,-15585.86,-44.39,-104579045.0,-36.34,1095964.5,15.44,0.7488,0.5923,0.0082,-0.0008,15.3231,13.7101,0.2042,0.2488,0.4259,0.4259,0.3756
81,Benua,Konawe Selatan,2030,10300.24,1191.42,132.66,356.58,8577.63,0.0,0.0,334.53,0.0,0.0,0.0,0.0,0.0,0.0,0.0,119284.82,100998.47,218833328.0,13.91,11.77,25512.1,218833328.0,4737078.5,214096249.5,46.1958,1964.98,23.57,0.0,0.0,638.01,8.04,0.0,0.0,0.0,0.0,0.0,0.0,0.0,0.0,0.0,0.0,0.0,0.0,-32679.46,-21.5,-27669.73,-21.5,-59952016.0,-21.5,-5.23,-27.32,-4.44,-27.39,-9601.08,-27.34,-59952016.0,-21.5,903691.25,23.57,0.0,0.6304,0.0,0.0025,0.0,17.1929,0.0,0.2456,0.5457,0.5457,0.3583
82,Palangga Selatan,Konawe Selatan,2030,14864.62,560.34,875.43,357.3,7377.3,0.0,596.52,255.96,808.92,0.0,0.0,0.0,0.0,0.0,0.0,56893.43,48171.65,104373536.0,7.71,6.53,14147.93,104373536.0,6836239.5,97537296.5,15.2677,2775.57,22.96,-658.17,-100.0,1234.98,20.11,-2110.37,-100.0,-1345.36,-100.0,-4802928.5,-100.0,-3.21,-100.0,-2.04,-100.0,-7297.4,-100.0,-60670.58,-51.61,-51369.78,-51.61,-111302896.0,-51.61,-11.43,-59.72,-9.68,-59.72,-20965.26,-59.71,-116105824.5,-52.66,1276484.5,22.96,0.0,0.785,0.0,-0.0024,0.0,-14.9037,0.0,0.1843,0.5513,0.5513,0.5686
83,Mowila,Konawe Selatan,2030,18908.05,3213.09,295.38,4394.61,3025.53,1207.08,0.0,681.84,16.2,8015.3,5109.75,18241826.0,6.64,4.23,15112.36,45596.65,38606.7,83649112.0,15.07,12.76,27647.75,101890938.0,8695813.0,93195125.0,11.7172,3999.57,26.83,-1562.58,-56.42,692.55,29.69,-865.38,-9.74,-551.68,-9.74,-1969490.0,-9.74,3.43,106.85,2.19,107.35,7814.96,107.09,943.41,2.11,798.81,2.11,1730744.0,2.11,-4.07,-21.26,-3.45,-21.28,-7465.44,-21.26,-238746.0,-0.23,1839402.5,26.83,0.3147,0.4026,0.0013,0.0014,15.6147,16.198,0.276,0.2686,0.4814,0.4814,0.4788
84,Moramo Utara,Konawe Selatan,2030,26113.29,7309.08,3.06,979.83,7834.23,26.28,27.27,349.74,85.95,123.96,79.02,282108.44,4.72,3.01,10734.72,107805.52,91278.95,197774096.0,13.76,11.65,25244.87,198056204.44,12009502.0,186046702.44,16.4916,8564.17,48.8,-67.77,-72.06,1678.95,27.28,-177.6,-58.89,-113.23,-58.9,-404211.94,-58.9,1.51,47.04,0.97,47.55,3437.32,47.1,-10006.53,-8.49,-8472.53,-8.49,-18357456.0,-8.49,-5.38,-28.11,-4.56,-28.13,-9868.33,-28.1,-18761667.94,-8.65,3938663.0,48.8,0.2431,0.304,0.0009,0.0011,9.3896,9.3719,0.2341,0.2351,0.399,0.399,0.7573
85,Buke,Konawe Selatan,2030,16328.6,579.06,7.47,1825.29,11833.83,0.0,0.0,882.54,0.0,0.0,0.0,0.0,0.0,0.0,0.0,177821.09,150561.19,326220832.0,15.03,12.72,27566.8,326220832.0,7509523.0,318711309.0,43.441,3791.31,30.24,0.0,0.0,1040.76,9.64,0.0,0.0,0.0,0.0,0.0,0.0,0.0,0.0,0.0,0.0,0.0,0.0,-28758.29,-13.92,-24349.58,-13.92,-52758336.0,-13.92,-4.11,-21.47,-3.49,-21.53,-7546.39,-21.49,-52758336.0,-13.92,1743624.0,30.24,0.0,0.5082,0.0,0.0001,0.0,11.7488,0.0,0.2432,0.4777,0.4777,0.4594
86,Wolasi,Konawe Selatan,2030,13675.35,10302.93,5.49,714.15,4285.35,0.0,0.0,42.39,0.0,0.0,0.0,0.0,0.0,0.0,0.0,58976.68,49935.57,108195400.0,13.76,11.65,25247.74,108195400.0,6289291.5,101906108.5,17.2031,3618.08,35.97,-136.89,-100.0,1039.41,32.02,-438.93,-100.0,-279.82,-100.0,-998940.88,-100.0,-3.21,-100.0,-2.04,-100.0,-7297.4,-100.0,-3150.61,-5.07,-2667.61,-5.07,-5779912.0,-5.07,-5.38,-28.11,-4.56,-28.13,-9865.45,-28.1,-6778852.88,-5.9,1663951.0,35.97,0.0,0.4045,0.0,0.0008,0.0,5.2479,0.0,0.2239,0.324,0.324,0.6806
87,Laeya,Konawe Selatan,2030,41934.8,8480.34,1831.05,1854.81,12658.5,797.94,122.22,769.68,1053.99,2497.92,1592.42,5684958.0,3.13,2.0,7124.54,114408.38,96869.59,209887312.0,9.04,7.65,16580.74,215572270.0,19285820.0,196286450.0,11.1778,9531.68,29.42,-1512.45,-65.46,1189.17,10.37,-4910.15,-66.28,-3130.22,-66.28,-11174878.0,-66.28,-0.08,-2.49,-0.04,-1.96,-172.86,-2.37,-105114.57,-47.88,-89000.55,-47.88,-192837520.0,-47.88,-10.1,-52.77,-8.56,-52.81,-18532.46,-52.78,-204012398.0,-48.62,4383629.0,29.42,0.8241,0.6676,0.0072,-0.0023,0.2631,-8.2089,0.1554,0.2014,0.4116,0.4116,0.7237
88,Baito,Konawe Selatan,2030,15217.75,7672.77,1.98,4448.7,6314.04,58.77,0.0,129.78,12.51,306.07,195.12,696566.62,5.21,3.32,11852.42,91615.98,77571.26,168073616.0,14.51,12.29,26619.03,168770182.62,6998642.5,161771540.12,24.1147,3546.91,30.39,-500.58,-89.49,992.16,18.64,-1487.44,-82.93,-948.24,-82.93,-3385233.13,-82.93,2.0,62.31,1.28,62.75,4555.02,62.42,-10244.79,-10.06,-8674.26,-10.06,-18794560.0,-10.06,-4.63,-24.19,-3.92,-24.18,-8494.16,-24.19,-22179793.13,-11.62,1631223.5,30.39,0.5557,0.4995,0.0014,-0.0011,10.7148,7.1862,0.2166,0.2356,0.3186,0.3186,0.5466
89,Basala,Konawe Selatan,2030,9573.87,46.44,0.0,164.16,6601.68,1035.99,0.0,378.81,0.0,4252.2,2710.78,9677474.0,4.1,2.62,9341.28,76127.47,64457.14,139659280.0,11.53,9.76,21155.11,149336754.0,4403023.5,144933730.5,33.9169,1279.05,15.42,-599.67,-36.66,1225.44,22.79,-992.4,-18.92,-632.66,-18.92,-2258588.0,-18.92,0.89,27.73,0.58,28.43,2043.88,28.01,-26773.77,-26.02,-22669.34,-26.02,-49117664.0,-26.02,-7.61,-39.76,-6.45,-39.79,-13958.08,-39.75,-51376252.0,-25.6,588238.25,15.42,0.7454,0.6517,0.0052,0.0027,18.6876,18.3597,0.2248,0.2498,0.5782,0.5782,0.3321
90,Ranomeeto Barat,Konawe Selatan,2030,9622.26,0.0,1641.69,4677.12,18.81,7.74,0.0,179.28,34.11,47.55,30.32,108228.96,6.14,3.92,13983.07,283.48,240.02,520054.25,15.07,12.76,27647.75,628283.21,4425277.5,-3796994.29,0.142,1798.45,22.99,-450.18,-98.31,-124.02,-86.83,-1420.73,-96.76,-905.71,-96.76,-3233395.79,-96.76,2.93,91.28,1.88,92.16,6685.67,91.62,-2450.29,-89.63,-2074.66,-89.63,-4495162.75,-89.63,-4.07,-21.26,-3.45,-21.28,-7465.44,-21.26,-7728558.54,-92.48,827107.75,22.99,0.2267,0.021,0.0012,-0.0013,11.2098,1.4524,0.2902,0.2329,0.5644,0.5644,0.7939
91,Kolono Timur,Konawe Selatan,2030,10575.98,7349.4,0.0,2469.78,1918.98,0.0,0.09,191.43,16.83,0.0,0.0,0.0,0.0,0.0,0.0,21325.66,18056.44,39122884.0,11.11,9.41,20387.33,39122884.0,4863892.0,34258992.0,8.0435,1867.86,21.45,0.0,0.0,-158.58,-7.63,0.0,0.0,0.0,0.0,0.0,0.0,0.0,0.0,0.0,0.0,0.0,0.0,-18438.84,-46.37,-15612.16,-46.37,-33826884.0,-46.37,-8.03,-41.95,-6.8,-41.95,-14725.86,-41.94,-33826884.0,-46.37,859026.0,21.45,0.0,0.6046,0.0,-0.0015,0.0,4.8971,0.0,0.1909,0.321,0.321,0.5194
92,Sabulakoa,Konawe Selatan,2030,8213.98,0.0,1694.79,1722.51,1286.1,59.94,0.0,377.46,116.1,398.96,254.34,907990.69,6.66,4.24,15148.33,19382.34,16411.03,35557772.0,15.07,12.76,27647.75,36465762.69,3777608.25,32688154.44,9.6531,2225.02,37.15,-774.81,-92.82,-105.93,-7.61,-2277.59,-85.09,-1451.96,-85.09,-5183512.31,-85.09,3.45,107.48,2.2,107.84,7850.93,107.59,-7261.11,-27.25,-6147.98,-27.25,-13320844.0,-27.25,-4.07,-21.26,-3.45,-21.28,-7465.44,-21.26,-18504356.31,-33.66,1023287.0,37.15,0.1505,0.2327,0.0012,0.001,13.6944,13.5105,0.3122,0.2568,0.5523,0.5523,0.616
93,Andoolo Barat,Konawe Selatan,2030,9422.72,0.0,183.78,1409.85,5131.8,0.0,0.0,516.78,0.0,0.0,0.0,0.0,0.0,0.0,0.0,63461.74,53733.05,116423408.0,12.37,10.47,22686.66,116423408.0,4333509.5,112089898.5,26.8658,1860.86,24.61,0.0,0.0,677.97,15.22,0.0,0.0,0.0,0.0,0.0,0.0,0.0,0.0,0.0,0.0,0.0,0.0,-21784.56,-25.55,-18445.0,-25.55,-39964768.0,-25.55,-6.77,-35.37,-5.74,-35.41,-12426.53,-35.39,-39964768.0,-25.55,855809.5,24.61,0.0,0.5776,0.0,0.0016,0.0,11.5515,0.0,0.231,0.5421,0.5421,0.449
94,Poleang,Bombana,2030,15797.63,1827.99,109.62,615.87,6726.78,0.0,2.25,343.98,115.56,0.0,0.0,0.0,0.0,0.0,0.0,36026.62,30503.74,66092436.0,5.36,4.53,9825.27,66092436.0,7265331.0,58827105.0,9.097,5233.11,49.53,0.0,0.0,213.75,3.28,0.0,0.0,0.0,0.0,0.0,0.0,0.0,0.0,0.0,0.0,0.0,0.0,-17380.23,-32.54,-14715.83,-32.54,-31884836.0,-32.54,-2.84,-34.63,-2.41,-34.73,-5218.0,-34.69,-31884836.0,-32.54,2406710.5,49.53,0.0,1.003,0.0,0.0059,0.0,28.8784,0.0,0.1728,0.505,0.505,0.5125
95,Poleang Timur,Bombana,2030,21530.47,2700.45,101.52,2166.03,2225.07,1308.33,0.27,481.05,1068.21,8858.27,5647.15,20160322.0,6.77,4.32,15409.2,11993.01,10154.48,22001716.0,5.39,4.56,9888.1,42162038.0,9901863.0,32260175.0,4.258,7434.79,52.75,-812.88,-38.32,1674.27,303.97,-303.55,-3.31,-193.51,-3.31,-690834.0,-3.31,2.45,56.71,1.57,57.09,5579.36,56.76,7476.45,165.53,6330.31,165.53,13715883.5,165.53,-2.81,-34.27,-2.38,-34.29,-5155.17,-34.27,13025049.5,44.7,3419258.0,52.75,1.3533,0.9224,0.0106,0.0051,38.0951,32.6026,0.143,0.0552,0.4621,0.4621,0.7506
96,Rarowatu,Bombana,2030,22212.82,7727.67,826.29,10614.69,1405.08,21.42,447.57,282.42,0.0,104.28,66.48,237318.06,4.87,3.1,11079.27,5855.98,4958.26,10743050.0,4.17,3.53,7645.86,10980368.06,10215674.0,764694.06,1.0749,6286.93,39.48,-136.98,-86.48,387.9,38.13,-579.87,-84.76,-369.67,-84.76,-1319728.56,-84.76,0.55,12.73,0.35,12.73,1249.43,12.71,-2484.9,-29.79,-2103.96,-29.79,-4558662.0,-29.79,-4.03,-49.15,-3.41,-49.14,-7397.41,-49.17,-5878390.56,-34.87,2891354.0,39.48,1.1077,1.033,0.0049,0.0016,28.6264,23.1056,0.1509,0.1618,0.4675,0.4675,0.648
97,Rumbia,Bombana,2030,11679.09,946.98,216.54,701.19,1374.12,133.47,0.81,313.47,299.88,649.75,414.22,1478750.75,4.87,3.1,11079.27,5824.69,4931.77,10685662.0,4.24,3.59,7776.37,12164412.75,5371214.0,6793198.75,2.2647,3181.13,37.43,-789.57,-85.54,878.76,177.4,-3337.0,-83.7,-2127.33,-83.7,-7594585.25,-83.7,0.55,12.73,0.35,12.73,1249.43,12.71,1762.74,43.4,1492.52,43.4,3233828.5,43.4,-3.96,-48.29,-3.35,-48.27,-7266.9,-48.31,-4360756.75,-26.39,1463002.0,37.43,0.9544,0.7864,-0.0039,0.003,16.7,14.7227,0.1395,0.2457,0.5051,0.5051,0.798
98,Kabaena,Bombana,2030,6235.78,2429.46,8.28,7227.99,232.74,0.0,140.94,61.92,0.27,0.0,0.0,0.0,0.0,0.0,0.0,1157.67,980.2,2123796.5,4.97,4.21,9125.19,2123796.5,2867836.0,-744039.5,0.7406,1437.43,29.96,0.0,0.0,232.74,0.0,0.0,0.0,0.0,0.0,0.0,0.0,0.0,0.0,0.0,0.0,0.0,0.0,1157.67,0.0,980.2,0.0,2123796.5,0.0,4.97,0.0,4.21,0.0,9125.19,0.0,2123796.5,0.0,661076.5,29.96,0.0,0.0,0.0,0.0,0.0,0.0,0.0,0.0,0.4383,0.4383,0.6861
99,Kabaena Timur,Bombana,2030,14936.95,6616.62,25.74,3020.85,1859.94,0.0,111.87,263.88,61.2,0.0,0.0,0.0,0.0,0.0,0.0,6450.56,5461.69,11833835.0,3.47,2.94,6362.48,11833835.0,6869504.5,4964330.5,1.7227,4288.37,40.27,0.0,0.0,4.68,0.25,0.0,0.0,0.0,0.0,0.0,0.0,0.0,0.0,0.0,0.0,0.0,0.0,-8762.57,-57.6,-7419.27,-57.6,-16075337.0,-57.6,-4.73,-57.68,-4.0,-57.64,-8680.79,-57.71,-16075337.0,-57.6,1972223.5,40.27,0.0,0.4786,0.0,-0.0028,0.0,-0.6887,0.0,0.2044,0.3095,0.3095,0.6753
100,Poleang Barat,Bombana,2030,30991.05,3031.11,1580.85,6175.44,19141.2,0.0,55.17,307.98,284.13,0.0,0.0,0.0,0.0,0.0,0.0,101092.32,85594.88,185458368.0,5.28,4.47,9688.96,185458368.0,14252782.0,171205586.0,13.0121,11290.68,57.31,0.0,0.0,-202.68,-1.05,0.0,0.0,0.0,0.0,0.0,0.0,0.0,0.0,0.0,0.0,0.0,0.0,-57527.49,-36.27,-48708.53,-36.27,-105536832.0,-36.27,-2.92,-35.61,-2.47,-35.59,-5354.31,-35.59,-105536832.0,-36.27,5192581.0,57.31,0.0,1.107,0.0,0.0076,0.0,32.9071,0.0,0.1718,0.405,0.405,0.3978
101,Mata Oleo,Bombana,2030,12905.91,2994.84,16.02,5858.1,1797.48,8.91,43.02,191.34,84.78,65.06,41.48,148074.53,7.3,4.66,16618.91,9004.57,7624.17,16519294.0,5.01,4.24,9190.25,16667368.53,5935428.0,10731940.53,2.8081,4662.9,56.57,-608.67,-98.56,788.04,78.07,-2602.36,-97.56,-1659.0,-97.56,-5922638.47,-97.56,2.98,68.98,1.91,69.45,6789.07,69.07,727.16,8.78,615.69,8.78,1334015.0,8.78,-3.19,-38.9,-2.7,-38.9,-5853.02,-38.91,-4588623.47,-21.59,2144467.0,56.57,0.8718,0.9046,0.0026,0.0009,14.8842,14.754,0.1329,0.1793,0.5338,0.5338,0.5819
102,Rarowatu Utara,Bombana,2030,32326.16,1658.43,712.26,9919.44,4888.62,606.24,2293.11,369.72,1511.73,2232.5,1423.22,5080900.5,3.68,2.35,8381.01,21093.89,17860.2,38697688.0,4.31,3.65,7915.87,43778588.5,14866801.0,28911787.5,2.9447,10712.03,49.56,-1550.88,-71.9,1267.38,35.0,-7084.42,-76.04,-4516.32,-76.04,-16123247.5,-76.04,-0.64,-14.81,-0.4,-14.55,-1448.83,-14.74,-8600.28,-28.96,-7281.85,-28.96,-15777592.0,-28.96,-3.89,-47.44,-3.29,-47.41,-7127.4,-47.38,-31900839.5,-42.15,4926465.0,49.56,0.9555,0.4826,-0.0044,-0.0067,20.9131,19.4389,0.1935,0.2098,0.3948,0.3948,0.5044
103,Poleang Utara,Bombana,2030,33312.59,3005.91,280.62,10321.2,7708.41,1010.25,0.36,382.23,0.0,7270.59,4635.0,16546954.0,7.2,4.59,16379.07,42422.3,35918.97,77825624.0,5.5,4.66,10096.2,94372578.0,15320465.0,79052113.0,6.1599,11192.81,50.6,-874.17,-46.39,734.49,10.53,-868.5,-10.67,-553.67,-10.67,-1976592.0,-10.67,2.88,66.67,1.84,66.91,6549.23,66.63,-14763.84,-25.82,-12500.54,-25.82,-27084928.0,-25.82,-2.7,-32.93,-2.28,-32.85,-4947.07,-32.89,-29061520.0,-23.54,5147580.0,50.6,1.2552,1.198,0.0099,0.0095,37.9278,37.9702,0.1377,0.1627,0.4661,0.4661,0.7056
104,Poleang Selatan,Bombana,2030,18587.53,142.92,50.31,1001.7,4354.56,5.04,1767.33,261.27,569.25,36.04,22.97,82014.34,7.15,4.56,16272.69,23492.43,19891.05,43097916.0,5.39,4.57,9897.19,43179930.34,8548405.0,34631525.34,5.0512,7044.6,61.03,-419.04,-98.81,-302.04,-6.49,-1795.62,-98.03,-1144.72,-98.03,-4086624.41,-98.03,2.83,65.51,1.81,65.82,6442.85,65.54,-14691.69,-38.48,-12439.44,-38.48,-26952564.0,-38.48,-2.81,-34.27,-2.37,-34.15,-5146.08,-34.21,-31039188.41,-41.82,3239811.5,61.03,1.1648,1.1666,0.0064,0.0086,32.0073,33.6973,0.2506,0.1407,0.5753,0.5753,0.7922
105,Poleang Tenggara,Bombana,2030,8848.17,6511.14,0.09,4113.45,1556.46,0.72,0.09,135.63,284.22,4.38,2.79,9971.35,6.09,3.88,13849.09,7797.17,6601.86,14304261.0,5.01,4.24,9190.25,14314232.35,4069273.25,10244959.1,3.5176,3173.07,55.91,-397.8,-99.82,1317.15,550.39,-1716.89,-99.75,-1094.52,-99.75,-3907416.65,-99.75,1.77,40.97,1.13,41.09,4019.25,40.89,5834.83,297.34,4940.35,297.34,10704256.25,297.34,-3.19,-38.9,-2.7,-38.9,-5853.02,-38.91,6796839.6,90.41,1459293.0,55.91,1.0526,1.0568,0.0044,0.0043,24.3628,23.7423,0.1327,0.145,0.3486,0.3486,0.6012
106,Kabaena Selatan,Bombana,2030,9286.22,6202.53,2.43,4405.14,157.59,0.0,997.83,224.01,2.07,0.0,0.0,0.0,0.0,0.0,0.0,786.54,665.97,1442947.38,4.99,4.23,9156.34,1442947.38,4270731.5,-2827784.12,0.3379,3295.33,55.01,0.0,0.0,145.98,1257.36,0.0,0.0,0.0,0.0,0.0,0.0,0.0,0.0,0.0,0.0,0.0,0.0,691.34,726.2,585.36,726.16,1268295.04,726.18,-3.21,-39.15,-2.71,-39.05,-5886.93,-39.13,1268295.04,726.18,1515519.75,55.01,0.0,0.3471,0.0,0.0125,0.0,-17.1503,0.0,0.0546,0.3446,0.3446,0.5721
107,Kabaena Barat,Bombana,2030,5064.72,1401.66,1.89,2635.02,685.71,0.0,22.14,175.68,54.54,0.0,0.0,0.0,0.0,0.0,0.0,2961.14,2507.2,5432351.0,4.32,3.66,7922.23,5432351.0,2329263.75,3103087.25,2.3322,1775.64,53.99,0.0,0.0,-201.69,-22.73,0.0,0.0,0.0,0.0,0.0,0.0,0.0,0.0,0.0,0.0,0.0,0.0,-4315.54,-59.31,-3653.96,-59.31,-7917045.0,-59.31,-3.88,-47.32,-3.28,-47.26,-7121.04,-47.34,-7917045.0,-59.31,816618.13,53.99,0.0,0.576,0.0,-0.0034,0.0,-6.8197,0.0,0.2161,0.5248,0.5248,0.5377
108,Kabaena Utara,Bombana,2030,9411.4,3050.37,219.06,4790.97,3891.06,23.31,0.0,531.0,35.55,113.48,72.34,258257.91,4.87,3.1,11079.28,16153.75,13677.38,29634788.0,4.15,3.52,7616.12,29893045.91,4328304.5,25564741.41,6.9064,2994.29,46.66,-110.7,-82.61,974.7,33.42,-465.33,-80.39,-296.65,-80.4,-1059038.97,-80.39,0.55,12.73,0.35,12.73,1249.44,12.71,-7760.4,-32.45,-6570.73,-32.45,-14236804.0,-32.45,-4.05,-49.39,-3.42,-49.28,-7427.15,-49.37,-15295842.97,-33.85,1377077.5,46.66,0.582,0.6081,-0.0017,-0.0062,-7.7681,-2.2724,0.1918,0.1182,0.5074,0.5074,0.5599
109,Kabaena Tengah,Bombana,2030,17775.94,17871.12,107.1,8185.5,1822.05,0.0,457.47,402.12,0.0,0.0,0.0,0.0,0.0,0.0,0.0,6383.1,5404.57,11710084.0,3.5,2.97,6426.87,11710084.0,8175156.0,3534928.0,1.4324,4239.2,31.32,0.0,0.0,307.53,20.31,0.0,0.0,0.0,0.0,0.0,0.0,0.0,0.0,0.0,0.0,0.0,0.0,-6035.96,-48.6,-5110.65,-48.6,-11073246.0,-48.6,-4.7,-57.32,-3.97,-57.2,-8616.4,-57.28,-11073246.0,-48.6,1949608.0,31.32,0.0,0.6361,0.0,-0.0068,0.0,1.9976,0.0,0.2016,0.3265,0.3265,0.7047
110,Kep. Masaloka Raya,Bombana,2030,199.26,31.14,0.0,67.23,135.45,0.0,0.0,46.53,0.0,0.0,0.0,0.0,0.0,0.0,0.0,655.86,555.32,1203208.88,4.84,4.1,8883.05,1203208.88,91640.84,1111568.03,13.1296,72.58,57.29,0.0,0.0,135.45,0.0,0.0,0.0,0.0,0.0,0.0,0.0,0.0,0.0,0.0,0.0,0.0,0.0,655.86,0.0,555.32,0.0,1203208.88,0.0,4.84,0.0,4.1,0.0,8883.05,0.0,1203208.88,0.0,33380.14,57.29,0.0,0.0,0.0,0.0,0.0,0.0,0.0,0.0,0.7187,0.7187,0.5155
111,Rumbia Tengah,Bombana,2030,6841.6,643.05,0.0,809.46,665.19,0.63,0.0,162.99,60.66,3.83,2.44,8724.93,6.09,3.88,13849.09,2910.23,2464.09,5338950.0,4.38,3.7,8026.2,5347674.93,3146449.5,2201225.43,1.6996,1962.39,40.22,-116.91,-99.46,181.08,37.4,-503.84,-99.25,-321.2,-99.25,-1146674.45,-99.24,1.77,40.97,1.13,41.09,4019.25,40.89,-1059.47,-26.69,-897.06,-26.69,-1943647.0,-26.69,-3.82,-46.59,-3.24,-46.69,-7017.07,-46.65,-3090321.45,-36.62,902503.0,40.22,0.9082,0.8915,-0.0025,-0.0011,12.7948,11.91,0.1571,0.171,0.6153,0.6153,0.8037
112,Poleang Tengah,Bombana,2030,7760.52,12.42,181.8,31.95,2765.97,0.45,1.26,103.5,230.85,3.83,2.44,8724.93,8.52,5.43,19388.73,14922.14,12634.58,27375342.0,5.39,4.57,9897.19,27384066.93,3569064.5,23815002.43,7.6726,2810.38,56.77,-84.24,-99.47,-110.43,-3.84,-361.96,-98.95,-230.75,-98.95,-823764.19,-98.95,4.2,97.22,2.68,97.45,9558.89,97.24,-8664.34,-36.73,-7336.09,-36.73,-15895114.0,-36.73,-2.81,-34.27,-2.37,-34.15,-5146.08,-34.21,-16718878.19,-37.91,1292495.0,56.77,1.0774,1.0862,0.0069,0.007,31.96,32.805,0.1702,0.1698,0.6297,0.6297,0.6177
113,Tontonunu,Bombana,2030,15753.01,6461.1,561.24,2161.8,7049.07,0.54,0.0,57.24,44.19,4.6,2.93,10469.92,8.52,5.43,19388.73,37636.8,31867.09,69046416.0,5.34,4.52,9795.11,69056885.92,7244811.5,61812074.42,9.5319,5523.55,54.0,-195.93,-99.73,746.19,11.84,-843.98,-99.46,-538.04,-99.46,-1920798.83,-99.46,4.2,97.22,2.68,97.45,9558.89,97.24,-14046.82,-27.18,-11893.43,-27.18,-25769512.0,-27.18,-2.86,-34.88,-2.42,-34.87,-5248.16,-34.89,-27690310.83,-28.62,2540283.0,54.0,1.2185,1.2309,0.0096,0.0087,39.6065,39.9034,0.1417,0.1475,0.406,0.406,0.5309
114,Lantari Jaya,Bombana,2030,33987.86,7872.03,880.38,20341.17,3317.58,3366.99,0.0,469.44,2614.23,17150.59,10933.5,39032592.0,5.09,3.25,11592.73,13385.26,11333.31,24555872.0,4.03,3.42,7401.74,63588464.0,15631013.0,47957451.0,4.0681,10359.77,43.85,-3012.03,-47.22,472.59,16.61,-10401.34,-37.75,-6630.85,-37.75,-23672148.0,-37.75,0.77,17.82,0.5,18.18,1762.89,17.93,-9943.66,-42.62,-8419.29,-42.62,-18242072.0,-42.62,-4.17,-50.85,-3.52,-50.72,-7641.53,-50.8,-41914220.0,-39.73,4764453.0,43.85,1.0596,0.6069,0.0024,-0.0054,25.2594,21.0581,0.2095,0.2061,0.3289,0.3289,0.3798
115,Mata Usu,Bombana,2030,10612.5,20741.94,20.07,9628.56,5181.21,0.0,0.0,0.0,0.0,0.0,0.0,0.0,0.0,0.0,0.0,31130.79,26358.45,57110832.0,6.01,5.09,11022.68,57110832.0,4880689.5,52230142.5,11.7014,2518.25,31.11,0.0,0.0,-835.38,-13.88,0.0,0.0,0.0,0.0,0.0,0.0,0.0,0.0,0.0,0.0,0.0,0.0,-18205.25,-36.9,-15414.38,-36.9,-33398360.0,-36.9,-2.19,-26.71,-1.85,-26.66,-4020.59,-26.73,-33398360.0,-36.9,1158145.75,31.11,0.0,1.2912,0.0,0.0111,0.0,45.731,0.0,0.1669,0.1935,0.1935,0.3269
116,Wangi-Wangi,Wakatobi,2030,13642.98,405.27,0.0,3169.17,2295.54,0.0,0.0,914.94,0.0,0.0,0.0,0.0,0.0,0.0,0.0,28933.07,24497.63,53079012.0,12.6,10.67,23122.67,53079012.0,6274404.0,46804608.0,8.4596,-3720.91,-21.43,0.0,0.0,-114.84,-4.76,0.0,0.0,0.0,0.0,0.0,0.0,0.0,0.0,0.0,0.0,0.0,0.0,-20335.1,-41.27,-17217.73,-41.27,-37305644.0,-41.27,-7.84,-38.36,-6.64,-38.36,-14375.42,-38.34,-37305644.0,-41.27,-1711249.0,-21.43,0.0,0.6341,0.0,-0.0003,0.0,-2.7341,0.0,0.1704,0.6567,0.6567,0.4492
117,Kaledupa,Wakatobi,2030,6367.69,284.76,0.0,256.41,2668.14,0.0,0.0,235.53,2.88,0.0,0.0,0.0,0.0,0.0,0.0,33629.33,28473.96,61694524.0,12.6,10.67,23122.67,61694524.0,2928503.0,58766021.0,21.0669,470.06,7.97,0.0,0.0,107.19,4.19,0.0,0.0,0.0,0.0,0.0,0.0,0.0,0.0,0.0,0.0,0.0,0.0,-18716.49,-35.76,-15847.24,-35.76,-34336220.0,-35.76,-7.84,-38.36,-6.64,-38.36,-14375.42,-38.34,-34336220.0,-35.76,216181.5,7.97,0.0,0.8073,0.0,-0.0,0.0,-9.993,0.0,0.1313,0.5732,0.5732,0.2214
118,Tomia,Wakatobi,2030,5763.79,7.65,0.0,587.97,2029.32,0.0,0.0,346.05,0.0,0.0,0.0,0.0,0.0,0.0,0.0,25577.62,21656.58,46923304.0,12.6,10.67,23122.67,46923304.0,2650765.5,44272538.5,17.7018,484.59,9.18,0.0,0.0,219.42,12.12,0.0,0.0,0.0,0.0,0.0,0.0,0.0,0.0,0.0,0.0,0.0,0.0,-11416.74,-30.86,-9666.54,-30.86,-20944496.0,-30.86,-7.84,-38.36,-6.64,-38.36,-14375.42,-38.34,-20944496.0,-30.86,222862.0,9.18,0.0,0.9505,0.0,-0.0,0.0,-16.6351,0.0,0.0657,0.4812,0.4812,0.6351
119,Binongko,Wakatobi,2030,9526.37,281.61,0.0,4633.29,953.19,0.0,0.0,387.09,36.81,0.0,0.0,0.0,0.0,0.0,0.0,12014.04,10172.29,22040300.0,12.6,10.67,23122.67,22040300.0,4381173.0,17659127.0,5.0307,735.61,8.37,0.0,0.0,-420.93,-30.63,0.0,0.0,0.0,0.0,0.0,0.0,0.0,0.0,0.0,0.0,0.0,0.0,-16072.98,-57.23,-13608.97,-57.23,-29486584.0,-57.23,-7.84,-38.36,-6.64,-38.36,-14375.43,-38.34,-29486584.0,-57.23,338304.75,8.37,0.0,0.7706,0.0,0.0,0.0,-28.2145,0.0,0.1093,0.4819,0.4819,0.3161
120,Wangi Wangi Selatan,Wakatobi,2030,19606.31,57.87,0.0,6009.93,5136.48,0.0,0.0,946.08,1.62,0.0,0.0,0.0,0.0,0.0,0.0,64726.97,54804.33,118744528.0,12.6,10.67,23117.88,118744528.0,9016944.0,109727584.0,13.169,-3056.9,-13.49,0.0,0.0,-194.31,-3.65,0.0,0.0,0.0,0.0,0.0,0.0,0.0,0.0,0.0,0.0,0.0,0.0,-44234.37,-40.6,-37453.25,-40.6,-81149968.0,-40.6,-7.84,-38.36,-6.64,-38.36,-14380.22,-38.35,-81149968.0,-40.6,-1405868.0,-13.49,0.0,0.6738,0.0,0.0,0.0,-4.7028,0.0,0.1629,0.5064,0.5064,0.2976
121,Kaledupa Selatan,Wakatobi,2030,9617.9,1889.37,0.0,435.78,2897.19,0.0,0.0,243.0,1.26,0.0,0.0,0.0,0.0,0.0,0.0,36516.29,30918.34,66990760.0,12.6,10.67,23122.67,66990760.0,4423272.0,62567488.0,15.1451,1062.6,12.42,0.0,0.0,579.24,24.99,0.0,0.0,0.0,0.0,0.0,0.0,0.0,0.0,0.0,0.0,0.0,0.0,-10862.6,-22.93,-9197.37,-22.93,-19927960.0,-22.93,-7.84,-38.36,-6.64,-38.36,-14375.43,-38.34,-19927960.0,-22.93,488689.25,12.42,0.0,0.8184,0.0,-0.0,0.0,-12.9488,0.0,0.1265,0.3894,0.3894,0.269
122,Tomia Timur,Wakatobi,2030,7350.09,711.18,0.0,1123.83,1968.93,0.0,0.0,291.6,0.0,0.0,0.0,0.0,0.0,0.0,0.0,24816.46,21012.11,45526920.0,12.6,10.67,23122.67,45526920.0,3380304.25,42146615.75,13.4683,141.66,1.97,0.0,0.0,87.75,4.66,0.0,0.0,0.0,0.0,0.0,0.0,0.0,0.0,0.0,0.0,0.0,0.0,-13634.86,-35.46,-11544.62,-35.46,-25013728.0,-35.46,-7.84,-38.36,-6.64,-38.36,-14375.42,-38.34,-25013728.0,-35.46,65146.5,1.97,0.0,0.7984,0.0,-0.0,0.0,-22.107,0.0,0.1153,0.4955,0.4955,0.777
123,Togo Binongko,Wakatobi,2030,5262.89,0.0,0.0,3268.98,354.6,0.0,0.0,207.18,0.0,0.0,0.0,0.0,0.0,0.0,0.0,4469.39,3784.23,8199298.0,12.6,10.67,23122.67,8199298.0,2420402.25,5778895.75,3.3876,286.38,5.75,0.0,0.0,-344.16,-49.25,0.0,0.0,0.0,0.0,0.0,0.0,0.0,0.0,0.0,0.0,0.0,0.0,-9813.26,-68.71,-8308.89,-68.71,-18002874.0,-68.71,-7.84,-38.36,-6.64,-38.36,-14375.43,-38.34,-18002874.0,-68.71,131707.75,5.75,0.0,0.7633,0.0,-0.0,0.0,-29.852,0.0,0.1086,0.4624,0.4624,0.2589
124,Lasusua,Kolaka Utara,2030,32877.19,13148.73,103.05,2668.32,7939.53,0.0,1905.48,1081.26,102.42,0.0,0.0,0.0,0.0,0.0,0.0,71724.5,60729.14,131581800.0,9.03,7.65,16573.0,131581800.0,15120215.0,116461585.0,8.7024,10867.97,49.38,0.0,0.0,-160.92,-1.99,0.0,0.0,0.0,0.0,0.0,0.0,0.0,0.0,0.0,0.0,0.0,0.0,-1908.58,-2.59,-1615.99,-2.59,-3501416.0,-2.59,-0.06,-0.66,-0.05,-0.65,-103.01,-0.62,-3501416.0,-2.59,4998173.0,49.38,0.0,0.8391,0.0,0.0016,0.0,289.901,0.0,0.1805,0.2626,0.2626,0.3663
125,Pakue,Kolaka Utara,2030,20660.74,7928.19,1118.25,88.56,4619.43,0.0,23.4,211.23,1084.05,0.0,0.0,0.0,0.0,0.0,0.0,41087.31,34788.62,75376496.0,8.89,7.53,16317.27,75376496.0,9501877.0,65874619.0,7.9328,6672.4,47.7,0.0,0.0,131.76,2.94,0.0,0.0,0.0,0.0,0.0,0.0,0.0,0.0,0.0,0.0,0.0,0.0,294.39,0.72,249.25,0.72,540048.0,0.72,-0.2,-2.2,-0.17,-2.21,-358.74,-2.15,540048.0,0.72,3068639.5,47.7,0.0,1.128,0.0,0.0044,0.0,207.7239,0.0,0.1389,0.2939,0.2939,0.1091
126,Batu Putih,Kolaka Utara,2030,29699.65,14331.6,87.03,686.43,6328.8,40.95,1504.17,138.87,548.28,191.91,122.34,436760.72,4.69,2.99,10665.71,52386.68,44355.8,96105712.0,8.28,7.01,15185.46,96542472.72,13658869.0,82883603.72,7.0681,8642.68,41.04,-58.68,-58.9,628.38,11.02,-245.01,-56.08,-156.2,-56.08,-557611.03,-56.08,0.3,6.83,0.19,6.79,685.06,6.86,569.86,1.1,482.5,1.1,1045432.0,1.1,-0.81,-8.91,-0.69,-8.96,-1490.55,-8.94,487820.97,0.51,3974769.0,41.04,1.3434,1.3116,0.0051,0.0051,128.2293,127.1313,0.1615,0.1028,0.2642,0.2642,0.0703
127,Rante Angin,Kolaka Utara,2030,13884.54,4524.39,98.01,111.15,2791.53,76.32,71.1,296.91,368.82,357.67,228.01,814006.81,4.69,2.99,10665.71,23646.79,20021.74,43381100.0,8.47,7.17,15540.26,44195106.81,6385499.0,37809607.81,6.9212,3864.92,38.57,-129.24,-62.87,-252.0,-8.28,-543.79,-60.32,-346.67,-60.32,-1237614.69,-60.32,0.3,6.83,0.19,6.79,685.06,6.86,-4018.9,-14.53,-3402.8,-14.53,-7372852.0,-14.53,-0.62,-6.82,-0.53,-6.88,-1135.76,-6.81,-8610466.69,-16.31,1777473.5,38.57,0.723,0.7485,0.0011,0.0014,186.0912,198.6867,0.1964,0.201,0.2823,0.2823,0.3864
128,Kodeoha,Kolaka Utara,2030,16878.77,6090.3,495.81,4222.17,1316.79,6.39,1429.2,147.15,22.14,29.95,19.09,68153.87,4.69,2.99,10665.71,11712.13,9916.66,21486422.0,8.89,7.53,16317.27,21554575.87,7762544.5,13792031.37,2.7767,5269.31,45.39,-53.82,-89.39,8.73,0.67,-234.1,-88.66,-149.24,-88.66,-532780.82,-88.66,0.3,6.83,0.19,6.79,685.06,6.86,-178.14,-1.5,-150.83,-1.5,-326804.0,-1.5,-0.2,-2.2,-0.17,-2.21,-358.74,-2.15,-859584.82,-3.84,2423356.0,45.39,0.7833,0.9517,0.0016,0.0032,285.6417,298.3707,0.1808,0.2481,0.2456,0.2456,0.194
129,Ngapa,Kolaka Utara,2030,28216.04,3036.96,3123.0,5958.36,9960.21,0.0,0.0,211.86,3.96,0.0,0.0,0.0,0.0,0.0,0.0,88590.63,75009.66,162523472.0,8.89,7.53,16317.27,162523472.0,12976561.0,149546911.0,12.5244,8680.98,44.44,0.0,0.0,802.8,8.77,0.0,0.0,0.0,0.0,0.0,0.0,0.0,0.0,0.0,0.0,0.0,0.0,5349.77,6.43,4529.63,6.43,9814400.0,6.43,-0.2,-2.2,-0.17,-2.21,-358.74,-2.15,9814400.0,6.43,3992389.0,44.44,0.0,1.0993,0.0,0.0047,0.0,271.2908,0.0,0.2723,0.2412,0.2412,0.15
130,Wawo,Kolaka Utara,2030,19797.98,21727.53,50.04,881.28,3520.62,9.18,1.62,284.76,50.31,43.02,27.43,97911.2,4.69,2.99,10665.71,29789.91,25223.12,54650928.0,8.46,7.16,15523.1,54748839.2,9105093.0,45643746.2,6.013,6765.7,51.91,-65.79,-87.76,-679.95,-16.19,-285.75,-86.91,-182.16,-86.91,-650337.8,-86.91,0.3,6.83,0.19,6.79,685.06,6.86,-8393.27,-21.98,-7106.58,-21.98,-15397816.0,-21.98,-0.63,-6.93,-0.54,-7.01,-1152.91,-6.91,-16048153.8,-22.67,3111545.5,51.91,0.6704,0.6632,0.0005,0.0014,156.3031,182.722,0.1852,0.2785,0.2062,0.2062,0.2649
131,Lambai,Kolaka Utara,2030,11691.34,6712.02,23.76,202.41,2022.3,0.0,748.35,80.55,12.6,0.0,0.0,0.0,0.0,0.0,0.0,17332.97,14675.83,31798120.0,8.57,7.26,15723.74,31798120.0,5376847.0,26421273.0,5.9139,3652.9,45.44,0.0,0.0,-710.28,-25.99,0.0,0.0,0.0,0.0,0.0,0.0,0.0,0.0,0.0,0.0,0.0,0.0,-7506.18,-30.22,-6355.48,-30.22,-13770420.0,-30.22,-0.52,-5.72,-0.44,-5.71,-952.27,-5.71,-13770420.0,-30.22,1679968.0,45.44,0.0,0.7879,0.0,0.0014,0.0,226.0956,0.0,0.1549,0.2184,0.2184,0.3303
132,Watunohu,Kolaka Utara,2030,10895.88,54.63,1715.04,40.14,41.31,0.0,0.0,145.08,1345.32,0.0,0.0,0.0,0.0,0.0,0.0,367.43,311.1,674066.5,8.89,7.53,16317.27,674066.5,5011014.5,-4336948.0,0.1345,2853.45,35.48,0.0,0.0,-2.61,-5.94,0.0,0.0,0.0,0.0,0.0,0.0,0.0,0.0,0.0,0.0,0.0,0.0,-31.8,-7.97,-26.93,-7.97,-58344.0,-7.97,-0.2,-2.2,-0.17,-2.21,-358.74,-2.15,-58344.0,-7.97,1312300.75,35.48,0.0,0.8726,0.0,0.0026,0.0,262.6488,0.0,0.2389,0.5456,0.5456,0.1223
133,Pakue Tengah,Kolaka Utara,2030,19132.21,11415.69,61.2,117.09,5072.22,0.09,0.0,229.23,559.62,0.42,0.27,959.91,4.69,2.99,10665.71,45114.62,38198.55,82764784.0,8.89,7.53,16317.27,82765743.91,8798904.0,73966839.91,9.4064,6908.07,56.51,-144.54,-99.94,245.61,5.09,-633.84,-99.93,-404.07,-99.93,-1442540.97,-99.93,0.3,6.83,0.19,6.79,685.06,6.86,1240.74,2.83,1050.53,2.83,2276160.0,2.83,-0.2,-2.2,-0.17,-2.21,-358.75,-2.15,833619.03,1.02,3177021.5,56.51,1.2263,1.2298,0.0044,0.0049,177.7392,178.1525,0.1721,0.1073,0.2499,0.2499,0.0895
134,Pakue Utara,Kolaka Utara,2030,18557.85,16592.22,203.49,1.71,4876.47,29.52,0.09,249.12,434.79,138.34,88.19,314851.69,4.69,2.99,10665.71,43345.86,36700.95,79519912.0,8.89,7.53,16306.86,79834763.69,8534754.0,71300009.69,9.3541,6678.33,56.22,-86.4,-74.53,-86.67,-1.75,-370.02,-72.79,-235.89,-72.79,-842104.69,-72.79,0.3,6.83,0.19,6.79,685.06,6.86,-1769.08,-3.92,-1497.85,-3.92,-3245480.0,-3.92,-0.2,-2.2,-0.17,-2.21,-369.15,-2.21,-4087584.69,-4.87,3071366.0,56.22,1.3016,1.2546,0.0048,0.0052,154.0731,156.2326,0.1417,0.0673,0.1583,0.1583,0.085
135,Porehu,Kolaka Utara,2030,28473.96,39761.28,112.59,2349.0,14891.85,0.0,0.0,47.7,18.0,0.0,0.0,0.0,0.0,0.0,0.0,119840.12,101468.65,219852048.0,8.05,6.81,14763.25,219852048.0,13095174.0,206756874.0,16.7888,8225.68,40.62,0.0,0.0,1759.68,13.4,0.0,0.0,0.0,0.0,0.0,0.0,0.0,0.0,0.0,0.0,0.0,0.0,468.72,0.39,396.88,0.39,859808.0,0.39,-1.04,-11.44,-0.89,-11.56,-1912.76,-11.47,859808.0,0.39,3782990.0,40.62,0.0,1.1686,0.0,0.0077,0.0,104.4795,0.0,0.1852,0.1666,0.1666,0.0608
136,Katoi,Kolaka Utara,2030,14433.0,8746.83,0.18,2315.07,516.06,0.0,2735.19,143.28,0.0,0.0,0.0,0.0,0.0,0.0,0.0,4590.07,3886.41,8420692.0,8.89,7.53,16317.27,8420692.0,6637734.5,1782957.5,1.2686,5027.64,53.46,-19.98,-100.0,-455.94,-46.91,-87.62,-100.0,-55.86,-100.0,-199413.31,-100.0,-4.39,-100.0,-2.8,-100.0,-9980.65,-100.0,-4245.41,-48.05,-3594.59,-48.05,-7788392.0,-48.05,-0.2,-2.2,-0.17,-2.21,-358.74,-2.15,-7987805.31,-48.68,2312210.0,53.46,0.0,0.7532,0.0,0.0008,0.0,315.3557,0.0,0.1721,0.2127,0.2127,0.2459
137,Tiwu,Kolaka Utara,2030,6893.17,42.57,906.48,1286.73,956.7,0.0,173.52,101.34,84.06,0.0,0.0,0.0,0.0,0.0,0.0,8509.32,7204.84,15610733.0,8.89,7.53,16317.27,15610733.0,3170168.0,12440565.0,4.9243,1736.23,33.67,0.0,0.0,648.72,210.64,0.0,0.0,0.0,0.0,0.0,0.0,0.0,0.0,0.0,0.0,0.0,0.0,5709.78,203.95,4834.47,203.95,10474854.5,203.95,-0.2,-2.2,-0.17,-2.21,-358.74,-2.15,10474854.5,203.95,798490.0,33.67,0.0,0.6598,0.0,0.0017,0.0,274.9402,0.0,-0.1822,0.4103,0.4103,0.1583
138,Tolala,Kolaka Utara,2030,24032.1,21238.38,146.34,984.96,5106.6,0.0,664.74,268.11,179.28,0.0,0.0,0.0,0.0,0.0,0.0,41417.16,35067.89,75981592.0,8.11,6.87,14879.1,75981592.0,11052365.0,64929227.0,6.8747,6602.78,37.88,0.0,0.0,538.65,11.79,0.0,0.0,0.0,0.0,0.0,0.0,0.0,0.0,0.0,0.0,0.0,0.0,-105.51,-0.25,-89.34,-0.25,-193600.0,-0.25,-0.98,-10.78,-0.83,-10.78,-1796.91,-10.78,-193600.0,-0.25,3036623.0,37.88,0.0,1.1113,0.0,0.0051,0.0,92.3508,0.0,0.1903,0.3499,0.3499,0.0271
139,Asera,Konawe Utara,2030,16685.46,134756.46,1534.68,8584.29,3710.34,0.0,0.45,374.67,623.7,0.0,0.0,0.0,0.0,0.0,0.0,9340.31,7908.44,17135212.0,2.52,2.13,4618.23,17135212.0,7673641.5,9461570.5,2.233,4326.54,35.01,0.0,0.0,-1042.47,-21.93,0.0,0.0,0.0,0.0,0.0,0.0,0.0,0.0,0.0,0.0,0.0,0.0,-9290.71,-49.87,-7866.44,-49.87,-17044216.0,-49.87,-1.4,-35.71,-1.19,-35.84,-2573.18,-35.78,-17044216.0,-49.87,1989782.5,35.01,0.0,0.6605,0.0,0.001,0.0,0.5335,0.0,0.1648,0.0676,0.0676,0.2336
140,Wiwirano,Konawe Utara,2030,6736.03,76794.75,11340.99,1244.07,784.26,177.3,43.11,526.14,239.85,884.17,563.66,2012271.5,4.99,3.18,11349.53,2166.38,1834.27,3974313.0,2.76,2.34,5067.6,5986584.5,3097900.0,2888684.5,1.9325,727.77,12.11,-580.95,-76.62,-853.11,-52.1,-1688.87,-65.64,-1076.65,-65.64,-3843643.0,-65.64,1.6,47.2,1.02,47.22,3626.6,46.96,-4252.11,-66.25,-3600.27,-66.25,-7800698.0,-66.25,-1.16,-29.59,-0.98,-29.52,-2123.82,-29.53,-11644341.0,-66.04,334703.25,12.11,0.8545,0.8902,-0.0011,-0.0024,15.4871,26.9625,0.1955,0.2569,0.2423,0.2423,0.1449
141,Langgikima,Konawe Utara,2030,3640.15,3201.57,5499.09,994.5,533.16,0.0,3804.3,34.65,4.5,0.0,0.0,0.0,0.0,0.0,0.0,1148.09,972.09,2106227.25,2.15,1.82,3950.46,2106227.25,1674106.25,432121.0,1.2581,605.6,19.96,0.0,0.0,-1184.67,-68.96,0.0,0.0,0.0,0.0,0.0,0.0,0.0,0.0,0.0,0.0,0.0,0.0,-5585.8,-82.95,-4729.5,-82.95,-10247403.75,-82.95,-1.77,-45.15,-1.5,-45.18,-3240.96,-45.07,-10247403.75,-82.95,278518.0,19.96,0.0,0.9804,0.0,0.0008,0.0,25.0962,0.0,0.1038,0.5956,0.5956,0.2108
142,Molawe,Konawe Utara,2030,4273.11,10214.55,153.18,1917.72,1719.9,0.0,1552.14,297.27,645.93,0.0,0.0,0.0,0.0,0.0,0.0,3531.05,2989.74,6477875.5,2.05,1.74,3766.43,6477875.5,1965204.88,4512670.62,3.2963,783.26,22.44,0.0,0.0,-700.2,-28.93,0.0,0.0,0.0,0.0,0.0,0.0,0.0,0.0,0.0,0.0,0.0,0.0,-5955.74,-62.78,-5042.73,-62.78,-10926072.5,-62.78,-1.87,-47.7,-1.58,-47.59,-3424.99,-47.63,-10926072.5,-62.78,360221.76,22.44,0.0,0.5219,0.0,0.0009,0.0,4.2887,0.0,0.1636,0.351,0.351,0.4085
143,Lasolo,Konawe Utara,2030,5592.27,15137.46,69.75,679.77,2479.5,0.0,780.75,277.65,53.46,0.0,0.0,0.0,0.0,0.0,0.0,6209.03,5257.19,11390751.0,2.5,2.12,4593.97,11390751.0,2571885.0,8818866.0,4.429,1244.23,28.62,0.0,0.0,498.15,25.14,0.0,0.0,0.0,0.0,0.0,0.0,0.0,0.0,0.0,0.0,0.0,0.0,-1557.86,-20.06,-1319.04,-20.06,-2857961.0,-20.06,-1.42,-36.22,-1.2,-36.14,-2597.45,-36.12,-2857961.0,-20.06,572219.38,28.62,0.0,0.2956,0.0,-0.0003,0.0,4.8617,0.0,0.2213,0.3348,0.3348,0.466
144,Lembo,Konawe Utara,2030,2612.24,5319.63,32.94,341.64,3936.6,0.0,0.0,180.81,164.34,0.0,0.0,0.0,0.0,0.0,0.0,9575.02,8107.17,17565804.0,2.43,2.06,4462.18,17565804.0,1201369.12,16364434.88,14.6215,553.97,26.91,0.0,0.0,-109.53,-2.71,0.0,0.0,0.0,0.0,0.0,0.0,0.0,0.0,0.0,0.0,0.0,0.0,-6285.81,-39.63,-5322.2,-39.63,-11531602.0,-39.63,-1.49,-38.01,-1.26,-37.95,-2729.24,-37.95,-11531602.0,-39.63,254769.68,26.91,0.0,0.2673,0.0,-0.0019,0.0,11.0737,0.0,0.2351,0.3433,0.3433,0.4797
145,Sawa,Konawe Utara,2030,1289.97,155.88,87.57,654.3,2563.2,9.0,0.0,323.46,0.72,35.44,22.59,80647.55,3.94,2.51,8960.84,5380.84,4555.95,9871384.0,2.1,1.78,3851.2,9952031.55,593257.62,9358773.93,16.7752,328.93,34.23,-38.43,-81.02,70.83,2.84,-125.51,-77.98,-80.01,-77.98,-285651.2,-77.98,0.55,16.22,0.35,16.2,1237.91,16.03,-4389.25,-44.93,-3716.39,-44.93,-8052284.0,-44.93,-1.82,-46.43,-1.54,-46.39,-3340.22,-46.45,-8337935.2,-45.59,151276.0,34.23,0.3507,0.4249,-0.0009,0.0037,16.1189,16.7769,0.2088,0.1913,0.5433,0.5433,0.6289
146,Oheo,Konawe Utara,2030,6804.74,31767.66,2655.45,3186.72,2016.45,1139.13,19.53,345.6,321.93,5820.79,3710.76,13247397.0,5.11,3.26,11629.4,5615.79,4754.89,10302418.0,2.78,2.36,5109.19,23549815.0,3129500.5,20420314.5,7.5251,1579.11,30.22,-1304.73,-53.39,-328.5,-14.01,-2472.18,-29.81,-1576.01,-29.81,-5626371.0,-29.81,1.72,50.74,1.1,50.93,3906.47,50.58,-3576.42,-38.91,-3028.15,-38.91,-6561094.0,-38.91,-1.14,-29.08,-0.96,-28.92,-2082.23,-28.95,-12187465.0,-34.1,726232.0,30.22,0.652,0.7205,-0.0015,-0.0019,-1.3865,0.1152,0.2081,0.1411,0.2631,0.2631,0.2609
147,Andowia,Konawe Utara,2030,5184.57,9242.46,4666.05,1626.48,894.06,0.0,150.39,395.01,124.56,0.0,0.0,0.0,0.0,0.0,0.0,1697.4,1437.19,3113960.75,1.9,1.61,3482.94,3113960.75,2384384.25,729576.5,1.306,1070.33,26.02,0.0,0.0,-583.02,-39.47,0.0,0.0,0.0,0.0,0.0,0.0,0.0,0.0,0.0,0.0,0.0,0.0,-4092.75,-70.68,-3465.33,-70.68,-7508336.25,-70.68,-2.02,-51.53,-1.71,-51.51,-3708.48,-51.57,-7508336.25,-70.68,492246.0,26.02,0.0,0.356,0.0,-0.0118,0.0,-6.9768,0.0,0.2199,0.3873,0.3873,0.4697
148,Motui,Konawe Utara,2030,2774.22,1921.14,244.89,1661.4,1827.27,2.61,365.76,165.87,2132.82,16.15,10.29,36752.24,6.19,3.94,14081.32,4783.03,4049.8,8774693.0,2.62,2.22,4802.08,8811445.24,1275861.88,7535583.37,6.9063,658.46,31.12,-73.08,-96.55,761.04,71.38,-240.7,-93.71,-153.45,-93.72,-547796.64,-93.71,2.8,82.6,1.78,82.41,6358.39,82.33,603.41,14.44,510.91,14.44,1106989.5,14.44,-1.3,-33.16,-1.1,-33.13,-2389.34,-33.22,559192.86,6.78,302825.13,31.12,0.1885,0.3175,0.0014,-0.0007,13.0243,12.5639,0.2455,0.2151,0.5695,0.5695,0.6146
149,Wawolesea,Konawe Utara,2030,1455.05,2790.45,5.31,235.53,1714.05,0.0,23.85,55.62,0.0,0.0,0.0,0.0,0.0,0.0,0.0,4292.57,3634.52,7874908.5,2.5,2.12,4594.33,7874908.5,669177.88,7205730.62,11.768,298.87,25.85,0.0,0.0,0.9,0.05,0.0,0.0,0.0,0.0,0.0,0.0,0.0,0.0,0.0,0.0,0.0,0.0,-2422.98,-36.08,-2051.54,-36.08,-4445065.5,-36.08,-1.42,-36.22,-1.2,-36.14,-2597.09,-36.11,-4445065.5,-36.08,137449.0,25.85,0.0,0.2967,0.0,-0.0008,0.0,8.1053,0.0,0.2216,0.4882,0.4882,0.4267
150,Lasolo Kepulauan,Konawe Utara,2030,2571.96,18625.77,2288.25,1701.99,414.18,0.0,2795.4,56.07,556.11,0.0,0.0,0.0,0.0,0.0,0.0,744.87,630.68,1366494.62,1.8,1.52,3299.28,1366494.62,1182841.38,183653.25,1.1553,516.61,25.13,0.0,0.0,224.73,118.62,0.0,0.0,0.0,0.0,0.0,0.0,0.0,0.0,0.0,0.0,0.0,0.0,2.23,0.3,1.88,0.3,4080.62,0.3,-2.12,-54.08,-1.8,-54.22,-3892.14,-54.12,4080.62,0.3,237586.19,25.13,0.0,1.3655,0.0,0.0031,0.0,16.2994,0.0,0.0855,0.2793,0.2793,0.3007
151,Landawe,Konawe Utara,2030,3207.36,7554.6,5660.73,2040.57,426.42,961.11,1878.57,4.5,234.18,4865.39,3101.69,11073025.0,5.06,3.23,11521.08,1155.14,978.06,2119163.25,2.71,2.29,4969.66,13192188.25,1475065.12,11717123.12,8.9435,582.44,22.19,-1028.61,-51.7,-823.95,-65.9,-1886.51,-27.94,-1202.64,-27.94,-4293451.0,-27.94,1.67,49.26,1.07,49.54,3798.15,49.18,-3746.31,-76.43,-3172.0,-76.43,-6872767.75,-76.43,-1.21,-30.87,-1.03,-31.02,-2221.76,-30.89,-11166218.75,-45.84,267863.74,22.19,0.887,1.0535,-0.0008,-0.0009,12.7933,19.2802,0.1417,0.0661,0.3986,0.3986,0.1937
152,Kulisusu,Buton Utara,2030,15526.3,5367.15,39.33,2221.38,7097.49,0.0,0.0,912.69,54.63,0.0,0.0,0.0,0.0,0.0,0.0,64014.59,54201.15,117437656.0,9.02,7.64,16546.36,117437656.0,7140545.5,110297110.5,16.4466,2391.35,18.21,0.0,0.0,430.83,6.46,0.0,0.0,0.0,0.0,0.0,0.0,0.0,0.0,0.0,0.0,0.0,0.0,-56385.25,-46.83,-47741.42,-46.83,-103441368.0,-46.83,-9.04,-50.06,-7.65,-50.03,-16585.53,-50.06,-103441368.0,-46.83,1099781.5,18.21,0.0,0.3574,0.0,0.0016,0.0,10.1446,0.0,0.2189,0.6028,0.6028,0.8454
153,Kambowa,Buton Utara,2030,15170.33,18224.01,9.0,667.8,6844.5,0.0,0.0,271.8,0.81,0.0,0.0,0.0,0.0,0.0,0.0,77580.56,65687.48,142325040.0,11.33,9.6,20794.07,142325040.0,6976836.5,135348203.5,20.3997,3716.65,32.45,0.0,0.0,512.82,8.1,0.0,0.0,0.0,0.0,0.0,0.0,0.0,0.0,0.0,0.0,0.0,0.0,-36769.56,-32.16,-31132.77,-32.16,-67455408.0,-32.16,-6.73,-37.26,-5.69,-37.21,-12337.81,-37.24,-67455408.0,-32.16,1709290.5,32.45,0.0,0.306,0.0,0.0017,0.0,7.8238,0.0,0.2459,0.3585,0.3585,0.4241
154,Bonegunu,Buton Utara,2030,17437.27,27219.06,38.52,5078.07,5548.86,0.0,0.0,435.69,163.62,0.0,0.0,0.0,0.0,0.0,0.0,59932.12,50744.52,109948152.0,10.8,9.15,19814.55,109948152.0,8019397.0,101928755.0,13.7103,3864.01,28.47,0.0,0.0,441.27,8.64,0.0,0.0,0.0,0.0,0.0,0.0,0.0,0.0,0.0,0.0,0.0,0.0,-32310.95,-35.03,-27357.68,-35.03,-59275912.0,-35.03,-7.26,-40.2,-6.14,-40.16,-13317.33,-40.19,-59275912.0,-35.03,1777055.5,28.47,0.0,0.2011,0.0,0.0064,0.0,10.6057,0.0,0.2355,0.3861,0.3861,0.6455
155,Kulisusu Barat,Buton Utara,2030,11843.4,20028.15,0.0,257.4,9327.87,31.68,0.0,252.63,23.58,0.0,0.0,0.0,0.0,0.0,0.0,103437.33,87580.41,189760448.0,11.09,9.39,20343.38,189760448.0,5446777.0,184313671.0,34.839,2737.05,30.06,-194.13,-85.97,1352.16,16.95,0.0,0.0,0.0,0.0,0.0,0.0,0.0,0.0,0.0,0.0,0.0,0.0,-40604.0,-28.19,-34379.39,-28.19,-74489872.0,-28.19,-6.97,-38.59,-5.9,-38.59,-12788.51,-38.6,-74489872.0,-28.19,1258767.5,30.06,0.1117,0.1595,0.0049,-0.0004,12.3153,12.9496,0.249,0.2586,0.3083,0.3083,0.6126
156,Kulisusu Utara,Buton Utara,2030,12876.5,34835.4,31.05,3388.32,5089.41,0.0,0.0,512.64,2.97,0.0,0.0,0.0,0.0,0.0,0.0,54733.38,46342.76,100410848.0,10.75,9.11,19729.37,100410848.0,5921899.0,94488949.0,16.9559,2938.69,29.57,0.0,0.0,-1219.32,-19.33,0.0,0.0,0.0,0.0,0.0,0.0,0.0,0.0,0.0,0.0,0.0,0.0,-59202.29,-51.96,-50126.58,-51.96,-108609248.0,-51.96,-7.31,-40.48,-6.18,-40.42,-13402.51,-40.45,-108609248.0,-51.96,1351500.0,29.57,0.0,0.4201,0.0,-0.0036,0.0,16.1365,0.0,0.2433,0.4205,0.4205,0.4888
157,Wakorumba Utara,Buton Utara,2030,7145.74,15394.14,0.0,1627.92,4091.31,0.0,0.0,349.02,8.73,0.0,0.0,0.0,0.0,0.0,0.0,63456.03,53728.22,116412936.0,15.51,13.13,28453.71,116412936.0,3286324.75,113126611.25,35.4234,1476.16,26.04,0.0,0.0,23.94,0.59,0.0,0.0,0.0,0.0,0.0,0.0,0.0,0.0,0.0,0.0,0.0,0.0,-10000.67,-13.61,-8467.57,-13.61,-18346696.0,-13.61,-2.55,-14.12,-2.16,-14.13,-4678.17,-14.12,-18346696.0,-13.61,678885.5,26.04,0.0,0.1946,0.0,0.0027,0.0,14.9634,0.0,0.299,0.3607,0.3607,0.5085
158,Tirawuta,Kolaka Timur,2030,24585.3,14035.5,49.14,1598.76,6702.84,304.92,0.0,676.89,0.0,1878.57,1197.59,4275395.5,6.16,3.93,14021.37,59312.95,50220.27,108812288.0,8.85,7.49,16233.76,113087683.5,11306776.0,101780907.5,10.0018,5828.39,31.07,-173.52,-36.27,-48.69,-0.72,-279.53,-12.95,-178.2,-12.95,-636179.5,-12.95,1.65,36.59,1.05,36.46,3755.56,36.58,-39461.94,-39.95,-33412.44,-39.95,-72394672.0,-39.95,-5.78,-39.51,-4.9,-39.55,-10605.63,-39.52,-73030851.5,-39.24,2680475.0,31.07,0.8696,0.9252,0.0057,0.0061,24.281,26.1334,0.255,0.2364,0.3488,0.3488,0.5042
159,Loea,Kolaka Timur,2030,10859.21,4594.32,23.22,521.73,3416.49,461.52,15.93,386.73,11.52,2858.19,1822.09,6504877.0,6.19,3.95,14094.46,30232.28,25597.66,55462464.0,8.85,7.49,16233.76,61967341.0,4994151.0,56973190.0,12.408,2739.95,33.75,-633.87,-57.87,290.16,9.28,-2082.8,-42.15,-1327.79,-42.15,-4740190.0,-42.15,1.68,37.25,1.07,37.15,3828.65,37.3,-15505.93,-33.9,-13128.88,-33.9,-28446328.0,-33.9,-5.78,-39.51,-4.9,-39.55,-10605.63,-39.52,-33186518.0,-34.88,1260104.5,33.75,0.9746,1.0755,0.0064,0.0075,25.9309,29.021,0.3351,0.2369,0.2974,0.2974,0.4468
160,Ladongi,Kolaka Timur,2030,24996.79,4175.82,134.1,2048.49,6096.6,2712.33,5.94,1202.13,0.0,16810.54,10716.72,38258684.0,6.2,3.95,14105.47,53948.36,45678.08,98970696.0,8.85,7.49,16233.75,137229380.0,11496022.0,125733358.0,11.9371,5419.72,27.68,-1207.62,-30.81,374.04,6.54,-871.21,-4.93,-555.4,-4.93,-1982772.0,-4.93,1.69,37.47,1.07,37.15,3839.66,37.4,-29772.69,-35.56,-25208.54,-35.56,-54619336.0,-35.56,-5.78,-39.51,-4.9,-39.55,-10605.64,-39.52,-56602108.0,-29.2,2492527.0,27.68,0.9101,1.17,0.0067,0.0085,24.9043,31.5366,0.244,0.2349,0.3687,0.3687,0.416
161,Poli Polia,Kolaka Timur,2030,20399.75,284.31,60.84,672.21,10388.07,145.71,0.0,576.27,0.0,952.39,607.15,2167531.0,6.54,4.17,14875.65,91923.28,77831.45,168637376.0,8.85,7.49,16233.75,170804907.0,9381848.0,161423059.0,18.2059,6059.45,42.25,-531.18,-78.47,801.45,8.36,-2100.86,-68.81,-1339.3,-68.81,-4781293.0,-68.81,2.03,45.01,1.29,44.79,4609.84,44.9,-48328.97,-34.46,-40920.14,-34.46,-88661664.0,-34.46,-5.78,-39.51,-4.9,-39.55,-10605.64,-39.52,-93442957.0,-35.36,2786745.5,42.25,1.0646,1.1907,0.0081,0.0091,30.4672,34.4092,0.2277,0.2205,0.4821,0.4821,0.386
162,Lambandia,Kolaka Timur,2030,35688.8,1771.56,102.15,731.16,15490.17,1900.8,0.0,1121.4,0.0,10686.75,6812.8,24321692.0,5.62,3.58,12795.5,132868.72,112499.94,243753648.0,8.58,7.26,15736.02,268075340.0,16413278.0,251662062.0,16.3328,11701.42,48.78,-2241.18,-54.11,2114.01,15.8,-7996.52,-42.8,-5097.78,-42.8,-18199096.0,-42.8,1.11,24.61,0.7,24.31,2529.69,24.64,-62824.53,-32.1,-53193.5,-32.1,-115254320.0,-32.1,-6.05,-41.35,-5.13,-41.4,-11103.37,-41.37,-133453416.0,-33.24,5381482.0,48.78,0.8448,0.9554,0.0068,0.007,25.2277,28.4513,0.2279,0.2334,0.4609,0.4609,0.293
163,Lalolae,Kolaka Timur,2030,7561.2,1671.21,1606.86,440.64,959.85,117.81,0.0,210.33,0.0,652.74,416.12,1485559.5,5.54,3.53,12609.79,8493.64,7191.57,15581968.0,8.85,7.49,16233.75,17067527.5,3477397.5,13590130.0,4.9081,1855.14,32.51,-604.8,-83.7,233.91,32.22,-2606.74,-79.97,-1661.8,-79.97,-5932617.5,-79.97,1.03,22.84,0.65,22.57,2343.98,22.83,-2126.86,-20.03,-1800.81,-20.03,-3901820.0,-20.03,-5.78,-39.51,-4.9,-39.55,-10605.64,-39.52,-9834437.5,-36.56,853181.75,32.51,1.2416,1.2298,0.0076,0.0075,34.3491,34.6198,0.1985,0.2189,0.591,0.591,0.5037
164,Mowewe,Kolaka Timur,2030,17961.26,13632.57,55.62,193.41,2590.02,819.72,0.0,421.65,0.0,3820.12,2435.33,8694117.0,4.66,2.97,10606.2,22962.36,19442.23,42125476.0,8.87,7.51,16264.54,50819593.0,8260380.5,42559212.5,6.1522,4573.43,34.16,-937.98,-53.36,801.18,44.79,-4108.35,-51.82,-2619.07,-51.82,-9350097.0,-51.82,0.15,3.33,0.09,3.13,340.39,3.32,-3208.37,-12.26,-2716.53,-12.26,-5885896.0,-12.26,-5.76,-39.37,-4.88,-39.39,-10574.85,-39.4,-15235993.0,-23.07,2103318.5,34.16,1.1897,1.2431,0.0059,0.0062,39.6993,41.6465,0.2408,0.1734,0.3471,0.3471,0.5348
165,Uluiwoi,Kolaka Timur,2030,13254.83,19577.25,0.0,1105.65,2645.1,0.0,0.0,190.98,89.73,0.0,0.0,0.0,0.0,0.0,0.0,25078.17,21233.69,46007040.0,9.48,8.03,17393.31,46007040.0,6095897.0,39911143.0,7.5472,3620.83,37.58,0.0,0.0,-199.44,-7.01,0.0,0.0,0.0,0.0,0.0,0.0,0.0,0.0,0.0,0.0,0.0,0.0,-16537.45,-39.74,-14002.26,-39.74,-30338680.0,-39.74,-5.15,-35.2,-4.36,-35.19,-9446.08,-35.19,-30338680.0,-39.74,1665219.5,37.58,0.0,1.1761,0.0,0.0023,0.0,24.616,0.0,0.1847,0.252,0.252,0.4005
166,Tinondo,Kolaka Timur,2030,25287.96,29292.03,2395.44,115.38,7893.45,8.82,0.0,285.12,1.71,43.73,27.88,99528.19,4.96,3.16,11284.38,70153.98,59399.39,128700624.0,8.89,7.53,16304.74,128800152.19,11629931.0,117170221.19,11.0749,6504.4,34.63,-560.16,-98.45,-119.61,-1.49,-2522.77,-98.3,-1608.27,-98.3,-5741512.81,-98.3,0.45,9.98,0.28,9.72,1018.57,9.92,-47077.09,-40.16,-39860.13,-40.16,-86365072.0,-40.16,-5.74,-39.23,-4.86,-39.23,-10534.66,-39.25,-92106584.81,-41.69,2991373.0,34.63,1.0132,1.0859,0.0053,0.0049,26.3593,29.5101,0.4444,0.2133,0.266,0.266,0.485
167,Aere,Kolaka Timur,2030,23199.97,11843.28,5.31,1738.17,17042.04,1.62,0.0,70.47,0.0,11.21,7.15,25516.79,6.92,4.41,15751.11,168008.39,142252.67,308218912.0,9.86,8.35,18085.8,308244428.79,10669671.0,297574757.79,28.8898,7139.81,44.46,-344.79,-99.53,1271.07,8.06,-1551.34,-99.28,-988.98,-99.28,-3530662.21,-99.28,2.41,53.44,1.53,53.13,5485.3,53.43,-62720.86,-27.18,-53105.78,-27.18,-115064352.0,-27.18,-4.77,-32.6,-4.04,-32.61,-8753.59,-32.61,-118595014.21,-27.78,3283605.0,44.46,1.1334,1.2746,0.0072,0.0101,32.9764,41.8572,0.3479,0.2238,0.3769,0.3769,0.3791
168,Ueesi,Kolaka Timur,2030,29401.64,182659.5,0.0,1491.3,2601.72,0.0,0.0,69.21,340.11,0.0,0.0,0.0,0.0,0.0,0.0,25846.88,21884.55,47417264.0,9.93,8.41,18225.35,47417264.0,13521814.0,33895450.0,3.5067,9479.0,47.58,0.0,0.0,-919.53,-26.11,0.0,0.0,0.0,0.0,0.0,0.0,0.0,0.0,0.0,0.0,0.0,0.0,-25669.02,-49.83,-21733.94,-49.83,-47090944.0,-49.83,-4.7,-32.13,-3.98,-32.12,-8614.04,-32.09,-47090944.0,-49.83,4359392.0,47.58,0.0,1.6164,0.0,0.0028,0.0,48.8158,0.0,0.0585,0.0699,0.0699,0.1765
169,Dangia,Kolaka Timur,2030,14058.37,1936.8,83.52,2360.25,7466.31,164.43,0.0,569.43,0.0,1024.35,653.02,2331295.25,6.23,3.97,14178.04,65642.88,55579.82,120424784.0,8.79,7.44,16129.09,122756079.25,6465445.5,116290633.75,18.9865,3129.52,28.64,-397.35,-70.73,528.57,7.62,-1509.68,-59.58,-962.42,-59.58,-3435832.25,-59.58,1.72,38.14,1.09,37.85,3912.23,38.11,-35856.26,-35.33,-30359.5,-35.33,-65779920.0,-35.33,-5.84,-39.92,-4.95,-39.95,-10710.3,-39.91,-69215752.25,-36.06,1439268.5,28.64,0.9726,0.8253,0.0088,0.0062,23.7915,23.629,0.2534,0.2452,0.4599,0.4599,0.3218
170,Wawonii Barat,Konawe Kepulauan,2030,10580.53,3616.83,126.0,3901.32,2302.47,0.0,0.0,289.89,2.25,0.0,0.0,0.0,0.0,0.0,0.0,27598.66,23367.79,50630972.0,11.99,10.15,21989.85,50630972.0,4865987.5,45764984.5,10.4051,1273.0,13.68,0.0,0.0,-741.15,-24.35,0.0,0.0,0.0,0.0,0.0,0.0,0.0,0.0,0.0,0.0,0.0,0.0,-30869.28,-52.8,-26137.02,-52.8,-56631092.0,-52.8,-7.22,-37.58,-6.12,-37.62,-13251.76,-37.6,-56631092.0,-52.8,585457.5,13.68,0.0,0.8791,0.0,-0.0002,0.0,26.7258,0.0,0.1235,0.4316,0.4316,0.2541
171,Wawonii Utara,Konawe Kepulauan,2030,7052.83,6773.22,0.0,1671.75,2837.97,0.0,0.0,207.81,0.0,0.0,0.0,0.0,0.0,0.0,0.0,33858.3,28667.83,62114584.0,11.93,10.1,21886.98,62114584.0,3243595.0,58870989.0,19.1499,1332.45,23.29,-114.48,-100.0,-221.76,-7.25,0.0,0.0,0.0,0.0,0.0,0.0,0.0,0.0,0.0,0.0,0.0,0.0,-24919.11,-42.4,-21099.01,-42.4,-45715224.0,-42.4,-7.28,-37.9,-6.17,-37.92,-13354.63,-37.89,-45715224.0,-42.4,612793.5,23.29,0.0,0.8587,0.0,0.0013,0.0,35.9729,0.0,0.1405,0.3124,0.3124,0.2075
172,Wawonii Timur Laut,Konawe Kepulauan,2030,3124.64,922.95,0.0,639.0,1693.71,0.0,0.0,165.51,157.23,0.0,0.0,0.0,0.0,0.0,0.0,20217.29,17117.98,37089516.0,11.94,10.11,21898.39,37089516.0,1437020.5,35652495.5,25.81,476.61,18.0,0.0,0.0,50.94,3.1,0.0,0.0,0.0,0.0,0.0,0.0,0.0,0.0,0.0,0.0,0.0,0.0,-11340.32,-35.94,-9601.85,-35.94,-20804336.0,-35.94,-7.27,-37.84,-6.16,-37.86,-13343.22,-37.86,-20804336.0,-35.94,219191.75,18.0,0.0,0.8402,0.0,0.0002,0.0,41.3972,0.0,0.1482,0.4394,0.4394,0.1698
173,Wawonii Timur,Konawe Kepulauan,2030,5355.3,3939.75,0.0,2023.56,2940.93,0.0,0.0,188.55,0.45,0.0,0.0,0.0,0.0,0.0,0.0,34148.83,28913.82,62647556.0,11.61,9.83,21301.95,62647556.0,2462900.75,60184655.25,25.4365,315.43,6.26,0.0,0.0,-782.19,-21.01,0.0,0.0,0.0,0.0,0.0,0.0,0.0,0.0,0.0,0.0,0.0,0.0,-37372.31,-52.25,-31643.13,-52.25,-68561188.0,-52.25,-7.6,-39.56,-6.44,-39.58,-13939.66,-39.55,-68561188.0,-52.25,145064.5,6.26,0.0,0.8376,0.0,0.0007,0.0,40.4024,0.0,0.1496,0.2462,0.2462,0.1779
174,Wawonii Tenggara,Konawe Kepulauan,2030,8560.78,9213.57,0.0,5491.8,643.5,0.0,161.64,181.71,1.08,0.0,0.0,0.0,0.0,0.0,0.0,7719.93,6536.47,14162562.0,12.0,10.16,22008.64,14162562.0,3937102.0,10225460.0,3.5972,1022.25,13.56,0.0,0.0,-229.95,-26.33,0.0,0.0,0.0,0.0,0.0,0.0,0.0,0.0,0.0,0.0,0.0,0.0,-9059.04,-53.99,-7670.29,-53.99,-16619214.0,-53.99,-7.21,-37.53,-6.11,-37.55,-13232.96,-37.55,-16619214.0,-53.99,470130.75,13.56,0.0,0.9549,0.0,-0.0068,0.0,40.016,0.0,0.1362,0.316,0.316,0.2158
175,Wawonii Selatan,Konawe Kepulauan,2030,7914.37,6921.27,0.0,3353.94,3375.99,0.0,0.0,152.37,90.09,0.0,0.0,0.0,0.0,0.0,0.0,40298.14,34120.44,73928744.0,11.94,10.11,21898.39,73928744.0,3639817.75,70288926.25,20.3111,1805.66,29.56,-91.44,-100.0,6.93,0.21,0.0,0.0,0.0,0.0,0.0,0.0,0.0,0.0,0.0,0.0,0.0,0.0,-24421.49,-37.73,-20677.68,-37.73,-44802352.0,-37.73,-7.27,-37.84,-6.16,-37.86,-13343.22,-37.86,-44802352.0,-37.73,830421.25,29.56,0.0,0.7944,0.0,-0.0003,0.0,20.2017,0.0,0.1624,0.3964,0.3964,0.2538
176,Wawonii Tengah,Konawe Kepulauan,2030,6903.6,1730.88,0.0,2828.61,1404.0,0.0,0.0,280.8,283.05,0.0,0.0,0.0,0.0,0.0,0.0,16184.2,13703.16,29690646.0,11.53,9.76,21147.18,29690646.0,3174963.5,26515682.5,9.3515,1232.18,21.73,0.0,0.0,-517.68,-26.94,0.0,0.0,0.0,0.0,0.0,0.0,0.0,0.0,0.0,0.0,0.0,0.0,-20731.27,-56.16,-17553.17,-56.16,-38032434.0,-56.16,-7.68,-39.98,-6.51,-40.01,-14094.42,-39.99,-38032434.0,-56.16,566676.25,21.73,0.0,0.8395,0.0,-0.0029,0.0,20.0068,0.0,0.1336,0.4485,0.4485,0.2817
177,Sawerigadi,Muna Barat,2030,16172.64,553.59,142.92,695.97,8527.41,17.37,0.0,182.07,50.4,83.04,52.94,188993.0,4.78,3.05,10880.43,43312.06,36672.32,79457928.0,5.08,4.3,9317.94,79646921.0,7437795.0,72209126.0,10.7084,3069.71,23.43,-228.96,-92.95,984.06,13.05,-688.34,-89.23,-438.81,-89.23,-1566565.88,-89.23,1.65,52.72,1.05,52.5,3753.57,52.67,-17185.61,-28.41,-14551.05,-28.41,-31527752.0,-28.41,-2.94,-36.66,-2.49,-36.67,-5395.11,-36.67,-33094317.88,-29.35,1411756.0,23.43,0.3664,0.3682,0.0052,0.0046,10.5753,8.682,0.2462,0.244,0.4739,0.4739,0.5045
178,Barangka,Muna Barat,2030,8524.32,0.63,0.0,549.0,3800.07,0.0,0.0,333.09,0.0,0.0,0.0,0.0,0.0,0.0,0.0,17467.58,14789.8,32045056.0,4.6,3.89,8432.75,32045056.0,3920334.25,28124721.75,8.1741,1583.36,22.81,0.0,0.0,263.34,7.45,0.0,0.0,0.0,0.0,0.0,0.0,0.0,0.0,0.0,0.0,0.0,0.0,-10896.99,-38.42,-9226.49,-38.42,-19991036.0,-38.42,-3.42,-42.64,-2.9,-42.71,-6280.3,-42.69,-19991036.0,-38.42,728189.0,22.81,0.0,0.2038,0.0,0.0052,0.0,10.7896,0.0,0.2677,0.5871,0.5871,0.4342
179,Lawa,Muna Barat,2030,13228.41,300.87,0.0,2008.98,6085.26,0.0,0.0,292.86,6.75,0.0,0.0,0.0,0.0,0.0,0.0,27461.73,23251.85,50379784.0,4.51,3.82,8278.99,50379784.0,6083747.5,44296036.5,8.281,2568.72,24.1,0.0,0.0,1045.53,20.75,0.0,0.0,0.0,0.0,0.0,0.0,0.0,0.0,0.0,0.0,0.0,0.0,-12956.9,-32.06,-10970.6,-32.06,-23770024.0,-32.06,-3.51,-43.77,-2.97,-43.74,-6434.06,-43.73,-23770024.0,-32.06,1181357.0,24.1,0.0,0.2838,0.0,0.0013,0.0,13.0981,0.0,0.2771,0.4926,0.4926,0.4213
180,Wadaga,Muna Barat,2030,13697.47,1038.78,100.53,820.71,11925.18,0.0,0.0,150.48,0.0,0.0,0.0,0.0,0.0,0.0,0.0,57899.06,49023.13,106218432.0,4.86,4.11,8907.07,106218432.0,6299465.0,99918967.0,16.8615,2029.75,17.4,0.0,0.0,2474.46,26.18,0.0,0.0,0.0,0.0,0.0,0.0,0.0,0.0,0.0,0.0,0.0,0.0,-17895.71,-23.61,-15152.3,-23.61,-32830512.0,-23.61,-3.16,-39.4,-2.68,-39.47,-5805.98,-39.46,-32830512.0,-23.61,933480.0,17.4,0.0,0.1803,0.0,0.0045,0.0,8.2577,0.0,0.2924,0.3982,0.3982,0.502
181,Tiworo Selatan,Muna Barat,2030,9891.07,116.01,0.0,222.21,4538.43,16.02,0.0,437.67,256.32,76.59,48.82,174304.44,4.78,3.05,10880.43,23301.18,19729.11,42747060.0,5.13,4.35,9418.91,42921364.44,4548903.0,38372461.44,9.4355,1166.59,13.37,-322.47,-95.27,391.05,9.43,-983.38,-92.77,-626.91,-92.78,-2238065.56,-92.77,1.65,52.72,1.05,52.5,3753.57,52.67,-9960.8,-29.95,-8433.81,-29.95,-18273552.0,-29.95,-2.89,-36.03,-2.44,-35.94,-5294.14,-35.98,-20511617.56,-32.34,536512.25,13.37,0.485,0.4383,0.0032,0.0029,10.0936,9.6083,0.2368,0.2405,0.5819,0.5819,0.6979
182,Maginti,Muna Barat,2030,6019.51,497.07,0.0,238.68,2466.45,0.0,0.0,188.19,169.83,0.0,0.0,0.0,0.0,0.0,0.0,12698.27,10751.63,23295548.0,5.15,4.36,9444.97,23295548.0,2768373.5,20527174.5,8.4149,788.56,15.07,-6.75,-100.0,260.82,11.83,-21.14,-100.0,-13.48,-100.0,-48106.29,-100.0,-3.13,-100.0,-2.0,-100.0,-7126.86,-100.0,-4990.88,-28.21,-4225.78,-28.21,-9155998.0,-28.21,-2.87,-35.79,-2.43,-35.79,-5268.08,-35.81,-9204104.29,-28.32,362659.0,15.07,0.0,0.5666,0.0,0.0011,0.0,8.5547,0.0,0.2206,0.4699,0.4699,0.7653
183,Tiworo Tengah,Muna Barat,2030,13960.72,457.2,0.0,36.63,5104.08,0.0,0.0,698.67,229.77,0.0,0.0,0.0,0.0,0.0,0.0,26108.52,22106.09,47897252.0,5.12,4.33,9384.11,47897252.0,6420535.5,41476716.5,7.46,1427.97,11.39,-59.04,-100.0,3.42,0.07,-184.88,-100.0,-117.86,-100.0,-420769.69,-100.0,-3.13,-100.0,-2.0,-100.0,-7126.86,-100.0,-14798.77,-36.18,-12530.11,-36.18,-27149020.0,-36.18,-2.9,-36.16,-2.46,-36.23,-5328.94,-36.22,-27569789.69,-36.53,656724.5,11.39,0.0,0.5814,0.0,0.0017,0.0,6.0807,0.0,0.2224,0.5732,0.5732,0.7795
184,Tiworo Utara,Muna Barat,2030,4616.74,3623.94,0.0,631.35,549.36,0.0,41.4,187.83,195.39,0.0,0.0,0.0,0.0,0.0,0.0,2403.93,2035.4,4410111.0,4.38,3.71,8027.72,4410111.0,2123237.25,2286873.75,2.0771,753.39,19.5,0.0,0.0,37.35,7.29,0.0,0.0,0.0,0.0,0.0,0.0,0.0,0.0,0.0,0.0,0.0,0.0,-1702.39,-41.46,-1441.42,-41.46,-3123118.5,-41.46,-3.64,-45.39,-3.08,-45.36,-6685.33,-45.44,-3123118.5,-41.46,346483.5,19.5,0.0,0.653,0.0,0.0016,0.0,2.1803,0.0,0.2081,0.2278,0.2278,0.5043
185,Tiworo Kepulauan,Muna Barat,2030,14513.65,475.47,0.0,2.7,5422.5,3.96,0.0,340.65,564.03,18.93,12.07,43086.49,4.78,3.05,10880.43,27427.65,23222.99,50317248.0,5.06,4.28,9279.34,50360334.49,6674829.5,43685504.99,7.5448,1592.22,12.32,-196.92,-98.03,54.0,1.01,-610.12,-96.99,-388.95,-96.99,-1388556.63,-96.99,1.65,52.72,1.05,52.5,3753.57,52.67,-15627.72,-36.3,-13231.99,-36.3,-28669768.0,-36.3,-2.96,-36.91,-2.51,-36.97,-5433.71,-36.93,-30058324.63,-37.38,732263.0,12.32,0.4848,0.5044,0.0075,0.0038,9.8576,6.5432,0.1981,0.2252,0.5212,0.5212,0.6421
186,Kusambi,Muna Barat,2030,16102.07,1040.58,0.0,485.91,5639.13,0.0,0.0,760.23,47.16,0.0,0.0,0.0,0.0,0.0,0.0,28104.29,23795.9,51558588.0,4.98,4.22,9143.0,51558588.0,7405341.5,44153246.5,6.9624,4428.65,37.94,0.0,0.0,414.99,7.94,0.0,0.0,0.0,0.0,0.0,0.0,0.0,0.0,0.0,0.0,0.0,0.0,-13793.31,-32.92,-11678.8,-32.92,-25304452.0,-32.92,-3.04,-37.91,-2.57,-37.85,-5570.05,-37.86,-25304452.0,-32.92,2036734.0,37.94,0.0,0.3921,0.0,0.0028,0.0,6.2877,0.0,0.2403,0.4682,0.4682,0.3963
187,Napano Kusambi,Muna Barat,2030,11166.8,1100.79,544.41,2485.98,4100.4,0.0,0.0,131.49,183.6,0.0,0.0,0.0,0.0,0.0,0.0,19818.48,16780.31,36357900.0,4.83,4.09,8866.92,36357900.0,5135610.0,31222290.0,7.0796,1306.62,13.25,0.0,0.0,973.53,31.13,0.0,0.0,0.0,0.0,0.0,0.0,0.0,0.0,0.0,0.0,0.0,0.0,-5259.02,-20.97,-4452.81,-20.97,-9647900.0,-20.97,-3.19,-39.78,-2.7,-39.76,-5846.13,-39.73,-9647900.0,-20.97,600911.0,13.25,0.0,0.5294,0.0,0.0032,0.0,6.7363,0.0,0.2261,0.3249,0.3249,0.3359
188,Lakudo,Buton Tengah,2030,40220.9,94.77,0.0,19595.07,50.04,0.0,0.0,877.95,0.9,0.0,0.0,0.0,0.0,0.0,0.0,642.08,543.65,1177924.5,12.83,10.86,23539.66,1177924.5,18497588.0,-17319663.5,0.0637,7697.25,23.67,0.0,0.0,-91.35,-64.61,0.0,0.0,0.0,0.0,0.0,0.0,0.0,0.0,0.0,0.0,0.0,0.0,-2003.33,-75.73,-1696.22,-75.73,-3675193.5,-75.73,-5.88,-31.43,-4.98,-31.44,-10784.68,-31.42,-3675193.5,-75.73,3539962.0,23.67,0.0,0.2383,0.0,0.0023,0.0,3.6494,0.0,0.4261,0.4584,0.4584,0.7358
189,Mawasangka Timur,Buton Tengah,2030,19418.88,66.87,0.0,8688.24,65.25,0.0,0.0,442.35,71.82,0.0,0.0,0.0,0.0,0.0,0.0,806.31,682.7,1479206.5,12.36,10.46,22669.83,1479206.5,8930741.0,-7451534.5,0.1656,3675.17,23.34,0.0,0.0,65.25,0.0,0.0,0.0,0.0,0.0,0.0,0.0,0.0,0.0,0.0,0.0,0.0,0.0,806.31,0.0,682.7,0.0,1479206.5,0.0,12.36,0.0,10.46,0.0,22669.83,0.0,1479206.5,0.0,1690207.0,23.34,0.0,0.0,0.0,0.0,0.0,0.0,0.0,0.0,0.4787,0.4787,0.795
190,Mawasangka Tengah,Buton Tengah,2030,18965.02,60.03,0.0,11532.51,57.78,0.0,0.0,519.57,27.36,0.0,0.0,0.0,0.0,0.0,0.0,713.44,604.07,1308842.62,12.35,10.45,22652.17,1308842.62,8722015.0,-7413172.38,0.1501,4161.36,28.11,0.0,0.0,44.64,339.73,0.0,0.0,0.0,0.0,0.0,0.0,0.0,0.0,0.0,0.0,0.0,0.0,467.59,190.19,395.91,190.2,857820.84,190.19,-6.36,-33.99,-5.39,-34.03,-11672.17,-34.01,857820.84,190.19,1913813.5,28.11,0.0,0.5566,0.0,-0.0004,0.0,-22.3081,0.0,0.1722,0.4456,0.4456,0.7136
191,Mawasangka,Buton Tengah,2030,43767.93,2082.69,14.13,15826.32,3868.29,0.0,0.0,1046.25,29.43,0.0,0.0,0.0,0.0,0.0,0.0,44858.67,37981.82,82295232.0,11.6,9.82,21274.32,82295232.0,20128862.0,62166370.0,4.0884,6188.99,16.47,-85.05,-100.0,1191.24,44.5,-238.65,-100.0,-152.14,-100.0,-543136.69,-100.0,-2.81,-100.0,-1.79,-100.0,-6386.09,-100.0,-5228.94,-10.44,-4427.36,-10.44,-9592728.0,-10.44,-7.11,-38.0,-6.02,-38.01,-13050.01,-38.02,-10135864.69,-10.97,2846304.0,16.47,0.0,0.6935,0.0,0.0056,0.0,-2.3059,0.0,0.1716,0.4557,0.4557,0.6846
192,Talaga Raya,Buton Tengah,2030,8427.12,926.46,16.02,6237.9,76.68,0.0,1472.22,214.56,2.52,0.0,0.0,0.0,0.0,0.0,0.0,710.66,601.72,1303741.88,9.27,7.85,17002.37,1303741.88,3875634.0,-2571892.12,0.3364,2213.31,35.62,0.0,0.0,-422.19,-84.63,0.0,0.0,0.0,0.0,0.0,0.0,0.0,0.0,0.0,0.0,0.0,0.0,-8623.2,-92.39,-7301.26,-92.39,-15819638.12,-92.39,-9.44,-50.45,-7.99,-50.44,-17321.96,-50.47,-15819638.12,-92.39,1017902.25,35.62,0.0,0.5692,0.0,0.0028,0.0,-26.8488,0.0,0.1471,0.2041,0.2041,0.4225
193,Gu,Buton Tengah,2030,24921.7,16.11,0.0,7315.47,861.75,0.0,0.0,538.29,0.09,0.0,0.0,0.0,0.0,0.0,0.0,11536.21,9767.71,21163704.0,13.39,11.33,24558.98,21163704.0,11461492.0,9702212.0,1.8465,5790.73,30.27,0.0,0.0,33.66,4.06,0.0,0.0,0.0,0.0,0.0,0.0,0.0,0.0,0.0,0.0,0.0,0.0,-3957.35,-25.54,-3350.69,-25.54,-7259932.0,-25.54,-5.32,-28.43,-4.51,-28.47,-9765.35,-28.45,-7259932.0,-25.54,2663157.0,30.27,0.0,0.4123,0.0,0.0016,0.0,-0.1815,0.0,0.2097,0.6362,0.6362,0.7592
194,Sangia Wambulu,Buton Tengah,2030,5515.58,0.27,0.0,754.92,0.27,0.0,0.0,189.09,0.63,0.0,0.0,0.0,0.0,0.0,0.0,3.61,3.06,6630.93,13.39,11.33,24558.98,6630.93,2536613.75,-2529982.82,0.0026,1710.8,44.96,0.0,0.0,-117.72,-99.77,0.0,0.0,0.0,0.0,0.0,0.0,0.0,0.0,0.0,0.0,0.0,0.0,-2203.98,-99.84,-1866.11,-99.84,-4043297.32,-99.84,-5.32,-28.43,-4.51,-28.47,-9765.35,-28.45,-4043297.32,-99.84,786796.25,44.96,0.0,0.1925,0.0,-0.0074,0.0,22.4536,0.0,0.2974,0.7426,0.7426,0.8801
195,Batauga,Buton Selatan,2030,38696.89,6203.88,0.0,4322.34,3683.61,0.0,0.0,466.47,0.0,0.0,0.0,0.0,0.0,0.0,0.0,45519.09,38541.02,83506824.0,12.36,10.46,22669.83,83506824.0,17796700.0,65710124.0,4.6923,12497.33,47.7,0.0,0.0,-355.14,-8.79,0.0,0.0,0.0,0.0,0.0,0.0,0.0,0.0,0.0,0.0,0.0,0.0,-30045.93,-39.76,-25439.88,-39.76,-55120568.0,-39.76,-6.35,-33.94,-5.38,-33.96,-11654.5,-33.95,-55120568.0,-39.76,5747519.0,47.7,0.0,0.6431,0.0,0.0006,0.0,-11.1491,0.0,0.1847,0.4077,0.4077,0.6644
196,Sampolawa,Buton Selatan,2030,36972.41,9504.99,0.0,11321.73,1774.17,0.0,0.0,366.84,23.76,0.0,0.0,0.0,0.0,0.0,0.0,20832.93,17639.25,38218960.0,11.74,9.94,21541.88,38218960.0,17003616.0,21215344.0,2.2477,5942.8,19.15,0.0,0.0,-306.63,-14.74,0.0,0.0,0.0,0.0,0.0,0.0,0.0,0.0,0.0,0.0,0.0,0.0,-18098.83,-46.49,-15324.28,-46.49,-33203104.0,-46.49,-6.97,-37.25,-5.9,-37.25,-12782.45,-37.24,-33203104.0,-46.49,2733098.0,19.15,0.0,0.6398,0.0,0.0001,0.0,-2.6403,0.0,0.1638,0.429,0.429,0.6814
197,Lapandewa,Buton Selatan,2030,10513.56,284.13,0.0,4950.63,9.99,0.0,0.0,202.5,12.42,0.0,0.0,0.0,0.0,0.0,0.0,123.45,104.52,226471.59,12.36,10.46,22669.83,226471.59,4835186.0,-4608714.41,0.0468,2504.37,31.27,0.0,0.0,9.99,0.0,0.0,0.0,0.0,0.0,0.0,0.0,0.0,0.0,0.0,0.0,0.0,0.0,123.45,0.0,104.52,0.0,226471.59,0.0,12.36,0.0,10.46,0.0,22669.83,0.0,226471.59,0.0,1151760.75,31.27,0.0,0.0,0.0,0.0,0.0,0.0,0.0,0.0,0.4818,0.4818,0.4485
198,Batu Atas,Buton Selatan,2030,2271.5,0.27,0.0,0.99,714.96,0.0,0.0,155.7,0.0,0.0,0.0,0.0,0.0,0.0,0.0,8834.9,7480.51,16208023.0,12.36,10.46,22669.83,16208023.0,1044662.94,15163360.06,15.5151,555.95,32.41,0.0,0.0,-98.46,-12.1,0.0,0.0,0.0,0.0,0.0,0.0,0.0,0.0,0.0,0.0,0.0,0.0,-6384.19,-41.95,-5405.49,-41.95,-11712077.0,-41.95,-6.35,-33.94,-5.38,-33.96,-11654.5,-33.95,-11712077.0,-41.95,255681.38,32.41,0.0,0.659,0.0,0.0,0.0,-69.511,0.0,0.1584,0.6073,0.6073,0.094
199,Siompu Barat,Buton Selatan,2030,8051.18,1.35,0.0,1471.23,4.59,0.0,0.0,230.85,0.0,0.0,0.0,0.0,0.0,0.0,0.0,56.72,48.02,104054.52,12.36,10.46,22669.83,104054.52,3702737.75,-3598683.23,0.0281,1117.49,16.12,0.0,0.0,-124.29,-96.44,0.0,0.0,0.0,0.0,0.0,0.0,0.0,0.0,0.0,0.0,0.0,0.0,-2354.62,-97.65,-1993.67,-97.65,-4319665.98,-97.65,-6.35,-33.94,-5.38,-33.96,-11654.51,-33.95,-4319665.98,-97.65,513932.75,16.12,0.0,0.8443,0.0,0.0004,0.0,-49.1178,0.0,0.125,0.5336,0.5336,0.4434
200,Siompu,Buton Selatan,2030,14676.38,4.14,0.0,3414.69,0.0,0.0,0.0,189.99,0.0,0.0,0.0,0.0,0.0,0.0,0.0,0.0,0.0,0.0,0.0,0.0,0.0,0.0,6749669.0,-6749669.0,0.0,3105.98,26.84,0.0,0.0,0.0,0.0,0.0,0.0,0.0,0.0,0.0,0.0,0.0,0.0,0.0,0.0,0.0,0.0,0.0,0.0,0.0,0.0,0.0,0.0,0.0,0.0,0.0,0.0,0.0,0.0,0.0,0.0,1428444.0,26.84,0.0,0.0,0.0,0.0,0.0,0.0,0.0,0.0,0.566,0.566,0.5008
201,Kadatua,Buton Selatan,2030,9512.58,18.54,0.0,2214.09,0.0,0.0,0.0,169.02,0.72,0.0,0.0,0.0,0.0,0.0,0.0,0.0,0.0,0.0,0.0,0.0,0.0,0.0,4374835.5,-4374835.5,0.0,1829.11,23.81,0.0,0.0,0.0,0.0,0.0,0.0,0.0,0.0,0.0,0.0,0.0,0.0,0.0,0.0,0.0,0.0,0.0,0.0,0.0,0.0,0.0,0.0,0.0,0.0,0.0,0.0,0.0,0.0,0.0,0.0,841207.0,23.81,0.0,0.0,0.0,0.0,0.0,0.0,0.0,0.0,0.5971,0.5971,0.7962
202,Mandonga,Kota Kendari,2030,62708.77,32.76,0.0,1791.27,167.22,0.0,0.0,512.73,103.32,0.0,0.0,0.0,0.0,0.0,0.0,2059.2,1743.53,3777696.0,12.31,10.43,22591.17,3777696.0,28839766.0,-25062070.0,0.131,14675.96,30.55,0.0,0.0,146.7,714.91,0.0,0.0,0.0,0.0,0.0,0.0,0.0,0.0,0.0,0.0,0.0,0.0,1653.11,407.08,1399.69,407.08,3032704.25,407.08,-7.48,-37.8,-6.33,-37.77,-13714.47,-37.78,3032704.25,407.08,6749478.0,30.55,0.0,0.157,0.0,0.004,0.0,14.4876,0.0,0.28,0.7254,0.7254,0.9585
203,Kendari,Kota Kendari,2030,21180.36,13.68,0.0,780.93,207.09,0.0,0.0,437.85,3.24,0.0,0.0,0.0,0.0,0.0,0.0,2508.41,2123.87,4601792.0,12.11,10.26,22221.22,4601792.0,9740849.0,-5139057.0,0.4724,5275.07,33.17,0.0,0.0,-294.75,-58.73,0.0,0.0,0.0,0.0,0.0,0.0,0.0,0.0,0.0,0.0,0.0,0.0,-7423.0,-74.74,-6285.06,-74.74,-13617832.0,-74.74,-7.68,-38.81,-6.5,-38.78,-14084.42,-38.79,-13617832.0,-74.74,2426006.5,33.17,0.0,0.4589,0.0,0.001,0.0,14.0625,0.0,0.1987,0.5961,0.5961,1.0
204,Baruga,Kota Kendari,2030,64373.29,0.0,0.0,292.86,1690.47,136.8,0.0,1456.47,48.15,683.95,436.02,1556576.62,5.0,3.19,11378.48,21432.57,18146.96,39319028.0,12.68,10.73,23259.23,40875604.62,29605280.0,11270324.62,1.3807,15344.66,31.3,-272.52,-66.58,-59.22,-3.38,-679.26,-49.83,-433.03,-49.83,-1545919.88,-49.83,1.67,50.15,1.07,50.47,3798.84,50.12,-13193.79,-38.1,-11171.18,-38.1,-24204592.0,-38.1,-7.11,-35.93,-6.03,-35.98,-13046.41,-35.93,-25750511.88,-38.65,7057014.0,31.3,0.2065,0.2232,0.0004,0.0005,8.2842,9.1196,0.245,0.2504,0.7667,0.7667,0.9832
205,Poasia,Kota Kendari,2030,70391.81,551.61,0.0,0.0,1438.92,0.0,0.0,956.7,216.72,0.0,0.0,0.0,0.0,0.0,0.0,17429.15,14757.26,31974554.0,12.11,10.26,22221.22,31974554.0,32373196.0,-398642.0,0.9877,18462.44,35.55,0.0,0.0,-139.95,-8.86,0.0,0.0,0.0,0.0,0.0,0.0,0.0,0.0,0.0,0.0,0.0,0.0,-13816.69,-44.22,-11698.59,-44.22,-25347338.0,-44.22,-7.68,-38.81,-6.5,-38.78,-14084.42,-38.79,-25347338.0,-44.22,8490880.0,35.55,0.0,0.3152,0.0,0.0008,0.0,10.9893,0.0,0.2241,0.6993,0.6993,0.9878
206,Kendari Barat,Kota Kendari,2030,60053.5,1.44,0.0,1533.42,114.66,0.0,0.0,583.38,11.61,0.0,0.0,0.0,0.0,0.0,0.0,1388.84,1175.93,2547885.0,12.11,10.26,22221.22,2547885.0,27618606.0,-25070721.0,0.0923,15203.93,33.9,0.0,0.0,-88.11,-43.45,0.0,0.0,0.0,0.0,0.0,0.0,0.0,0.0,0.0,0.0,0.0,0.0,-2623.98,-65.39,-2221.72,-65.39,-4813810.0,-65.39,-7.68,-38.81,-6.5,-38.78,-14084.42,-38.79,-4813810.0,-65.39,6992292.0,33.9,0.0,0.3599,0.0,0.0012,0.0,12.9271,0.0,0.2148,0.515,0.515,1.0
207,Abeli,Kota Kendari,2030,22990.54,340.29,0.0,1.89,695.34,0.0,0.0,328.59,13.14,0.0,0.0,0.0,0.0,0.0,0.0,8422.42,7131.26,15451302.0,12.11,10.26,22221.22,15451302.0,10573346.0,4877956.0,1.4613,6118.57,36.26,0.0,0.0,-98.73,-12.43,0.0,0.0,0.0,0.0,0.0,0.0,0.0,0.0,0.0,0.0,0.0,0.0,-7292.23,-46.4,-6174.33,-46.4,-13377920.0,-46.4,-7.68,-38.81,-6.5,-38.78,-14084.42,-38.79,-13377920.0,-46.4,2813926.5,36.26,0.0,0.3617,0.0,0.0009,0.0,11.8786,0.0,0.2169,0.6072,0.6072,0.9758
208,Wua-Wua,Kota Kendari,2030,66334.93,0.0,0.0,616.59,87.39,0.0,0.0,739.53,13.32,0.0,0.0,0.0,0.0,0.0,0.0,1133.09,959.39,2078706.25,12.97,10.98,23786.55,2078706.25,30507434.0,-28428727.75,0.0681,21667.32,48.51,0.0,0.0,44.64,104.42,0.0,0.0,0.0,0.0,0.0,0.0,0.0,0.0,0.0,0.0,0.0,0.0,287.07,33.93,243.06,33.93,526640.13,33.93,-6.82,-34.46,-5.78,-34.49,-12519.09,-34.48,526640.13,33.93,9964806.0,48.51,0.0,0.5163,0.0,0.0041,0.0,20.4937,0.0,0.1709,0.8441,0.8441,1.0
209,Kadia,Kota Kendari,2030,69628.82,0.0,0.0,0.0,1.62,0.0,0.0,629.37,31.86,0.0,0.0,0.0,0.0,0.0,0.0,22.24,18.83,40798.16,13.73,11.62,25184.05,40798.16,32022296.0,-31981497.84,0.0013,18621.46,36.51,0.0,0.0,1.35,500.0,0.0,0.0,0.0,0.0,0.0,0.0,0.0,0.0,0.0,0.0,0.0,0.0,16.9,316.48,14.31,316.59,30995.64,316.2,-6.06,-30.62,-5.14,-30.67,-11121.59,-30.63,30995.64,316.2,8564012.0,36.51,0.0,0.0163,0.0,0.0007,0.0,8.0644,0.0,0.291,0.945,0.945,1.0
210,Puuwatu,Kota Kendari,2030,53167.55,0.0,12.51,2833.92,186.03,0.0,0.0,981.0,0.0,0.0,0.0,0.0,0.0,0.0,0.0,2464.3,2086.52,4520863.0,13.25,11.22,24301.8,4520863.0,24451754.0,-19930891.0,0.1849,11750.03,28.37,0.0,0.0,104.85,129.16,0.0,0.0,0.0,0.0,0.0,0.0,0.0,0.0,0.0,0.0,0.0,0.0,857.75,53.39,726.25,53.39,1573571.0,53.39,-6.54,-33.05,-5.54,-33.05,-12003.84,-33.06,1573571.0,53.39,5403834.0,28.37,0.0,-0.3535,0.0,-0.0003,0.0,0.135,0.0,0.4503,0.7303,0.7303,0.9883
211,Kambu,Kota Kendari,2030,86061.41,198.36,0.0,112.68,1415.07,0.0,0.0,1112.13,275.4,0.0,0.0,0.0,0.0,0.0,0.0,16520.41,13987.83,30307430.0,11.67,9.88,21417.62,30307430.0,39579648.0,-9272218.0,0.7657,25413.62,41.9,0.0,0.0,122.85,9.51,0.0,0.0,0.0,0.0,0.0,0.0,0.0,0.0,0.0,0.0,0.0,0.0,-9052.62,-35.4,-7664.86,-35.4,-16607450.0,-35.4,-8.12,-41.03,-6.88,-41.05,-14888.02,-41.01,-16607450.0,-35.4,11687726.0,41.9,0.0,0.2682,0.0,0.0007,0.0,9.904,0.0,0.239,0.761,0.761,0.9916
212,Nambo,Kota Kendari,2030,22165.0,532.44,0.0,315.72,1324.89,0.0,0.0,526.68,63.18,0.0,0.0,0.0,0.0,0.0,0.0,16047.94,13587.79,29440668.0,12.11,10.26,22221.22,29440668.0,10193682.0,19246986.0,2.8881,6620.53,42.59,0.0,0.0,-222.66,-14.39,0.0,0.0,0.0,0.0,0.0,0.0,0.0,0.0,0.0,0.0,0.0,0.0,-14578.08,-47.6,-12343.26,-47.6,-26744132.0,-47.6,-7.68,-38.81,-6.5,-38.78,-14084.42,-38.79,-26744132.0,-47.6,3044781.0,42.59,0.0,0.3813,0.0,0.0008,0.0,11.9033,0.0,0.2088,0.5396,0.5396,0.9865
213,Betoambari,Kota Bau Bau,2030,35483.47,0.09,0.0,2236.59,534.78,0.0,0.0,386.82,0.18,0.0,0.0,0.0,0.0,0.0,0.0,4771.68,4040.18,8753854.0,8.92,7.55,16369.08,8753854.0,16318849.0,-7564995.0,0.5364,4956.41,16.24,0.0,0.0,-184.32,-25.63,0.0,0.0,0.0,0.0,0.0,0.0,0.0,0.0,0.0,0.0,0.0,0.0,-6395.94,-57.27,-5415.45,-57.27,-11733652.0,-57.27,-6.61,-42.56,-5.6,-42.59,-12121.4,-42.55,-11733652.0,-57.27,2279454.0,16.24,0.0,0.4691,0.0,0.0012,0.0,-0.573,0.0,0.1937,0.7685,0.7685,0.9992
214,Wolio,Kota Bau Bau,2030,46153.68,1083.96,0.0,975.42,639.99,0.0,0.0,544.5,0.0,0.0,0.0,0.0,0.0,0.0,0.0,6258.51,5299.08,11481515.0,9.78,8.28,17940.15,11481515.0,21226076.0,-9744561.0,0.5409,9882.15,27.24,0.0,0.0,-411.3,-39.12,0.0,0.0,0.0,0.0,0.0,0.0,0.0,0.0,0.0,0.0,0.0,0.0,-10068.02,-61.67,-8524.6,-61.67,-18470243.0,-61.67,-5.75,-37.03,-4.87,-37.03,-10550.33,-37.03,-18470243.0,-61.67,4544801.0,27.24,0.0,0.3725,0.0,0.0016,0.0,4.62,0.0,0.259,0.7203,0.7203,0.981
215,Sorawolio,Kota Bau Bau,2030,26559.56,6068.43,0.0,1705.95,2667.06,0.0,82.08,427.14,0.0,0.0,0.0,0.0,0.0,0.0,0.0,25213.78,21348.51,46255816.0,9.45,8.0,17343.37,46255816.0,12214739.0,34041077.0,3.7869,6893.55,35.05,-44.37,-100.0,441.72,19.85,-165.08,-100.0,-105.24,-100.0,-375698.06,-100.0,-3.72,-100.0,-2.37,-100.0,-8467.39,-100.0,-9345.75,-27.04,-7913.04,-27.04,-17145196.0,-27.04,-6.08,-39.15,-5.15,-39.16,-11147.11,-39.13,-17520894.06,-27.47,3170339.0,35.05,0.0,0.3608,0.0,0.0025,0.0,7.9682,0.0,0.2318,0.4513,0.4513,0.8659
216,Bungi,Kota Bau Bau,2030,24230.2,1530.72,0.0,1060.11,2417.85,708.3,0.0,478.8,15.66,3712.82,2366.92,8449914.0,5.24,3.34,11929.85,23581.27,19966.26,43260888.0,9.75,8.26,17892.3,51710802.0,11143469.0,40567333.0,4.6405,6586.98,37.33,-975.42,-57.93,1020.51,73.03,-2551.46,-40.73,-1626.56,-40.73,-5806799.0,-40.73,1.52,40.86,0.97,40.93,3462.46,40.89,1880.58,8.67,1592.29,8.67,3449996.0,8.67,-5.78,-37.22,-4.89,-37.19,-10598.18,-37.2,-2356803.0,-4.36,3029351.0,37.33,0.0762,0.1409,0.0037,0.0055,18.3479,18.4483,0.2524,0.2385,0.5521,0.5521,0.9405
217,Kokalukuna,Kota Bau Bau,2030,16047.05,67.05,0.0,1201.77,111.33,0.0,0.0,361.35,0.0,0.0,0.0,0.0,0.0,0.0,0.0,1087.99,921.2,1995963.25,9.77,8.27,17928.35,1995963.25,7380039.5,-5384076.25,0.2705,3277.01,25.66,0.0,0.0,-88.47,-44.28,0.0,0.0,0.0,0.0,0.0,0.0,0.0,0.0,0.0,0.0,0.0,0.0,-2014.9,-64.94,-1706.02,-64.94,-3696434.75,-64.94,-5.76,-37.09,-4.88,-37.11,-10562.13,-37.07,-3696434.75,-64.94,1507099.0,25.66,0.0,0.398,0.0,0.0024,0.0,16.1373,0.0,0.1807,0.7912,0.7912,1.0
218,Murhum,Kota Bau Bau,2030,22499.41,0.0,0.0,215.73,75.51,0.0,0.0,312.39,0.0,0.0,0.0,0.0,0.0,0.0,0.0,679.64,575.45,1246832.5,9.0,7.62,16512.15,1246832.5,10347480.0,-9100647.5,0.1205,3917.72,21.08,0.0,0.0,-99.99,-56.97,0.0,0.0,0.0,0.0,0.0,0.0,0.0,0.0,0.0,0.0,0.0,0.0,-2045.87,-75.06,-1732.24,-75.06,-3753247.0,-75.06,-6.53,-42.05,-5.53,-42.05,-11978.33,-42.04,-3753247.0,-75.06,1801762.0,21.08,0.0,0.4412,0.0,0.0016,0.0,2.3656,0.0,0.1814,0.8698,0.8698,1.0
219,Lea-Lea,Kota Bau Bau,2030,16689.34,138.15,0.0,1769.67,1072.62,16.83,0.0,292.32,3.6,86.6,55.21,197095.66,5.15,3.28,11710.97,10408.9,8813.21,19095590.0,9.7,8.22,17802.75,19292685.66,7675428.5,11617257.16,2.5136,4649.02,38.61,-60.48,-78.23,-149.49,-12.23,-201.03,-69.89,-128.16,-69.89,-457518.28,-69.89,1.43,38.44,0.91,38.4,3243.58,38.31,-8570.47,-45.16,-7256.62,-45.16,-15722914.0,-45.16,-5.83,-37.54,-4.93,-37.49,-10687.73,-37.51,-16180432.28,-45.61,2138085.5,38.61,0.0196,0.058,0.0044,0.005,19.4293,17.839,0.262,0.2392,0.6824,0.6824,0.9934
220,Batupoaro,Kota Bau Bau,2030,15115.16,0.0,0.0,0.0,0.0,0.0,0.0,190.26,0.0,0.0,0.0,0.0,0.0,0.0,0.0,0.0,0.0,0.0,0.0,0.0,0.0,0.0,6951461.5,-6951461.5,0.0,2969.01,24.44,0.0,0.0,0.0,0.0,0.0,0.0,0.0,0.0,0.0,0.0,0.0,0.0,0.0,0.0,0.0,0.0,0.0,0.0,0.0,0.0,0.0,0.0,0.0,0.0,0.0,0.0,0.0,0.0,0.0,0.0,1365448.5,24.44,0.0,0.0,0.0,0.0,0.0,0.0,0.0,0.0,0.971,0.971,1.0
0,Wundulako,Kolaka,2035,29317.87,6001.2,704.61,3723.03,3566.25,118.8,68.13,737.1,1059.84,702.06,447.56,1597798.75,5.91,3.77,13449.48,68098.01,57658.58,124928824.0,19.1,16.17,35030.87,126526622.75,13483288.0,113043334.75,9.384,6940.32,31.01,-917.37,-88.53,321.48,9.91,-4165.02,-85.58,-2655.2,-85.58,-9479074.25,-85.58,1.21,25.74,0.78,26.09,2759.27,25.81,-10814.8,-13.7,-9156.89,-13.7,-19840248.0,-13.7,-5.22,-21.46,-4.42,-21.47,-9585.26,-21.48,-29319322.25,-18.81,3191851.0,31.01,-3.122,-3.6076,-0.0004,0.0001,8.082,3.6681,0.2191,0.2679,0.3804,0.3804,0.6994
1,Kolaka,Kolaka,2035,57068.96,5936.31,424.62,832.95,5654.7,84.51,0.0,831.69,211.59,490.23,312.52,1115696.0,5.8,3.7,13201.94,107975.4,91422.78,198085744.0,19.09,16.17,35030.28,199201440.0,26246016.0,172955424.0,7.5898,11983.35,26.58,-297.9,-77.9,798.39,16.44,-1306.02,-72.71,-832.59,-72.71,-2972346.5,-72.71,1.1,23.4,0.71,23.75,2511.73,23.5,-10130.07,-8.58,-8577.1,-8.58,-18584016.0,-8.58,-5.23,-21.5,-4.42,-21.47,-9585.85,-21.49,-21556362.5,-9.76,5511146.0,26.58,-2.8831,-3.1578,-0.0001,-0.0004,7.5024,3.9389,0.1787,0.2147,0.3613,0.3613,0.8265
2,Pomalaa,Kolaka,2035,57193.0,6272.1,654.03,3411.99,5062.41,126.36,4957.29,1136.88,734.58,709.58,452.35,1614905.12,5.62,3.58,12780.19,99938.62,84618.05,183341872.0,19.74,16.71,36216.32,184956777.12,26303066.0,158653711.12,7.0318,11389.32,24.87,-1028.79,-89.06,-868.41,-14.64,-4716.37,-86.92,-3006.7,-86.92,-10733889.88,-86.92,0.92,19.57,0.59,19.73,2089.98,19.55,-44298.94,-30.71,-37507.86,-30.71,-81268336.0,-30.71,-4.58,-18.83,-3.88,-18.84,-8399.81,-18.83,-92002225.88,-33.22,5237954.0,24.87,-3.0062,-3.0933,0.0013,0.0029,2.4956,5.4842,0.1724,0.1198,0.3819,0.3819,0.5863
3,Watubangga,Kolaka,2035,29421.73,3376.35,3747.69,4683.42,10568.07,120.96,0.0,952.11,1318.14,679.94,433.46,1547466.62,5.62,3.58,12793.21,209085.58,177032.8,383576960.0,19.78,16.75,36295.84,385124426.62,13531052.0,371593374.62,28.4623,8519.77,40.76,-960.39,-88.81,88.56,0.85,-4399.36,-86.61,-2804.59,-86.61,-10012388.38,-86.61,0.92,19.57,0.59,19.73,2103.0,19.67,-45776.11,-17.96,-38758.62,-17.96,-83978208.0,-17.96,-4.54,-18.67,-3.84,-18.65,-8320.29,-18.65,-93990596.38,-19.62,3918242.0,40.76,-3.7097,-4.061,0.0003,-0.0026,-25.8341,-22.6868,0.3856,0.3478,0.4544,0.4544,0.384
4,Wolo,Kolaka,2035,33683.78,38760.66,443.16,1540.35,8644.68,188.37,1227.24,736.92,894.51,1435.85,915.35,3267806.5,7.62,4.86,17347.81,186352.77,157784.88,341872480.0,21.56,18.25,39547.15,345140286.5,15491169.0,329649117.5,22.2798,13379.44,65.89,-878.94,-82.35,887.31,11.44,-3577.5,-71.36,-2280.66,-71.36,-8141957.5,-71.36,2.92,62.13,1.87,62.54,6657.6,62.28,-2306.43,-1.22,-1952.9,-1.22,-4231456.0,-1.22,-2.76,-11.35,-2.34,-11.36,-5068.99,-11.36,-12373413.5,-3.46,6153199.0,65.89,-0.4248,-0.9026,0.0005,-0.0012,60.9747,52.9174,-0.1261,-0.0583,0.1753,0.1753,0.2669
5,Baula,Kolaka,2035,24563.5,4200.3,533.07,1011.42,6684.84,245.52,0.0,645.12,50.49,1387.5,884.53,3157766.5,5.65,3.6,12861.54,137729.83,116615.85,252671616.0,20.6,17.44,37797.71,255829382.5,11296749.0,244532633.5,22.6463,7727.74,45.9,-735.48,-74.97,1007.01,17.74,-3220.44,-69.89,-2053.03,-69.89,-7329327.5,-69.89,0.95,20.21,0.61,20.4,2171.33,20.31,-355.03,-0.26,-300.58,-0.26,-651200.0,-0.26,-3.72,-15.3,-3.15,-15.3,-6818.42,-15.28,-7980527.5,-3.03,3553980.5,45.9,-3.2153,-4.2277,-0.0002,0.0009,7.9636,0.2693,0.2584,0.3543,0.3755,0.3755,0.6578
6,Latambaga,Kolaka,2035,32123.97,11551.77,0.0,809.37,8638.38,0.81,15.66,530.28,382.41,3.9,2.49,8882.14,4.82,3.07,10965.61,160199.98,135641.36,293894080.0,18.55,15.7,34021.9,293902962.14,14773811.0,279129151.14,19.8935,8558.31,36.32,-95.76,-99.16,83.07,0.97,-449.71,-99.14,-286.68,-99.14,-1023471.3,-99.14,0.12,2.55,0.08,2.68,275.4,2.58,-47865.18,-23.0,-40527.41,-23.0,-87810720.0,-23.0,-5.77,-23.73,-4.89,-23.75,-10594.23,-23.75,-88834191.3,-23.21,3935964.0,36.32,-2.1255,-2.0922,-0.001,-0.0006,3.4857,3.7857,0.1392,0.1019,0.2768,0.2768,0.6614
7,Tanggetada,Kolaka,2035,27906.7,7778.25,8354.52,3020.22,6535.89,96.75,325.53,774.45,654.57,469.99,299.62,1069640.38,4.86,3.1,11055.71,123724.16,104757.24,226977488.0,18.93,16.03,34727.86,228047128.38,12834293.0,215212835.38,17.7686,7165.23,34.55,-675.54,-87.47,-660.06,-9.17,-3157.6,-87.04,-2012.97,-87.04,-7186299.62,-87.04,0.16,3.4,0.11,3.68,365.5,3.42,-51281.39,-29.3,-43419.9,-29.3,-94077968.0,-29.3,-5.39,-22.16,-4.56,-22.15,-9888.27,-22.16,-101264267.62,-30.75,3295290.0,34.55,-2.9223,-3.7878,-0.0008,-0.001,-6.6868,-14.3406,0.0938,0.3651,0.4337,0.4337,0.4961
8,Samaturu,Kolaka,2035,42487.26,31188.87,550.89,641.07,17816.85,316.62,5.31,789.3,1879.02,2238.08,1426.77,5093579.0,7.07,4.51,16087.36,345029.84,292136.84,632972672.0,19.37,16.4,35526.63,638066251.0,19539896.0,618526355.0,32.6545,16904.95,66.08,-1026.18,-76.42,-287.28,-1.59,-4069.3,-64.52,-2594.19,-64.52,-9261232.0,-64.52,2.37,50.43,1.52,50.84,5397.15,50.49,-95262.63,-21.64,-80658.72,-21.64,-174763456.0,-21.64,-4.95,-20.35,-4.19,-20.35,-9089.5,-20.37,-184024688.0,-22.38,7774589.0,66.08,-0.181,-1.0137,0.0006,-0.0004,54.9729,20.8784,-0.1505,-0.0339,0.231,0.231,0.4147
9,Toari,Kolaka,2035,16450.99,31.95,76.59,3626.55,5118.48,0.0,10.44,577.89,236.07,0.0,0.0,0.0,0.0,0.0,0.0,88154.39,74640.35,161723248.0,17.22,14.58,31595.95,161723248.0,7565809.5,154157438.5,21.3755,5780.51,54.17,0.0,0.0,252.81,5.2,0.0,0.0,0.0,0.0,0.0,0.0,0.0,0.0,0.0,0.0,0.0,0.0,-30178.7,-25.5,-25552.28,-25.5,-55364160.0,-25.5,-7.1,-29.19,-6.01,-29.19,-13020.19,-29.18,-55364160.0,-25.5,2658455.0,54.17,0.0,-3.3221,0.0,-0.0011,0.0,-25.6388,0.0,0.2728,0.4946,0.4946,0.3725
10,Polinggona,Kolaka,2035,16464.0,6611.76,7277.4,587.61,5793.21,0.0,0.0,437.85,0.0,0.0,0.0,0.0,0.0,0.0,0.0,116814.03,98906.46,214300608.0,20.16,17.07,36991.69,214300608.0,7571793.0,206728815.0,28.3025,4416.43,36.66,-413.01,-100.0,-1911.96,-24.81,-1939.98,-100.0,-1236.74,-100.0,-4415163.0,-100.0,-4.7,-100.0,-2.99,-100.0,-10690.21,-100.0,-70575.75,-37.66,-59756.43,-37.66,-129474272.0,-37.66,-4.16,-17.11,-3.52,-17.1,-7624.44,-17.09,-133889435.0,-38.45,2031118.0,36.66,0.0,-4.4452,0.0,-0.0029,0.0,-25.2031,0.0,0.404,0.3464,0.3464,0.3879
11,Iwoimendaa,Kolaka,2035,12026.39,15724.62,0.18,226.71,3556.44,12.51,1.53,337.59,62.55,110.51,70.45,251496.22,8.83,5.63,20103.61,86016.66,72830.31,157801456.0,24.19,20.48,44370.62,158052952.22,5530938.5,152522013.72,28.5762,5156.89,75.07,-195.93,-94.0,-264.33,-6.92,-868.57,-88.71,-553.71,-88.71,-1976770.53,-88.71,4.13,87.87,2.64,88.29,9413.4,88.06,-6904.47,-7.43,-5845.99,-7.43,-12666512.0,-7.43,-0.13,-0.53,-0.11,-0.53,-245.51,-0.55,-14643282.53,-8.48,2371655.75,75.07,-0.2055,-0.503,0.0012,-0.0006,84.9903,74.8831,-0.2767,-0.0943,0.265,0.265,0.2316
12,Lambuya,Konawe,2035,10988.67,3896.37,463.68,2510.55,1362.15,1241.01,0.0,301.23,39.87,8893.32,5669.49,20240072.0,7.17,4.57,16309.35,19011.53,16097.06,34877508.0,13.96,11.82,25604.75,55117580.0,5053687.0,50063893.0,10.9064,1915.45,21.11,-876.51,-41.39,42.84,3.25,407.32,4.8,259.67,4.8,926998.0,4.8,3.16,78.8,2.02,79.22,7188.74,78.82,5053.23,36.2,4278.57,36.2,9270378.0,36.2,3.38,31.95,2.86,31.92,6195.26,31.92,10197376.0,22.7,880911.0,21.11,-5.8753,-5.8235,-0.0101,-0.0092,-58.2522,-52.831,0.4585,0.4639,0.4534,0.4534,0.6654
13,Unaaha,Konawe,2035,20427.15,8.91,0.0,220.77,908.46,168.39,0.0,1363.86,45.45,1026.73,654.54,2336698.75,6.1,3.89,13876.71,12190.91,10322.05,22364776.0,13.42,11.36,24618.34,24701474.75,9394446.0,15307028.75,2.6294,6196.27,43.54,-718.47,-81.01,581.58,177.92,-2527.38,-71.11,-1611.2,-71.11,-5752005.25,-71.11,2.09,52.12,1.34,52.55,4756.1,52.15,8732.52,252.5,7393.83,252.5,16020203.5,252.5,2.84,26.84,2.4,26.79,5208.85,26.84,10268198.25,71.14,2849666.0,43.54,-5.483,-5.5183,-0.0125,-0.0114,-58.5261,-55.6805,0.3746,0.4,0.6973,0.6973,0.9992
14,Wawotobi,Konawe,2035,14735.73,54.99,1870.74,1382.67,2934.45,404.37,0.0,747.36,0.0,3056.56,1948.56,6956357.5,7.56,4.82,17202.95,43246.71,36616.99,79338008.0,14.74,12.48,27036.76,86294365.5,6776964.0,79517401.5,12.7335,3356.57,29.5,-1506.42,-78.84,401.49,15.85,-4600.96,-60.08,-2933.11,-60.08,-10471212.5,-60.08,3.55,88.53,2.27,89.02,8082.34,88.62,16447.99,61.38,13926.52,61.38,30174560.0,61.38,4.16,39.32,3.52,39.29,7627.28,39.3,19703347.5,29.59,1543688.0,29.5,-5.5726,-5.5405,-0.0134,-0.0131,-67.3358,-65.3552,0.4182,0.4275,0.6299,0.6299,0.7727
15,Pondidaha,Konawe,2035,16585.59,697.23,1608.66,5573.61,1518.57,294.48,0.0,460.26,44.37,2449.67,1561.67,5575152.0,8.32,5.3,18932.19,23289.34,19719.09,42725344.0,15.34,12.99,28135.25,48300496.0,7627713.0,40672783.0,6.3322,5180.95,45.43,-817.83,-73.53,-695.88,-31.42,-2007.93,-45.05,-1280.05,-45.04,-4569793.0,-45.05,4.31,107.48,2.75,107.84,9811.58,107.58,-139.54,-0.6,-118.14,-0.6,-255992.0,-0.6,4.76,44.99,4.03,44.98,8725.76,44.96,-4825785.0,-9.08,2382720.5,45.43,-5.824,-5.6574,-0.0116,-0.0116,-75.1671,-76.1393,0.4778,0.4734,0.6315,0.6315,0.5494
16,Sampara,Konawe,2035,3046.64,449.73,509.04,3496.32,31.05,0.0,0.0,101.97,81.18,0.0,0.0,0.0,0.0,0.0,0.0,476.19,403.19,873599.38,15.34,12.99,28135.25,873599.38,1401147.62,-527548.25,0.6235,574.65,23.25,0.0,0.0,-110.61,-78.08,0.0,0.0,0.0,0.0,0.0,0.0,0.0,0.0,0.0,0.0,0.0,0.0,-1022.57,-68.23,-865.81,-68.23,-1875948.37,-68.23,4.76,44.99,4.03,44.98,8725.76,44.96,-1875948.37,-68.23,264278.62,23.25,0.0,-5.0168,0.0,-0.0105,0.0,-73.0916,0.0,0.4361,0.6277,0.6277,0.8408
17,Abuki,Konawe,2035,12952.95,13346.82,699.75,2213.73,3354.57,243.54,0.0,530.73,93.51,1332.65,849.56,3032937.25,5.47,3.49,12453.55,45016.04,38115.09,82583936.0,13.42,11.36,24618.34,85616873.25,5957061.0,79659812.25,14.3723,3696.25,39.93,-737.55,-75.18,321.57,10.6,-2599.09,-66.11,-1656.92,-66.11,-5915202.75,-66.11,1.46,36.41,0.94,36.86,3332.94,36.54,12926.9,40.28,10945.21,40.28,23714964.0,40.28,2.84,26.84,2.4,26.79,5208.85,26.84,17799761.25,26.25,1699902.5,39.93,-4.9518,-5.0759,-0.01,-0.0101,-56.7419,-55.5567,0.2807,0.3159,0.3002,0.3002,0.5353
18,Soropia,Konawe,2035,7504.15,134.19,0.0,4496.31,87.66,0.0,0.0,361.8,92.07,0.0,0.0,0.0,0.0,0.0,0.0,1178.32,997.68,2161684.0,13.44,11.38,24659.87,2161684.0,3451157.25,-1289473.25,0.6264,1044.92,16.18,0.0,0.0,-1158.57,-92.97,0.0,0.0,0.0,0.0,0.0,0.0,0.0,0.0,0.0,0.0,0.0,0.0,-12006.8,-91.06,-10166.16,-91.06,-22026998.0,-91.06,2.86,27.03,2.42,27.01,5250.39,27.05,-22026998.0,-91.06,480557.0,16.18,0.0,-1.5888,0.0,-0.0042,0.0,-55.6424,0.0,0.0341,0.6611,0.6611,0.8379
19,Tongauna,Konawe,2035,7231.56,809.28,0.0,669.96,1227.15,1253.61,0.0,743.94,22.14,6442.89,4107.34,14663218.0,5.14,3.28,11696.79,16467.52,13943.05,30210396.0,13.42,11.36,24618.34,44873614.0,3325796.25,41547817.75,13.4926,1242.13,20.74,-749.34,-37.41,611.46,99.31,-1583.97,-19.73,-1009.78,-19.73,-3604908.0,-19.73,1.13,28.18,0.73,28.63,2576.18,28.25,9953.52,152.8,8427.65,152.8,18260170.0,152.8,2.84,26.84,2.4,26.79,5208.85,26.84,14655262.0,48.5,571259.0,20.74,-5.4591,-5.4691,-0.0112,-0.0103,-54.8209,-52.9805,0.3908,0.4218,0.5251,0.5251,0.91
20,Latoma,Konawe,2035,16719.59,91024.11,0.0,2271.51,1172.34,0.0,0.0,341.1,94.59,0.0,0.0,0.0,0.0,0.0,0.0,17097.87,14476.77,31366812.0,14.58,12.35,26755.73,31366812.0,7689336.0,23677476.0,4.0793,5688.24,51.56,0.0,0.0,-947.34,-44.69,0.0,0.0,0.0,0.0,0.0,0.0,0.0,0.0,0.0,0.0,0.0,0.0,-5328.34,-23.76,-4511.51,-23.76,-9775088.0,-23.76,4.0,37.81,3.39,37.83,7346.24,37.85,-9775088.0,-23.76,2616014.0,51.56,0.0,-3.4745,0.0,-0.0064,0.0,-38.4153,0.0,0.0891,0.1344,0.1344,0.1967
21,Puriala,Konawe,2035,12939.11,1789.11,530.64,8506.98,1193.58,1388.25,0.0,431.55,52.47,9554.74,6091.15,21745400.0,6.88,4.39,15663.89,17281.01,14631.84,31702796.0,14.48,12.26,26561.1,53448196.0,5950698.5,47497497.5,8.9818,2664.21,25.93,-3387.69,-70.93,191.25,19.08,-9584.92,-50.08,-6110.39,-50.08,-21814080.0,-50.08,2.87,71.57,1.84,72.16,6543.28,71.74,6676.36,62.96,5652.88,62.96,12248088.0,62.96,3.9,36.86,3.3,36.83,7151.62,36.85,-9565992.0,-15.18,1225271.5,25.93,-5.7132,-5.6208,-0.0104,-0.0101,-57.4557,-55.498,0.4711,0.4606,0.4974,0.4974,0.4845
22,Uepai,Konawe,2035,15035.5,7081.83,82.53,1652.13,2608.65,653.31,0.0,980.19,180.27,4264.24,2718.45,9704875.0,6.53,4.16,14854.93,35032.1,29661.68,64267948.0,13.43,11.37,24636.48,73972823.0,6914825.5,67057997.5,10.6977,1525.21,11.29,-666.18,-50.49,300.96,13.04,-1023.64,-19.36,-652.57,-19.36,-2329678.0,-19.36,2.52,62.84,1.61,63.14,5734.32,62.87,10616.74,43.48,8989.19,43.48,19476876.0,43.48,2.85,26.94,2.41,26.9,5227.0,26.93,17147198.0,30.18,701441.0,11.29,-5.7689,-5.6768,-0.0099,-0.0096,-53.4708,-51.7094,0.4482,0.4491,0.3626,0.3626,0.877
23,Wonggeduku,Konawe,2035,11760.91,0.0,1183.05,2005.74,1100.7,1260.09,0.0,961.47,42.75,10063.44,6415.44,22903132.0,7.99,5.09,18175.79,16880.74,14292.92,30968468.0,15.34,12.99,28135.25,53871600.0,5408844.0,48462756.0,9.9599,3549.05,43.22,-1295.19,-50.69,393.39,55.62,-176.89,-1.73,-112.77,-1.73,-402580.0,-1.73,3.98,99.25,2.54,99.61,9055.18,99.28,9397.4,125.58,7956.78,125.58,17239944.0,125.58,4.76,44.99,4.03,44.98,8725.76,44.96,16837364.0,45.46,1632210.25,43.22,-5.8275,-5.8627,-0.0112,-0.0117,-68.3435,-70.364,0.4685,0.4647,0.6171,0.6171,0.5598
24,Besulutu,Konawe,2035,5008.47,1828.71,2719.8,2819.43,2160.18,0.0,0.0,94.05,81.99,0.0,0.0,0.0,0.0,0.0,0.0,33129.31,28050.59,60777192.0,15.34,12.99,28135.24,60777192.0,2303397.0,58473795.0,26.3859,1610.65,47.4,-0.18,-100.0,-302.31,-12.28,-0.72,-100.0,-0.46,-100.0,-1641.71,-100.0,-4.01,-100.0,-2.55,-100.0,-9120.61,-100.0,7076.17,27.16,5991.39,27.16,12981520.0,27.16,4.76,44.99,4.03,44.98,8725.75,44.96,12979878.29,27.16,740739.5,47.4,0.0,-5.2862,0.0,-0.0113,0.0,-76.0367,0.0,0.4536,0.5716,0.5716,0.6214
25,Bondoala,Konawe,2035,1991.75,0.0,0.18,854.19,396.63,0.0,6.66,468.09,1054.08,0.0,0.0,0.0,0.0,0.0,0.0,6333.99,5362.99,11619981.0,15.97,13.52,29296.78,11619981.0,916006.06,10703974.94,12.6855,568.37,39.93,0.0,0.0,45.9,13.09,0.0,0.0,0.0,0.0,0.0,0.0,0.0,0.0,0.0,0.0,0.0,0.0,2623.27,70.69,2221.12,70.69,4812492.0,70.69,5.39,50.95,4.56,50.89,9887.29,50.94,4812492.0,70.69,261395.81,39.93,0.0,-4.4814,0.0,-0.0104,0.0,-67.7617,0.0,0.3745,0.6366,0.6366,0.7697
26,Routa,Konawe,2035,10187.56,153626.4,2919.87,6917.4,5740.2,0.0,77.76,58.41,486.54,0.0,0.0,0.0,0.0,0.0,0.0,99095.14,83903.88,181794448.0,17.26,14.62,31670.4,181794448.0,4685255.5,177109192.5,38.8014,1679.07,19.73,0.0,0.0,-1994.31,-25.78,0.0,0.0,0.0,0.0,0.0,0.0,0.0,0.0,0.0,0.0,0.0,0.0,17264.02,21.1,14617.49,21.1,31671648.0,21.1,6.68,63.14,5.66,63.17,12260.92,63.17,31671648.0,21.1,772206.75,19.73,0.0,-5.2879,0.0,-0.0078,0.0,-42.3585,0.0,0.313,0.1278,0.1278,0.1017
27,Anggaberi,Konawe,2035,8543.85,6055.83,2367.27,1528.29,1333.89,85.14,0.0,302.04,0.0,535.71,341.51,1219204.25,6.29,4.01,14319.99,17899.89,15155.84,32838158.0,13.42,11.36,24618.34,34057362.25,3929316.5,30128045.75,8.6675,2269.82,36.18,-332.91,-79.63,-453.69,-25.38,-1139.63,-68.02,-726.52,-68.02,-2593666.5,-68.02,2.28,56.86,1.46,57.25,5199.38,57.01,-1012.71,-5.35,-857.46,-5.35,-1857846.0,-5.35,2.84,26.84,2.4,26.79,5208.86,26.84,-4451512.5,-11.56,1043890.25,36.18,-5.4841,-5.3042,-0.0131,-0.0123,-61.6944,-57.3705,0.3876,0.4478,0.315,0.315,0.7118
28,Meluhu,Konawe,2035,10268.02,5878.8,4754.43,787.32,849.33,229.95,0.0,429.93,0.0,1575.45,1004.35,3585524.5,6.85,4.37,15592.63,11769.93,9965.6,21592466.0,13.86,11.73,25422.94,25177990.5,4722264.0,20455726.5,5.3318,1662.5,19.32,-643.86,-73.68,-462.96,-35.28,-1926.36,-55.01,-1228.05,-55.01,-4384155.5,-55.01,2.84,70.82,1.82,71.37,6472.02,70.96,-2114.1,-15.23,-1790.01,-15.23,-3878406.0,-15.23,3.28,31.0,2.77,30.92,6013.46,30.98,-8262561.5,-24.71,764586.5,19.32,-5.2194,-5.1573,-0.0161,-0.0168,-68.8735,-69.2997,0.4055,0.377,0.4974,0.4974,0.6353
29,Amonggedo,Konawe,2035,16950.91,7912.89,4411.44,2125.8,1266.93,108.18,31.5,1019.16,0.0,851.13,542.6,1937069.25,7.87,5.02,17905.98,19430.1,16451.47,35645384.0,15.34,12.99,28135.24,37582453.25,7795723.5,29786729.75,4.8209,3545.78,26.45,-1547.64,-93.47,-338.67,-21.09,-5784.6,-87.17,-3687.68,-87.17,-13165017.75,-87.17,3.86,96.26,2.47,96.86,8785.37,96.32,2442.85,14.38,2068.37,14.38,4481514.0,14.38,4.76,44.99,4.03,44.98,8725.75,44.96,-8683503.75,-18.77,1630704.0,26.45,-5.5269,-5.3749,-0.0124,-0.015,-65.2659,-75.4997,0.4831,0.4079,0.3694,0.3694,0.5954
30,Asinua,Konawe,2035,13282.54,31896.0,0.0,3411.36,1350.99,0.09,0.0,213.39,120.96,0.58,0.37,1310.69,6.4,4.08,14563.23,18244.79,15447.87,33470878.0,13.5,11.43,24775.07,33472188.69,6108641.0,27363547.69,5.4795,4277.44,47.5,-179.1,-99.95,-675.81,-33.34,-717.53,-99.92,-457.42,-99.92,-1633011.43,-99.92,2.39,59.6,1.53,60.0,5442.62,59.67,-3198.75,-14.92,-2708.38,-14.92,-5868262.0,-14.92,2.92,27.6,2.47,27.57,5365.59,27.64,-7501273.43,-18.31,1967199.25,47.5,-4.5495,-4.5366,-0.0105,-0.0103,-62.0147,-64.3405,0.283,0.312,0.214,0.214,0.383
31,Konawe,Konawe,2035,6461.25,0.0,19.62,383.4,1478.07,64.35,0.0,398.97,71.46,494.13,315.01,1124572.25,7.68,4.9,17475.87,21000.33,17780.98,38526048.0,14.21,12.03,26065.1,39650620.25,2971531.0,36679089.25,13.3435,1410.51,27.93,-282.69,-81.46,206.55,16.24,-896.64,-64.47,-571.61,-64.47,-2040644.0,-64.47,3.67,91.52,2.35,92.16,8355.26,91.61,7547.65,56.11,6390.59,56.11,13846500.0,56.11,3.63,34.31,3.07,34.26,6655.62,34.29,11805856.0,42.4,648696.0,27.93,-5.8025,-5.711,-0.0105,-0.0113,-59.6528,-60.4215,0.4633,0.439,0.6418,0.6418,0.8033
32,Kapoiala,Konawe,2035,2013.59,5.4,1.35,362.34,863.73,0.0,0.0,194.4,2095.56,0.0,0.0,0.0,0.0,0.0,0.0,12418.57,10514.81,22782432.0,14.38,12.17,26376.8,22782432.0,926050.31,21856381.69,24.6017,624.28,44.93,0.0,0.0,573.57,197.67,0.0,0.0,0.0,0.0,0.0,0.0,0.0,0.0,0.0,0.0,0.0,0.0,9348.68,304.53,7915.53,304.53,17150576.0,304.53,3.8,35.92,3.21,35.83,6967.32,35.9,17150576.0,304.53,287105.12,44.93,0.0,-3.1462,0.0,-0.0105,0.0,-57.6274,0.0,0.2277,0.6249,0.6249,0.7796
33,Lalonggasumeeto,Konawe,2035,6894.59,267.3,0.0,2503.44,111.15,0.0,0.0,324.99,0.27,0.0,0.0,0.0,0.0,0.0,0.0,1598.1,1353.11,2931781.0,14.38,12.17,26376.8,2931781.0,3170820.5,-239039.5,0.9246,1774.75,34.66,0.0,0.0,-123.12,-52.55,0.0,0.0,0.0,0.0,0.0,0.0,0.0,0.0,0.0,0.0,0.0,0.0,-880.48,-35.52,-745.5,-35.52,-1615279.0,-35.52,3.8,35.92,3.21,35.83,6967.32,35.9,-1615279.0,-35.52,816204.75,34.66,0.0,-2.8707,0.0,0.0001,0.0,-43.3224,0.0,0.2429,0.5654,0.5654,0.8921
34,Onembute,Konawe,2035,12809.29,6778.71,295.2,4518.36,2949.75,457.38,0.0,211.41,0.0,2896.69,1846.64,6592511.0,6.33,4.04,14413.64,40964.68,34684.8,75151552.0,13.89,11.76,25477.26,81744063.0,5890988.5,75853074.5,13.8761,3658.68,39.98,-1524.33,-76.92,755.82,34.45,-5045.05,-63.53,-3216.22,-63.53,-11481893.0,-63.53,2.32,57.86,1.49,58.43,5293.03,58.03,17752.9,76.48,15031.39,76.48,32568500.0,76.48,3.31,31.29,2.8,31.25,6067.77,31.26,21086607.0,34.76,1682624.0,39.98,-5.8109,-5.8483,-0.0091,-0.0093,-44.124,-44.525,0.4345,0.4818,0.3535,0.3535,0.4966
35,Padangguni,Konawe,2035,12035.89,15869.25,177.12,1164.42,3614.13,303.93,0.0,726.21,0.0,1796.71,1145.4,4089091.75,5.91,3.77,13454.06,48499.16,41064.25,88973880.0,13.42,11.36,24618.34,93062971.75,5535304.0,87527667.75,16.8126,3530.85,41.51,-1763.55,-85.3,1355.22,59.99,-6488.75,-78.31,-4136.58,-78.31,-14767586.25,-78.31,1.9,47.38,1.22,47.84,4333.45,47.51,24599.89,102.93,20828.74,102.93,45129596.0,102.93,2.84,26.84,2.4,26.79,5208.85,26.84,30362009.75,48.42,1623837.0,41.51,-4.7146,-4.6747,-0.0099,-0.0107,-58.5385,-60.5501,0.2617,0.2781,0.2424,0.2424,0.4054
36,Morosi,Konawe,2035,3950.55,5486.49,604.26,1692.09,1174.14,224.82,1196.55,305.64,1245.69,1582.47,1008.83,3601514.5,7.04,4.49,16019.55,18350.81,15537.63,33665388.0,15.63,13.23,28672.38,37266902.5,1816860.12,35450042.38,20.5117,741.48,23.11,-780.75,-77.64,-183.69,-13.53,-2447.37,-60.73,-1560.19,-60.73,-5569896.5,-60.73,3.03,75.56,1.94,76.08,6898.94,75.64,3984.97,27.74,3374.07,27.74,7310608.0,27.74,5.05,47.73,4.27,47.66,9262.9,47.72,1740711.5,4.9,341007.62,23.11,-4.2798,-4.5552,-0.0106,-0.0106,-65.7805,-67.4094,0.3118,0.3543,0.4911,0.4911,0.6184
37,Anggalomoare,Konawe,2035,1818.62,0.0,28.17,1593.99,87.12,0.0,0.0,128.43,38.16,0.0,0.0,0.0,0.0,0.0,0.0,1419.61,1201.98,2604339.25,16.29,13.8,29893.7,2604339.25,836382.31,1767956.94,3.1138,240.6,15.25,0.0,0.0,86.76,24100.0,0.0,0.0,0.0,0.0,0.0,0.0,0.0,0.0,0.0,0.0,0.0,0.0,1415.8,37160.1,1198.76,37228.57,2597351.84,37171.88,5.71,53.97,4.84,54.02,10484.22,54.02,2597351.84,37171.88,110650.12,15.25,0.0,-4.4225,0.0,-0.0098,0.0,-58.5719,0.0,0.3125,0.6305,0.6305,0.871
38,Wonggeduku Barat,Konawe,2035,7304.49,0.0,25.02,391.86,1774.98,949.41,0.0,417.15,66.96,7290.28,4647.55,16591767.0,7.68,4.9,17475.87,27221.74,23048.64,49939500.0,15.34,12.99,28135.25,66531267.0,3359337.0,63171930.0,19.8049,2089.81,40.08,-1416.78,-59.88,1050.57,145.02,-2192.27,-23.12,-1397.57,-23.12,-4989329.0,-23.12,3.67,91.52,2.35,92.16,8355.26,91.61,19557.48,255.18,16559.31,255.18,35879075.0,255.18,4.76,44.99,4.03,44.98,8725.77,44.96,30889746.0,86.67,961103.75,40.08,-5.774,-5.7662,-0.0114,-0.0111,-65.4303,-63.382,0.4576,0.462,0.5961,0.5961,0.6443
39,Tongauna Utara,Konawe,2035,8920.79,9504.72,1519.56,2097.54,900.54,2338.47,0.0,510.93,10.08,11971.02,7631.52,27244534.0,5.12,3.26,11650.58,12084.63,10232.06,22169800.0,13.42,11.36,24618.34,49414334.0,4102672.75,45311661.25,12.0444,2198.24,32.7,-1437.57,-38.07,453.42,101.41,-3161.53,-20.89,-2015.48,-20.89,-7195254.0,-20.89,1.11,27.68,0.71,27.84,2529.97,27.74,7354.1,155.46,6226.72,155.46,13491431.0,155.46,2.84,26.84,2.4,26.79,5208.85,26.84,6296177.0,14.6,1010970.0,32.7,-5.3539,-5.3393,-0.0113,-0.0113,-55.8639,-53.0722,0.3448,0.4897,0.2745,0.2745,0.614
40,Napabalano,Muna,2035,12556.53,1573.65,35.37,55.53,5225.49,0.0,0.0,286.65,693.18,0.0,0.0,0.0,0.0,0.0,0.0,53939.95,45670.96,98955280.0,10.32,8.74,18937.03,98955280.0,5774746.5,93180533.5,17.1359,1869.58,17.49,0.0,0.0,342.18,7.01,0.0,0.0,0.0,0.0,0.0,0.0,0.0,0.0,0.0,0.0,0.0,0.0,14775.81,37.73,12510.68,37.73,27106888.0,37.73,2.3,28.68,1.95,28.72,4223.98,28.71,27106888.0,37.73,859820.0,17.49,0.0,-3.0304,0.0,-0.0029,0.0,-31.1667,0.0,0.2144,0.5029,0.5029,0.3268
41,Maligano,Muna,2035,6748.06,6932.97,0.0,169.29,4219.56,0.0,0.0,401.58,41.94,0.0,0.0,0.0,0.0,0.0,0.0,50151.34,42463.14,92004872.0,11.89,10.06,21804.38,92004872.0,3103431.0,88901441.0,29.6462,2426.44,56.15,0.0,0.0,423.99,11.17,0.0,0.0,0.0,0.0,0.0,0.0,0.0,0.0,0.0,0.0,0.0,0.0,19710.87,64.75,16689.19,64.75,36160452.0,64.75,3.87,48.25,3.27,48.16,7091.33,48.2,36160452.0,64.75,1115916.12,56.15,0.0,-4.2645,0.0,-0.008,0.0,-46.2169,0.0,0.3749,0.434,0.434,0.4539
42,Wakorumba Selatan,Muna,2035,4280.98,5417.73,0.0,2366.01,1351.71,0.0,0.0,242.64,22.5,0.0,0.0,0.0,0.0,0.0,0.0,16821.96,14243.16,30860644.0,12.44,10.54,22830.82,30860644.0,1968821.75,28891822.25,15.6747,1400.66,48.63,0.0,0.0,214.74,18.89,0.0,0.0,0.0,0.0,0.0,0.0,0.0,0.0,0.0,0.0,0.0,0.0,7703.46,84.48,6522.53,84.48,14132346.0,84.48,4.42,55.11,3.75,55.23,8117.77,55.17,14132346.0,84.48,644160.5,48.63,0.0,-3.7788,0.0,-0.0089,0.0,-45.9804,0.0,0.326,0.5047,0.5047,0.4196
43,Lasalepa,Muna,2035,16472.27,489.6,14.94,540.45,7961.49,0.0,0.0,639.63,283.05,0.0,0.0,0.0,0.0,0.0,0.0,84639.98,71664.66,155275808.0,10.63,9.0,19503.36,155275808.0,7575597.5,147700210.5,20.4968,614.91,3.88,0.0,0.0,-410.04,-4.9,0.0,0.0,0.0,0.0,0.0,0.0,0.0,0.0,0.0,0.0,0.0,0.0,17500.31,26.07,14817.51,26.07,32105072.0,26.07,2.61,32.54,2.21,32.55,4790.31,32.56,32105072.0,26.07,282796.0,3.88,0.0,-3.9134,0.0,-0.0045,0.0,-33.2769,0.0,0.3312,0.5526,0.5526,0.3229
44,Batalaiworu,Muna,2035,9794.29,0.0,0.0,153.45,1037.43,0.0,0.0,599.67,220.77,0.0,0.0,0.0,0.0,0.0,0.0,10728.19,9083.56,19681352.0,10.34,8.76,18971.26,19681352.0,4504395.0,15176957.0,4.3694,-567.53,-5.48,0.0,0.0,-206.91,-16.63,0.0,0.0,0.0,0.0,0.0,0.0,0.0,0.0,0.0,0.0,0.0,0.0,748.58,7.5,633.83,7.5,1373314.0,7.5,2.32,28.93,1.97,29.01,4258.21,28.94,1373314.0,7.5,-261005.0,-5.48,0.0,-4.5763,0.0,-0.0067,0.0,-35.4558,0.0,0.414,0.707,0.707,0.3286
45,Katobu,Muna,2035,13149.2,0.0,0.0,188.1,78.3,0.0,0.0,493.74,106.92,0.0,0.0,0.0,0.0,0.0,0.0,808.25,684.34,1482769.75,10.32,8.74,18937.03,1482769.75,6047316.5,-4564546.75,0.2452,-799.92,-5.73,0.0,0.0,-127.53,-61.96,0.0,0.0,0.0,0.0,0.0,0.0,0.0,0.0,0.0,0.0,0.0,0.0,-842.51,-51.04,-713.36,-51.04,-1545617.25,-51.04,2.3,28.68,1.95,28.72,4223.98,28.71,-1545617.25,-51.04,-367885.5,-5.73,0.0,-4.758,0.0,-0.0064,0.0,-37.1644,0.0,0.4401,0.8435,0.8435,0.3344
46,Duruka,Muna,2035,7085.81,15.39,0.0,646.2,369.18,0.0,0.0,262.89,52.92,0.0,0.0,0.0,0.0,0.0,0.0,3727.93,3156.44,6839062.0,10.1,8.55,18525.01,6839062.0,3258764.0,3580298.0,2.0987,762.42,12.06,0.0,0.0,-365.22,-49.73,0.0,0.0,0.0,0.0,0.0,0.0,0.0,0.0,0.0,0.0,0.0,0.0,-2161.96,-36.71,-1830.53,-36.71,-3966204.0,-36.71,2.08,25.94,1.76,25.92,3811.96,25.91,-3966204.0,-36.71,350636.5,12.06,0.0,-4.8538,0.0,-0.0101,0.0,-38.9022,0.0,0.4563,0.7142,0.7142,0.3454
47,Lohia,Muna,2035,13260.48,2391.48,0.0,4567.5,1032.75,0.0,0.0,406.71,24.93,0.0,0.0,0.0,0.0,0.0,0.0,11087.49,9387.78,20340506.0,10.74,9.09,19695.48,20340506.0,6098492.5,14242013.5,3.3353,2026.95,18.04,0.0,0.0,-645.3,-38.46,0.0,0.0,0.0,0.0,0.0,0.0,0.0,0.0,0.0,0.0,0.0,0.0,-2370.47,-17.61,-2007.08,-17.61,-4348730.0,-17.61,2.72,33.92,2.3,33.87,4982.43,33.86,-4348730.0,-17.61,932190.0,18.04,0.0,-4.3744,0.0,-0.0068,0.0,-37.9882,0.0,0.3922,0.4811,0.4811,0.3571
48,Watopute,Muna,2035,15797.05,28.26,246.51,526.95,8909.19,0.0,0.0,657.81,0.0,0.0,0.0,0.0,0.0,0.0,0.0,86614.98,73336.91,158899104.0,9.72,8.23,17835.42,158899104.0,7265063.0,151634041.0,21.8717,2873.56,22.24,0.0,0.0,70.56,0.8,0.0,0.0,0.0,0.0,0.0,0.0,0.0,0.0,0.0,0.0,0.0,0.0,15729.18,22.19,13317.89,22.19,28855872.0,22.19,1.7,21.2,1.44,21.21,3122.37,21.22,28855872.0,22.19,1321549.0,22.24,0.0,-4.361,0.0,-0.0029,0.0,-30.5812,0.0,0.386,0.4451,0.4451,0.3489
49,Kontunaga,Muna,2035,7318.0,0.0,27.63,883.8,2905.83,0.0,0.0,344.43,0.0,0.0,0.0,0.0,0.0,0.0,0.0,23826.01,20173.49,43709892.0,8.2,6.94,15042.14,43709892.0,3365549.5,40344342.5,12.9874,923.15,14.44,0.0,0.0,135.63,4.9,0.0,0.0,0.0,0.0,0.0,0.0,0.0,0.0,0.0,0.0,0.0,0.0,1609.01,7.24,1362.36,7.24,2951796.0,7.24,0.18,2.24,0.15,2.21,329.09,2.24,2951796.0,7.24,424557.25,14.44,0.0,-4.9592,0.0,-0.0058,0.0,-31.76,0.0,0.4516,0.5722,0.5722,0.3593
50,Kabangka,Muna,2035,16960.34,287.28,0.0,118.89,6360.12,0.0,0.0,903.87,710.28,0.0,0.0,0.0,0.0,0.0,0.0,71123.16,60219.99,130478616.0,11.18,9.47,20515.12,130478616.0,7800062.5,122678553.5,16.7279,5167.97,43.82,-82.89,-100.0,-3.15,-0.05,-259.57,-100.0,-165.47,-100.0,-590745.19,-100.0,-3.13,-100.0,-2.0,-100.0,-7126.86,-100.0,20089.74,39.37,17009.99,39.37,36855496.0,39.37,3.16,39.4,2.68,39.47,5802.07,39.43,36264750.81,38.49,2376751.0,43.82,0.0,-3.6667,0.0,-0.004,0.0,-26.9936,0.0,0.2992,0.5517,0.5517,0.7346
51,Kabawo,Muna,2035,20737.2,998.19,0.0,971.73,11886.48,0.0,27.63,665.28,1260.63,0.0,0.0,0.0,0.0,0.0,0.0,136374.03,115467.91,250184320.0,11.47,9.71,21047.81,250184320.0,9537037.0,240647283.0,26.2329,5871.9,39.5,-70.83,-100.0,1600.11,15.56,-221.8,-100.0,-141.4,-100.0,-504795.34,-100.0,-3.13,-100.0,-2.0,-100.0,-7126.86,-100.0,53877.35,65.31,45617.99,65.31,98840432.0,65.31,3.45,43.02,2.92,43.0,6334.76,43.06,98335636.66,64.76,2700484.0,39.5,0.0,-3.49,0.0,-0.0046,0.0,-30.0083,0.0,0.2955,0.501,0.501,0.5344
52,Parigi,Muna,2035,20556.56,832.77,0.0,1702.62,8420.85,0.0,0.0,726.21,1636.65,0.0,0.0,0.0,0.0,0.0,0.0,101422.54,85874.45,186064176.0,12.04,10.2,22095.65,186064176.0,9453963.0,176610213.0,19.6811,4702.85,29.66,-73.35,-100.0,1168.83,16.12,-229.69,-100.0,-146.43,-100.0,-522754.97,-100.0,-3.13,-100.0,-2.0,-100.0,-7126.86,-100.0,43261.34,74.38,36629.37,74.38,79364840.0,74.38,4.02,50.12,3.41,50.22,7382.6,50.18,78842085.03,73.53,2162843.0,29.66,0.0,-3.1502,0.0,-0.0042,0.0,-30.4318,0.0,0.2487,0.5259,0.5259,0.5444
53,Bone,Muna,2035,13619.58,292.41,0.0,2035.35,8808.39,0.0,0.0,165.51,0.0,0.0,0.0,0.0,0.0,0.0,0.0,103169.87,87353.92,189269712.0,11.71,9.92,21487.44,189269712.0,6263643.0,183006069.0,30.2172,2790.16,25.76,0.0,0.0,2023.83,29.83,0.0,0.0,0.0,0.0,0.0,0.0,0.0,0.0,0.0,0.0,0.0,0.0,48757.71,89.61,41283.14,89.61,89448120.0,89.61,3.69,46.01,3.13,46.1,6774.39,46.04,89448120.0,89.61,1283193.0,25.76,0.0,-2.5467,0.0,-0.0029,0.0,-33.5274,0.0,0.1726,0.5334,0.5334,0.5586
54,Tongkuno,Muna,2035,37140.97,9936.81,0.0,14391.09,10381.05,0.0,0.0,656.73,0.0,0.0,0.0,0.0,0.0,0.0,0.0,117925.23,99847.29,216339136.0,11.36,9.62,20839.81,216339136.0,17081128.0,199258008.0,12.6654,6356.9,20.65,0.0,0.0,272.16,2.69,0.0,0.0,0.0,0.0,0.0,0.0,0.0,0.0,0.0,0.0,0.0,0.0,36851.91,45.46,31202.52,45.46,67606496.0,45.46,3.34,41.65,2.83,41.68,6126.76,41.64,67606496.0,45.46,2923532.0,20.65,0.0,-2.9742,0.0,-0.0034,0.0,-37.6501,0.0,0.2246,0.4247,0.4247,0.5103
55,Pasir Putih,Muna,2035,4717.61,5764.68,0.0,2404.44,1684.26,0.0,0.0,167.76,0.0,0.0,0.0,0.0,0.0,0.0,0.0,21421.09,18137.23,39297940.0,12.72,10.77,23332.47,39297940.0,2169630.0,37128310.0,18.1127,1362.28,40.6,0.0,0.0,-143.64,-7.86,0.0,0.0,0.0,0.0,0.0,0.0,0.0,0.0,0.0,0.0,0.0,0.0,6761.33,46.12,5724.81,46.12,12403952.0,46.12,4.7,58.6,3.98,58.62,8619.42,58.58,12403952.0,46.12,626514.75,40.6,0.0,-2.8203,0.0,-0.0059,0.0,-46.5962,0.0,0.1995,0.5055,0.5055,0.4187
56,Kontu Kowuna,Muna,2035,5304.91,0.0,0.0,0.09,3217.95,0.0,0.0,357.75,0.0,0.0,0.0,0.0,0.0,0.0,0.0,35156.84,29767.29,64496788.0,10.93,9.25,20042.82,64496788.0,2439729.0,62057059.0,26.436,1479.91,38.69,0.0,0.0,86.67,2.77,0.0,0.0,0.0,0.0,0.0,0.0,0.0,0.0,0.0,0.0,0.0,0.0,10043.98,40.0,8504.23,40.0,18426104.0,40.0,2.91,36.28,2.46,36.23,5329.77,36.22,18426104.0,40.0,680610.5,38.69,0.0,-3.7513,0.0,-0.0038,0.0,-28.0637,0.0,0.3076,0.5272,0.5272,0.5562
57,Marobo,Muna,2035,9711.52,404.1,0.0,1137.51,2448.36,0.0,0.0,193.23,48.78,0.0,0.0,0.0,0.0,0.0,0.0,26266.24,22239.63,48186608.0,10.73,9.08,19681.18,48186608.0,4466328.5,43720279.5,10.7889,2453.94,33.81,0.0,0.0,34.74,1.44,0.0,0.0,0.0,0.0,0.0,0.0,0.0,0.0,0.0,0.0,0.0,0.0,6909.01,35.69,5849.86,35.69,12674892.0,35.69,2.71,33.79,2.29,33.73,4968.13,33.77,12674892.0,35.69,1128565.25,33.81,0.0,-2.6245,0.0,-0.0037,0.0,-29.1672,0.0,0.1829,0.619,0.619,0.5149
58,Tongkuno Selatan,Muna,2035,11299.98,40.32,0.0,1706.67,2928.51,0.0,0.0,131.22,0.0,0.0,0.0,0.0,0.0,0.0,0.0,32748.58,27728.22,60078728.0,11.18,9.47,20515.12,60078728.0,5196861.5,54881866.5,11.5606,3346.13,42.07,0.0,0.0,165.06,5.97,0.0,0.0,0.0,0.0,0.0,0.0,0.0,0.0,0.0,0.0,0.0,0.0,10585.71,47.76,8962.92,47.76,19419948.0,47.76,3.16,39.4,2.68,39.47,5802.07,39.43,19419948.0,47.76,1538884.5,42.07,0.0,-2.4822,0.0,-0.0027,0.0,-39.9471,0.0,0.1585,0.4757,0.4757,0.6339
59,Pasi Kolaga,Muna,2035,2266.95,60.3,0.0,43.74,1319.49,0.0,0.0,234.99,0.27,0.0,0.0,0.0,0.0,0.0,0.0,18160.53,15376.52,33316296.0,13.76,11.65,25249.37,33316296.0,1042572.06,32273723.94,31.9559,915.01,67.68,0.0,0.0,-137.34,-9.43,0.0,0.0,0.0,0.0,0.0,0.0,0.0,0.0,0.0,0.0,0.0,0.0,6476.75,55.43,5483.87,55.43,11881882.0,55.43,5.74,71.57,4.86,71.58,10536.32,71.61,11881882.0,55.43,420817.12,67.68,0.0,-2.7894,0.0,-0.0047,0.0,-45.7196,0.0,0.21,0.5239,0.5239,0.4472
60,Batukara,Muna,2035,3776.61,5651.1,0.0,398.88,2015.91,0.0,0.0,203.13,5.76,0.0,0.0,0.0,0.0,0.0,0.0,26262.45,22236.42,48179652.0,13.03,11.03,23899.7,48179652.0,1736860.88,46442791.12,27.7395,1302.0,52.61,0.0,0.0,-127.8,-5.96,0.0,0.0,0.0,0.0,0.0,0.0,0.0,0.0,0.0,0.0,0.0,0.0,9069.9,52.75,7679.49,52.75,16639136.0,52.75,5.01,62.47,4.24,62.44,9186.65,62.44,16639136.0,52.75,598789.63,52.61,0.0,-3.9756,0.0,-0.0079,0.0,-45.3248,0.0,0.3365,0.4668,0.4668,0.4626
61,Towea,Muna,2035,6831.35,1437.39,0.0,500.04,600.66,0.0,0.0,90.72,150.39,0.0,0.0,0.0,0.0,0.0,0.0,6708.62,5680.19,12307272.0,11.17,9.46,20489.58,12307272.0,3141738.75,9165533.25,3.9173,2472.07,56.71,0.0,0.0,-91.53,-13.22,0.0,0.0,0.0,0.0,0.0,0.0,0.0,0.0,0.0,0.0,0.0,0.0,1157.26,20.85,979.85,20.85,2123045.0,20.85,3.15,39.28,2.67,39.32,5776.53,39.26,2123045.0,20.85,1136907.25,56.71,0.0,-2.2282,0.0,-0.0023,0.0,-35.1986,0.0,0.1161,0.3255,0.3255,0.3745
62,Pasarwajo,Buton,2035,58258.1,18913.05,0.0,6523.2,5829.12,0.0,0.0,1729.71,18.54,0.0,0.0,0.0,0.0,0.0,0.0,173426.88,146840.55,318159296.0,29.75,25.19,54581.02,318159296.0,26792896.0,291366400.0,11.8748,16106.45,38.21,0.0,0.0,-1503.18,-20.5,0.0,0.0,0.0,0.0,0.0,0.0,0.0,0.0,0.0,0.0,0.0,0.0,36239.55,26.42,30684.04,26.42,66482976.0,26.42,11.04,59.01,9.35,59.03,20256.69,59.02,66482976.0,26.42,7407350.0,38.21,0.0,-1.9582,0.0,-0.0041,0.0,-37.8213,0.0,0.1111,0.3361,0.3361,0.558
63,Kapontori,Buton,2035,49104.92,35468.01,0.0,6136.38,4427.46,0.18,142.83,674.64,16.83,0.82,0.52,1870.11,4.57,2.91,10389.53,148402.17,125652.09,272250400.0,33.52,28.38,61491.33,272252270.11,22583346.0,249668924.11,12.0554,15455.72,45.93,-491.94,-99.96,-568.35,-11.38,-1380.06,-99.94,-879.79,-99.94,-3140851.14,-99.94,1.76,62.63,1.12,62.57,4003.44,62.69,54930.56,58.77,46509.68,58.77,100772480.0,58.77,14.81,79.16,12.54,79.17,27166.98,79.15,97631628.86,55.91,7108079.0,45.93,-4.2999,-2.9574,0.0002,-0.0074,-52.5007,-44.2101,0.4519,0.242,0.3808,0.3808,0.4812
64,Lasalimu,Buton,2035,35175.79,18483.39,14.31,3478.32,9056.07,43.83,0.0,392.94,74.07,200.09,127.56,455372.94,4.57,2.91,10389.53,235276.86,199208.94,431626048.0,25.98,22.0,47661.52,432081420.94,16177343.0,415904077.94,26.709,11479.7,48.45,-86.13,-66.27,1393.02,18.18,-164.58,-45.13,-104.92,-45.13,-374562.87,-45.13,1.76,62.63,1.12,62.57,4003.44,62.69,91901.22,64.1,77812.76,64.1,168596912.0,64.1,7.27,38.86,6.16,38.89,13337.18,38.86,168222349.13,63.75,5279510.0,48.45,-3.1073,-2.3564,-0.0094,-0.0056,-40.5172,-39.3223,0.2754,0.1781,0.4918,0.4918,0.2938
65,Lasalimu Selatan,Buton,2035,10044.9,3222.9,0.0,1490.58,9259.29,0.0,0.0,691.29,34.83,0.0,0.0,0.0,0.0,0.0,0.0,181788.06,153919.97,333498304.0,19.63,16.62,36017.7,333498304.0,4619648.0,328878656.0,72.1913,3033.96,43.27,-227.07,-100.0,1895.58,25.74,-637.16,-100.0,-406.19,-100.0,-1450089.0,-100.0,-2.81,-100.0,-1.79,-100.0,-6386.09,-100.0,44013.04,31.95,37265.86,31.95,80743856.0,31.95,0.92,4.92,0.78,4.92,1693.37,4.93,79293767.0,31.19,1395316.25,43.27,0.0,-1.2778,0.0,-0.0052,0.0,-35.4623,0.0,0.0373,0.4696,0.4696,0.2024
66,Siotapina,Buton,2035,16922.69,15351.03,0.0,3631.77,5084.28,0.0,0.0,810.99,1.71,0.0,0.0,0.0,0.0,0.0,0.0,107120.84,90699.2,196517984.0,21.07,17.84,38652.08,196517984.0,7782746.5,188735237.5,25.2505,4890.58,40.65,0.0,0.0,-541.53,-9.63,0.0,0.0,0.0,0.0,0.0,0.0,0.0,0.0,0.0,0.0,0.0,0.0,1861.95,1.77,1576.49,1.77,3415792.0,1.77,2.36,12.61,2.0,12.63,4327.74,12.61,3415792.0,1.77,2249180.0,40.65,0.0,-1.2667,0.0,-0.0099,0.0,-41.4522,0.0,0.0318,0.3206,0.3206,0.2566
67,Wolowa,Buton,2035,9962.81,6228.81,0.0,1504.98,1358.64,0.0,0.0,330.84,30.78,0.0,0.0,0.0,0.0,0.0,0.0,42518.41,36000.34,78001928.0,31.29,26.5,57411.77,78001928.0,4581896.5,73420031.5,17.0239,3514.1,54.49,0.0,0.0,-308.7,-18.51,0.0,0.0,0.0,0.0,0.0,0.0,0.0,0.0,0.0,0.0,0.0,0.0,11322.47,36.29,9586.74,36.29,20771588.0,36.29,12.58,67.24,10.66,67.3,23087.43,67.26,20771588.0,36.29,1616132.25,54.49,0.0,-1.7898,0.0,-0.0052,0.0,-38.6168,0.0,0.0752,0.2853,0.2853,0.3615
68,Wabula,Buton,2035,6588.2,2903.13,0.0,3166.29,39.87,0.0,0.0,229.68,0.0,0.0,0.0,0.0,0.0,0.0,0.0,1118.16,946.75,2051323.12,28.05,23.75,51450.29,2051323.12,3029914.25,-978591.12,0.677,1567.34,31.22,0.0,0.0,-204.75,-83.7,0.0,0.0,0.0,0.0,0.0,0.0,0.0,0.0,0.0,0.0,0.0,0.0,-3458.68,-75.57,-2928.46,-75.57,-6345094.88,-75.57,9.34,49.92,7.91,49.94,17125.96,49.89,-6345094.88,-75.57,720823.0,31.22,0.0,0.1313,0.0,0.0026,0.0,-44.2391,0.0,-0.116,0.3184,0.3184,0.4612
69,Tinanggea,Konawe Selatan,2035,41830.33,4355.19,1946.16,7292.07,13184.55,25.56,1037.25,1210.14,4457.16,77.47,49.38,176303.59,3.03,1.93,6897.64,304227.31,257589.34,558118784.0,23.07,19.54,42331.27,558295087.59,19237766.0,539057321.59,29.0208,10117.34,31.9,-744.84,-96.68,-1159.2,-8.08,-2392.75,-96.86,-1525.39,-96.86,-5445612.41,-96.86,-0.18,-5.61,-0.11,-5.39,-399.76,-5.48,29687.97,10.81,25136.84,10.81,54463904.0,10.81,3.93,20.53,3.33,20.54,7218.08,20.56,49018291.59,9.63,4652959.0,31.9,-3.4716,-3.0014,-0.0062,-0.0103,-32.3207,-39.6985,0.3226,0.2338,0.4312,0.4312,0.6065
70,Angata,Konawe Selatan,2035,24130.57,2444.67,54.0,17137.53,6131.25,662.94,0.0,1275.39,0.0,4631.18,2952.38,10539991.0,6.99,4.45,15898.86,198186.16,167804.23,363581440.0,32.32,27.37,59299.73,374121431.0,11097647.0,363023784.0,33.7118,5994.66,33.05,-3879.72,-85.41,1092.69,21.69,-9934.47,-68.2,-6333.22,-68.2,-22609613.0,-68.2,3.78,117.76,2.41,118.14,8601.46,117.87,101748.11,105.51,86150.14,105.51,186661536.0,105.51,13.18,68.86,11.16,68.85,24186.54,68.88,164051923.0,78.09,2756937.0,33.05,-5.0654,-5.1441,-0.008,-0.008,-54.1055,-47.1419,0.3867,0.4046,0.396,0.396,0.3827
71,Andoolo,Konawe Selatan,2035,29646.37,0.0,2606.58,326.52,6722.46,0.0,0.0,197.1,0.0,0.0,0.0,0.0,0.0,0.0,0.0,201085.02,170258.66,368899424.0,29.91,25.33,54875.66,368899424.0,13634366.0,355265058.0,27.0566,11332.59,61.88,0.0,0.0,-989.46,-12.83,0.0,0.0,0.0,0.0,0.0,0.0,0.0,0.0,0.0,0.0,0.0,0.0,53478.88,36.23,45280.52,36.23,98109312.0,36.23,10.77,56.27,9.12,56.26,19762.47,56.28,98109312.0,36.23,5211858.0,61.88,0.0,-3.3834,0.0,-0.0065,0.0,-46.3339,0.0,0.2593,0.5647,0.5647,0.6593
72,Palangga,Konawe Selatan,2035,27295.06,98.46,3600.63,2254.5,9596.7,11.34,0.0,264.96,87.21,54.93,35.02,125006.19,4.84,3.09,11023.47,216540.47,183344.8,397253216.0,22.56,19.1,41394.77,397378222.19,12552997.0,384825225.19,31.656,8792.82,47.52,-940.5,-98.81,1760.04,22.46,-2997.06,-98.2,-1910.63,-98.2,-6820948.81,-98.2,1.63,50.78,1.05,51.47,3726.07,51.06,66546.81,44.37,56345.16,44.37,122083104.0,44.37,3.42,17.87,2.89,17.83,6281.58,17.89,115262155.19,40.86,4043816.0,47.52,-2.4519,-2.4511,0.02,-0.0064,-45.8333,-50.3742,0.0189,0.1536,0.4855,0.4855,0.6074
73,Landono,Konawe Selatan,2035,16960.24,5324.4,1873.44,3463.29,992.7,135.27,0.0,868.41,13.5,986.71,629.03,2245629.0,7.29,4.65,16601.09,33400.04,28279.82,61273880.0,33.65,28.49,61724.47,63519509.0,7800016.0,55719493.0,8.1435,4557.43,36.75,-1441.89,-91.42,159.48,19.14,-4070.32,-80.49,-2594.83,-80.49,-9263537.0,-80.49,4.08,127.1,2.61,127.94,9303.69,127.49,17452.21,109.43,14776.79,109.43,32016866.0,109.43,14.51,75.81,12.28,75.76,26611.28,75.79,22753329.0,55.81,2095962.5,36.75,-4.8227,-4.907,-0.0098,-0.01,-74.3968,-74.5494,0.3895,0.3893,0.4022,0.4022,0.608
74,Lainea,Konawe Selatan,2035,23100.8,6646.5,1761.12,6120.63,5697.63,10.62,758.7,694.08,1716.75,25.82,16.46,58767.86,2.43,1.55,5533.7,91940.79,77846.27,168669472.0,16.14,13.66,29603.44,168728239.86,10624058.0,158104181.86,15.8817,4950.29,27.27,-1276.38,-99.17,1322.1,30.22,-4100.84,-99.37,-2614.28,-99.37,-9332983.14,-99.37,-0.78,-24.3,-0.49,-24.02,-1763.7,-24.17,8193.15,9.78,6937.13,9.78,15030688.0,9.78,-3.0,-15.67,-2.55,-15.73,-5509.74,-15.69,5697704.86,3.49,2276636.0,27.27,-0.7736,-1.2216,0.0034,0.0061,-34.5198,-37.3719,-0.0768,-0.025,0.3882,0.3882,0.5372
75,Konda,Konawe Selatan,2035,36222.57,3928.68,6.93,798.21,4925.16,1202.31,0.0,1716.66,0.0,6567.13,4186.54,14945962.0,5.46,3.48,12431.04,158655.14,134333.3,291059968.0,32.21,27.27,59096.55,306005930.0,16658756.0,289347174.0,18.3691,10110.9,38.72,-1203.03,-50.01,726.66,17.31,-1145.39,-14.85,-730.19,-14.85,-2606762.0,-14.85,2.25,70.09,1.44,70.59,5133.64,70.35,78295.86,97.43,66293.09,97.43,143637264.0,97.43,13.07,68.29,11.06,68.23,23983.37,68.3,141030502.0,85.49,4650001.0,38.72,-4.1224,-4.0098,-0.0113,-0.0092,-68.241,-62.4577,0.3669,0.3161,0.5193,0.5193,0.8616
76,Ranomeeto,Konawe Selatan,2035,35495.17,3183.84,71.55,2761.56,1964.43,0.0,0.0,1214.73,0.0,0.0,0.0,0.0,0.0,0.0,0.0,66094.54,55962.25,121253416.0,33.65,28.49,61724.48,121253416.0,16324232.0,104929184.0,7.4278,8258.56,30.32,-281.7,-100.0,271.44,16.03,-903.25,-100.0,-575.82,-100.0,-2055677.12,-100.0,-3.21,-100.0,-2.04,-100.0,-7297.4,-100.0,33690.71,103.97,28525.93,103.97,61807136.0,103.97,14.51,75.81,12.28,75.76,26611.29,75.79,59751458.88,97.15,3798116.0,30.32,0.0,-4.4187,0.0,-0.0099,0.0,-69.7582,0.0,0.3461,0.5453,0.5453,0.8634
77,Kolono,Konawe Selatan,2035,21919.48,10461.69,993.6,10534.41,5504.31,59.85,51.39,787.95,1382.22,145.58,92.81,331316.19,2.43,1.55,5535.78,114651.99,97075.82,210334208.0,20.83,17.64,38212.64,210665524.19,10080772.0,200584752.19,20.8978,6266.52,40.03,-219.06,-78.54,1151.46,26.45,-748.72,-83.72,-477.31,-83.72,-1704001.19,-83.72,-0.78,-24.3,-0.49,-24.02,-1761.62,-24.14,31338.44,37.62,26534.23,37.62,57491792.0,37.62,1.69,8.83,1.43,8.82,3099.46,8.83,55787790.81,36.02,2881976.0,40.03,-1.8583,-1.7483,-0.0042,0.0058,-41.7096,-41.3147,0.082,0.0103,0.3804,0.3804,0.5427
78,Moramo,Konawe Selatan,2035,39142.88,7608.33,502.29,12352.95,3914.64,71.37,0.72,602.19,657.54,222.28,141.7,505876.75,3.11,1.99,7088.09,101275.5,85749.97,185794432.0,25.87,21.9,47461.44,186300308.75,18001808.0,168298500.75,10.349,13544.33,52.91,-693.0,-90.66,2026.26,107.3,-2228.61,-90.93,-1420.74,-90.93,-5072035.75,-90.93,-0.1,-3.12,-0.05,-2.45,-209.31,-2.87,65131.9,180.2,55147.18,180.2,119487388.0,180.2,6.73,35.16,5.69,35.1,12348.25,35.17,114415352.25,159.16,6229038.0,52.91,-3.4159,-3.418,-0.0072,-0.0077,-45.8188,-51.5296,0.3357,0.1831,0.4306,0.4306,0.532
79,Laonti,Konawe Selatan,2035,14984.89,29197.26,0.0,3539.88,4208.4,0.0,87.12,274.41,163.8,0.0,0.0,0.0,0.0,0.0,0.0,80423.94,68094.94,147541264.0,19.11,16.18,35058.75,147541264.0,6891553.5,140649710.5,21.409,3677.95,32.53,0.0,0.0,322.83,8.31,0.0,0.0,0.0,0.0,0.0,0.0,0.0,0.0,0.0,0.0,0.0,0.0,6054.14,8.14,5126.01,8.14,11106512.0,8.14,-0.03,-0.16,-0.03,-0.19,-54.44,-0.16,11106512.0,8.14,1691491.0,32.53,0.0,-1.2084,0.0,-0.0055,0.0,-46.8951,0.0,-0.005,0.1972,0.1972,0.4022
80,Lalembuu,Konawe Selatan,2035,19257.67,4940.01,993.15,1466.91,8984.16,1045.53,395.82,1081.17,0.0,3837.15,2446.18,8732880.0,3.67,2.34,8352.59,222765.42,188615.58,408673472.0,24.8,20.99,45488.22,417406352.0,8856603.0,408549749.0,47.1294,3822.07,24.76,-1608.84,-60.61,1339.74,17.53,-4673.86,-54.92,-2979.59,-54.92,-10637114.0,-54.92,0.46,14.33,0.3,14.71,1055.19,14.46,76451.2,52.25,64731.34,52.25,140253504.0,52.25,5.66,29.57,4.78,29.49,10375.03,29.55,129616390.0,45.04,1757769.0,24.76,-4.4162,-4.5884,-0.0039,-0.0146,-26.0546,-29.3507,0.3551,0.4072,0.4259,0.4259,0.3756
81,Benua,Konawe Selatan,2035,11464.8,1194.12,133.92,282.24,8628.12,0.0,0.0,354.42,0.0,0.0,0.0,0.0,0.0,0.0,0.0,277292.09,234783.2,508704832.0,32.14,27.21,58958.94,508704832.0,5272659.0,503432173.0,96.4798,3129.54,37.55,0.0,0.0,688.5,8.67,0.0,0.0,0.0,0.0,0.0,0.0,0.0,0.0,0.0,0.0,0.0,0.0,125327.81,82.47,106115.0,82.47,229919488.0,82.47,13.0,67.92,11.0,67.86,23845.76,67.91,229919488.0,82.47,1439271.75,37.55,0.0,-4.8277,0.0,-0.0094,0.0,-44.1226,0.0,0.4015,0.5457,0.5457,0.3583
82,Palangga Selatan,Konawe Selatan,2035,16717.76,440.28,1038.96,209.7,7231.14,0.0,688.41,306.09,917.19,0.0,0.0,0.0,0.0,0.0,0.0,128095.65,108458.6,234997200.0,17.71,15.0,32497.95,234997200.0,7688498.5,227308701.5,30.5648,4628.71,38.29,-658.17,-100.0,1088.82,17.73,-2110.37,-100.0,-1345.36,-100.0,-4802928.5,-100.0,-3.21,-100.0,-2.04,-100.0,-7297.4,-100.0,10531.64,8.96,8917.17,8.96,19320768.0,8.96,-1.43,-7.47,-1.21,-7.46,-2615.24,-7.45,14517839.5,6.58,2128743.5,38.29,0.0,-1.3965,0.0,-0.0052,0.0,-42.0787,0.0,0.0399,0.5513,0.5513,0.5686
83,Mowila,Konawe Selatan,2035,20815.97,3222.0,350.73,4375.26,3157.02,931.5,0.0,781.02,16.2,7245.67,4619.11,16490235.0,7.78,4.96,17702.88,106220.02,89936.5,194865408.0,33.65,28.49,61724.48,211355643.0,9573266.0,201782377.0,22.0777,5907.49,39.63,-1838.16,-66.37,824.04,35.32,-1635.01,-18.41,-1042.32,-18.41,-3721081.0,-18.41,4.57,142.37,2.92,143.14,10405.48,142.59,61566.78,137.88,52128.61,137.88,112947040.0,137.88,14.51,75.81,12.28,75.76,26611.29,75.79,109225959.0,106.95,2716855.5,39.63,-5.1689,-4.9208,-0.0097,-0.0093,-69.2657,-69.7393,0.4199,0.4019,0.4814,0.4814,0.4788
84,Moramo Utara,Konawe Selatan,2035,30348.33,7212.15,5.85,936.0,7885.26,16.2,31.14,432.45,96.39,78.78,50.22,179291.75,4.86,3.1,11067.39,232324.09,196708.84,426209024.0,29.46,24.95,54051.36,426388315.75,13957195.0,412431120.75,30.5497,12799.21,72.93,-77.85,-82.78,1729.98,28.11,-222.78,-73.88,-142.03,-73.88,-507028.63,-73.88,1.65,51.4,1.06,51.96,3769.99,51.66,114512.04,97.2,96957.36,97.2,210077472.0,97.2,10.32,53.92,8.74,53.92,18938.16,53.93,209570443.37,96.66,5886356.0,72.93,-3.7664,-3.2165,-0.0087,-0.0075,-58.0922,-52.6944,0.2793,0.241,0.399,0.399,0.7573
85,Buke,Konawe Selatan,2035,18287.95,584.91,14.31,1750.5,11877.21,0.0,0.0,901.26,0.0,0.0,0.0,0.0,0.0,0.0,0.0,400043.53,338716.88,733897920.0,33.68,28.52,61790.43,733897920.0,8410628.0,725487292.0,87.2584,5750.66,45.87,0.0,0.0,1084.14,10.04,0.0,0.0,0.0,0.0,0.0,0.0,0.0,0.0,0.0,0.0,0.0,0.0,193464.15,93.65,163806.11,93.65,354918752.0,93.65,14.54,75.97,12.31,75.94,26677.24,75.97,354918752.0,93.65,2644729.0,45.87,0.0,-4.1883,0.0,-0.0093,0.0,-55.2659,0.0,0.3381,0.4777,0.4777,0.4594
86,Wolasi,Konawe Selatan,2035,15366.98,10270.44,9.54,636.75,4391.82,0.0,0.0,41.76,0.0,0.0,0.0,0.0,0.0,0.0,0.0,130062.02,110123.49,238604608.0,29.61,25.07,54329.32,238604608.0,7067270.0,231537338.0,33.7619,5309.71,52.79,-136.89,-100.0,1145.88,35.3,-438.93,-100.0,-279.82,-100.0,-998940.88,-100.0,-3.21,-100.0,-2.04,-100.0,-7297.4,-100.0,67934.73,109.35,57520.31,109.35,124629296.0,109.35,10.47,54.7,8.86,54.66,19216.13,54.73,123630355.12,107.53,2441929.5,52.79,0.0,-3.1784,0.0,-0.007,0.0,-54.6319,0.0,0.219,0.324,0.324,0.6806
87,Laeya,Konawe Selatan,2035,46856.68,8450.64,2155.32,1542.24,12513.6,716.85,133.92,894.06,1161.9,2386.08,1521.13,5430423.5,3.33,2.12,7575.4,247339.38,209422.3,453755168.0,19.77,16.74,36260.96,459185591.5,21549386.0,437636205.5,21.3085,14453.56,44.61,-1593.54,-68.97,1044.27,9.1,-5021.99,-67.79,-3201.51,-67.79,-11429412.5,-67.79,0.12,3.74,0.08,3.92,278.0,3.81,27816.43,12.67,23552.16,12.67,51030336.0,12.67,0.63,3.29,0.53,3.27,1147.76,3.27,39600923.5,9.44,6647195.0,44.61,-1.7711,-1.73,0.0032,-0.0058,-46.7696,-47.6535,0.046,0.071,0.4116,0.4116,0.7237
88,Baito,Konawe Selatan,2035,16822.9,7724.88,2.25,4211.73,6520.68,31.23,0.0,134.28,13.5,216.75,138.18,493301.38,6.94,4.42,15795.75,211081.17,178722.42,387237856.0,32.37,27.41,59386.12,387731157.38,7736851.5,379994305.88,50.1149,5152.06,44.14,-528.12,-94.42,1198.8,22.53,-1576.76,-87.91,-1005.18,-87.91,-3588498.37,-87.91,3.73,116.2,2.38,116.67,8498.35,116.46,109220.4,107.23,92476.9,107.23,200369680.0,107.23,13.23,69.12,11.2,69.09,24272.93,69.13,196781181.63,103.05,2369432.5,44.14,-3.6669,-3.5597,-0.007,-0.0097,-60.3734,-59.2448,0.2691,0.2759,0.3186,0.3186,0.5466
89,Basala,Konawe Selatan,2035,10367.08,38.25,0.0,110.25,6702.03,959.94,0.0,416.61,0.0,4168.3,2657.29,9486527.0,4.34,2.77,9882.42,180986.48,153241.23,332027808.0,27.0,22.86,49541.38,341514335.0,4767821.5,336746513.5,71.629,2072.26,24.98,-675.72,-41.31,1325.79,24.66,-1076.3,-20.52,-686.15,-20.52,-2449535.0,-20.52,1.13,35.2,0.73,35.78,2585.02,35.42,78085.24,75.88,66114.75,75.88,143250864.0,75.88,7.86,41.07,6.65,41.02,14428.19,41.09,140801329.0,70.15,953036.25,24.98,-4.8123,-4.9847,-0.0094,-0.0114,-26.012,-31.8283,0.4078,0.4327,0.5782,0.5782,0.3321
90,Ranomeeto Barat,Konawe Selatan,2035,10532.75,0.0,1854.27,4433.76,18.63,0.54,0.0,217.35,34.2,3.94,2.51,8964.59,7.29,4.65,16601.09,626.82,530.73,1149927.0,33.65,28.49,61724.48,1158891.59,4844010.0,-3685118.41,0.2392,2708.94,34.62,-457.38,-99.88,-124.2,-86.96,-1464.34,-99.73,-933.52,-99.73,-3332660.16,-99.73,4.08,127.1,2.61,127.94,9303.69,127.49,-2106.95,-77.07,-1783.95,-77.07,-3865290.0,-77.07,14.51,75.81,12.28,75.76,26611.29,75.79,-7197950.16,-86.13,1245840.25,34.62,-4.6247,-4.7707,-0.0099,-0.0124,-73.8083,-82.3945,0.3935,0.3392,0.5644,0.5644,0.7939
91,Kolono Timur,Konawe Selatan,2035,11527.48,7315.11,0.0,2509.2,1863.27,0.0,0.18,235.8,22.95,0.0,0.0,0.0,0.0,0.0,0.0,43643.2,36952.7,80065400.0,23.42,19.83,42970.37,80065400.0,5301488.5,74763911.5,15.1024,2819.36,32.38,0.0,0.0,-214.29,-10.31,0.0,0.0,0.0,0.0,0.0,0.0,0.0,0.0,0.0,0.0,0.0,0.0,3878.7,9.75,3284.1,9.75,7115632.0,9.75,4.28,22.36,3.62,22.33,7857.18,22.38,7115632.0,9.75,1296622.5,32.38,0.0,-1.3389,0.0,-0.005,0.0,-36.5201,0.0,0.0057,0.321,0.321,0.5194
92,Sabulakoa,Konawe Selatan,2035,9291.98,0.0,1959.75,1513.53,1197.81,12.15,0.0,456.03,117.63,94.21,60.06,214403.06,7.75,4.94,17646.34,40301.11,34122.95,73934192.0,33.65,28.49,61724.47,74148595.06,4273380.0,69875215.06,17.3513,3303.02,55.15,-822.6,-98.54,-194.22,-13.95,-2582.34,-96.48,-1646.24,-96.48,-5877099.94,-96.48,4.54,141.43,2.9,142.16,10348.94,141.82,13657.66,51.26,11563.94,51.26,25055576.0,51.26,14.51,75.81,12.28,75.76,26611.28,75.79,19178476.06,34.89,1519058.75,55.15,-5.2716,-5.2391,-0.0104,-0.0104,-75.7061,-75.5666,0.445,0.4005,0.5523,0.5523,0.616
93,Andoolo Barat,Konawe Selatan,2035,10455.01,0.0,246.15,1250.19,5202.9,0.0,0.0,542.97,0.0,0.0,0.0,0.0,0.0,0.0,0.0,153046.89,129584.79,280771328.0,29.42,24.91,53964.39,280771328.0,4808259.0,275963069.0,58.3936,2893.15,38.26,0.0,0.0,749.07,16.82,0.0,0.0,0.0,0.0,0.0,0.0,0.0,0.0,0.0,0.0,0.0,0.0,67800.59,79.53,57406.74,79.53,124383152.0,79.53,10.28,53.71,8.7,53.67,18851.2,53.69,124383152.0,79.53,1330559.0,38.26,0.0,-4.2059,0.0,-0.0087,0.0,-39.5435,0.0,0.3465,0.5421,0.5421,0.449
94,Poleang,Bombana,2035,18435.39,1859.76,192.51,484.74,6691.59,0.0,7.11,382.86,123.48,0.0,0.0,0.0,0.0,0.0,0.0,56067.26,47472.14,102857912.0,8.38,7.09,15371.22,102857912.0,8478437.0,94379475.0,12.1317,7870.87,74.5,0.0,0.0,178.56,2.74,0.0,0.0,0.0,0.0,0.0,0.0,0.0,0.0,0.0,0.0,0.0,0.0,2660.41,4.98,2252.57,4.98,4880640.0,4.98,0.18,2.2,0.15,2.16,327.95,2.18,4880640.0,4.98,3619816.5,74.5,0.0,-2.323,0.0,-0.0017,0.0,-27.0872,0.0,0.1628,0.505,0.505,0.5125
95,Poleang Timur,Bombana,2035,25078.13,2668.68,188.01,2013.75,2390.94,1125.63,0.36,573.21,1090.35,8677.18,5531.7,19748186.0,7.71,4.91,17544.12,22750.86,19263.16,41737484.0,9.52,8.06,17456.52,61485670.0,11533436.0,49952234.0,5.3311,10982.45,77.91,-995.58,-46.93,1840.14,334.08,-484.64,-5.29,-308.96,-5.29,-1102970.0,-5.29,3.39,78.47,2.16,78.55,7714.28,78.48,18234.3,403.72,15438.99,403.72,33451651.5,403.72,1.32,16.1,1.12,16.14,2413.25,16.04,32348681.5,111.02,5050831.0,77.91,-2.8444,-3.1216,-0.0021,-0.0062,-16.6502,-20.6002,0.2402,0.1311,0.4621,0.4621,0.7506
96,Rarowatu,Bombana,2035,25606.42,7696.44,960.57,10388.97,1435.59,11.88,530.64,301.05,0.0,73.26,46.71,166739.27,6.17,3.93,14035.29,10594.96,8970.75,19436936.0,7.38,6.25,13539.34,19603675.27,11776392.0,7827283.27,1.6647,9680.53,60.78,-146.52,-92.5,418.41,41.13,-610.89,-89.29,-389.44,-89.29,-1390307.35,-89.29,1.85,42.82,1.18,42.91,4205.45,42.78,2254.08,27.02,1908.53,27.02,4135224.0,27.02,-0.82,-10.0,-0.69,-9.94,-1503.93,-10.0,2744916.65,16.28,4452072.0,60.78,-2.8033,-2.622,-0.0048,-0.0064,-13.2078,-13.8292,0.208,0.2027,0.4675,0.4675,0.648
97,Rumbia,Bombana,2035,13285.73,933.57,279.0,605.16,1416.69,79.02,1.8,360.72,310.5,487.32,310.66,1109068.75,6.17,3.93,14035.29,10129.98,8577.05,18583894.0,7.15,6.05,13117.83,19692962.75,6110107.0,13582855.75,3.223,4787.77,56.34,-844.02,-91.44,921.33,185.99,-3499.43,-87.78,-2230.89,-87.78,-7964267.25,-87.78,1.85,42.82,1.18,42.91,4205.45,42.78,6068.03,149.39,5137.8,149.39,11132060.5,149.39,-1.05,-12.8,-0.89,-12.82,-1925.44,-12.8,3167793.25,19.17,2201895.0,56.34,-2.2624,-2.3504,-0.0095,-0.0015,-15.0034,-16.497,0.1189,0.2223,0.5051,0.5051,0.798
98,Kabaena,Bombana,2035,7019.96,2627.55,13.95,6865.83,351.0,0.0,169.02,73.62,0.63,0.0,0.0,0.0,0.0,0.0,0.0,2939.81,2489.14,5393215.5,8.38,7.09,15365.29,5393215.5,3228480.75,2164734.75,1.6705,2221.61,46.3,0.0,0.0,351.0,0.0,0.0,0.0,0.0,0.0,0.0,0.0,0.0,0.0,0.0,0.0,0.0,0.0,2939.81,0.0,2489.14,0.0,5393215.5,0.0,8.38,0.0,7.09,0.0,15365.29,0.0,5393215.5,0.0,1021721.25,46.3,0.0,0.0,0.0,0.0,0.0,0.0,0.0,0.0,0.4383,0.4383,0.6861
99,Kabaena Timur,Bombana,2035,16865.32,6732.81,42.75,2841.57,1850.22,0.0,129.87,295.02,67.86,0.0,0.0,0.0,0.0,0.0,0.0,10824.47,9165.08,19857980.0,5.85,4.95,10732.77,19857980.0,7756361.5,12101618.5,2.5602,6216.74,58.38,0.0,0.0,-5.04,-0.27,0.0,0.0,0.0,0.0,0.0,0.0,0.0,0.0,0.0,0.0,0.0,0.0,-4388.66,-28.85,-3715.88,-28.85,-8051192.0,-28.85,-2.35,-28.66,-1.99,-28.67,-4310.5,-28.65,-8051192.0,-28.85,2859080.5,58.38,0.0,-2.5428,0.0,-0.0062,0.0,-29.4518,0.0,0.1705,0.3095,0.3095,0.6753
100,Poleang Barat,Bombana,2035,36744.97,3250.17,1770.75,5855.76,18963.9,0.0,84.33,352.26,298.71,0.0,0.0,0.0,0.0,0.0,0.0,163888.22,138764.19,300660256.0,8.64,7.32,15854.35,300660256.0,16899010.0,283761246.0,17.7916,17044.6,86.52,0.0,0.0,-379.98,-1.96,0.0,0.0,0.0,0.0,0.0,0.0,0.0,0.0,0.0,0.0,0.0,0.0,5268.41,3.32,4460.78,3.32,9665056.0,3.32,0.44,5.37,0.38,5.48,811.08,5.39,9665056.0,3.32,7838809.0,86.52,0.0,-2.9566,0.0,-0.0021,0.0,-28.5152,0.0,0.2403,0.405,0.405,0.3978
101,Mata Oleo,Bombana,2035,15442.13,3010.14,29.52,5579.82,2006.28,3.78,51.12,222.93,90.9,29.14,18.58,66316.76,7.71,4.91,17544.12,16954.14,14355.07,31103132.0,8.45,7.16,15502.89,31169448.76,7101836.5,24067612.26,4.3889,7199.12,87.34,-613.8,-99.39,996.84,98.75,-2638.28,-98.91,-1681.9,-98.91,-6004396.24,-98.91,3.39,78.47,2.16,78.55,7714.28,78.48,8676.73,104.82,7346.59,104.82,15917853.0,104.82,0.25,3.05,0.22,3.17,459.62,3.06,9913456.76,46.64,3310875.5,87.34,-1.5342,-1.5206,0.0007,-0.0012,-10.804,-10.4611,0.0118,0.0619,0.5338,0.5338,0.5819
102,Rarowatu Utara,Bombana,2035,38159.7,1606.5,947.16,9560.88,5062.77,394.74,2421.81,426.87,1538.82,1829.65,1166.4,4164060.25,4.64,2.95,10548.87,36194.07,30645.52,66399652.0,7.15,6.05,13115.28,70563712.25,17549648.0,53014064.25,4.0208,16545.57,76.55,-1762.38,-81.7,1441.53,39.81,-7487.27,-80.36,-4773.14,-80.36,-17040087.75,-80.36,0.32,7.41,0.2,7.27,719.03,7.31,6499.9,21.89,5503.47,21.89,11924372.0,21.89,-1.05,-12.8,-0.89,-12.82,-1927.99,-12.82,-5115715.75,-6.76,7609312.0,76.55,-3.3706,-3.9884,-0.0149,-0.0201,-16.608,-23.8441,0.322,0.3328,0.3948,0.3948,0.5044
103,Poleang Utara,Bombana,2035,38905.28,2997.27,434.43,10273.14,7722.9,828.99,0.63,451.62,0.0,6804.65,4337.97,15486542.0,8.21,5.23,18681.22,71978.45,60944.14,132047696.0,9.32,7.89,17098.2,147534238.0,17892534.0,129641704.0,8.2456,16785.5,75.88,-1055.43,-56.01,748.98,10.74,-1334.44,-16.4,-850.7,-16.4,-3037004.0,-16.4,3.89,90.05,2.48,90.18,8851.38,90.05,14792.31,25.87,12524.63,25.87,27137144.0,25.87,1.12,13.66,0.95,13.69,2054.93,13.66,24100140.0,19.52,7719649.0,75.88,-2.974,-3.0232,-0.0043,-0.0055,-17.4989,-18.1523,0.23,0.2504,0.4661,0.4661,0.7056
104,Poleang Selatan,Bombana,2035,21881.08,149.13,69.48,866.07,4148.28,0.99,2043.63,289.17,585.63,7.63,4.87,17368.67,7.71,4.91,17544.11,37814.92,32017.9,69373176.0,9.12,7.72,16723.36,69390544.67,10063109.0,59327435.67,6.8955,10338.15,89.56,-423.09,-99.77,-508.32,-10.92,-1824.03,-99.58,-1162.82,-99.58,-4151270.08,-99.58,3.39,78.47,2.16,78.55,7714.27,78.48,-369.2,-0.97,-312.59,-0.97,-677304.0,-0.97,0.92,11.22,0.78,11.24,1680.09,11.17,-4828574.08,-6.51,4754515.5,89.56,-2.1829,-2.4801,-0.0011,-0.0007,-21.5174,-20.2869,0.2804,0.1688,0.5753,0.5753,0.7922
105,Poleang Tenggara,Bombana,2035,10452.52,6406.11,0.18,3747.96,1967.94,0.0,0.09,171.72,307.8,0.0,0.0,0.0,0.0,0.0,0.0,16630.14,14080.75,30508748.0,8.45,7.16,15502.89,30508748.0,4807113.0,25701635.0,6.3466,4777.42,84.18,-398.52,-100.0,1728.63,722.34,-1721.27,-100.0,-1097.31,-100.0,-3917388.0,-100.0,-4.32,-100.0,-2.75,-100.0,-9829.84,-100.0,14667.8,747.46,12419.24,747.47,26908743.25,747.46,0.25,3.05,0.22,3.17,459.62,3.06,22991355.25,305.84,2197132.75,84.18,0.0,-1.8541,0.0,0.0001,0.0,-12.5512,0.0,0.0889,0.3486,0.3486,0.6012
106,Kabaena Selatan,Bombana,2035,11015.81,6221.16,4.14,4181.58,213.21,0.0,1095.75,274.14,1.62,0.0,0.0,0.0,0.0,0.0,0.0,1800.33,1524.34,3302794.0,8.44,7.15,15490.8,3302794.0,5066172.0,-1763378.0,0.6519,5024.92,83.88,0.0,0.0,201.6,1736.43,0.0,0.0,0.0,0.0,0.0,0.0,0.0,0.0,0.0,0.0,0.0,0.0,1705.13,1791.1,1443.73,1791.01,3128141.66,1791.07,0.24,2.93,0.21,3.03,447.53,2.97,3128141.66,1791.07,2310960.25,83.88,0.0,-1.4762,0.0,0.0115,0.0,-33.7393,0.0,-0.1399,0.3446,0.3446,0.5721
107,Kabaena Barat,Bombana,2035,6026.24,1452.87,3.24,2508.03,703.8,0.0,27.18,208.26,73.26,0.0,0.0,0.0,0.0,0.0,0.0,5900.33,4995.81,10824425.0,8.38,7.1,15379.97,10824425.0,2771469.0,8052956.0,3.9057,2737.16,83.22,0.0,0.0,-183.6,-20.69,0.0,0.0,0.0,0.0,0.0,0.0,0.0,0.0,0.0,0.0,0.0,0.0,-1376.35,-18.91,-1165.35,-18.91,-2524971.0,-18.91,0.18,2.2,0.16,2.31,336.7,2.24,-2524971.0,-18.91,1258823.38,83.22,0.0,-1.5552,0.0,-0.004,0.0,-24.7009,0.0,0.0503,0.5248,0.5248,0.5377
108,Kabaena Utara,Bombana,2035,11034.68,3131.19,297.45,4203.72,4194.99,13.77,0.0,656.64,43.56,106.15,67.67,241582.47,7.71,4.91,17544.12,29975.14,25379.95,54990724.0,7.15,6.05,13108.67,55232306.47,5074848.0,50157458.47,10.8835,4617.57,71.96,-120.24,-89.72,1278.63,43.84,-472.66,-81.66,-301.32,-81.66,-1075714.41,-81.66,3.39,78.47,2.16,78.55,7714.28,78.48,6060.99,25.34,5131.84,25.34,11119132.0,25.34,-1.05,-12.8,-0.89,-12.82,-1934.6,-12.86,10043417.59,22.23,2123621.0,71.96,-1.5543,-1.9383,-0.0024,-0.0072,-25.8249,-24.1963,0.0516,0.0063,0.5074,0.5074,0.5599
109,Kabaena Tengah,Bombana,2035,19948.23,17833.32,167.49,7949.25,1832.94,0.0,583.11,479.25,0.0,0.0,0.0,0.0,0.0,0.0,0.0,10902.87,9231.46,20001800.0,5.95,5.04,10912.41,20001800.0,9174194.0,10827606.0,2.1802,6411.49,47.36,0.0,0.0,318.42,21.02,0.0,0.0,0.0,0.0,0.0,0.0,0.0,0.0,0.0,0.0,0.0,0.0,-1516.19,-12.21,-1283.76,-12.21,-2781530.0,-12.21,-2.25,-27.44,-1.9,-27.38,-4130.86,-27.46,-2781530.0,-12.21,2948646.0,47.36,0.0,-2.5697,0.0,-0.0091,0.0,-27.0139,0.0,0.1895,0.3265,0.3265,0.7047
110,Kep. Masaloka Raya,Bombana,2035,233.52,16.29,0.0,69.21,141.21,0.0,0.0,53.64,0.0,0.0,0.0,0.0,0.0,0.0,0.0,1193.3,1010.37,2189162.25,8.45,7.16,15502.88,2189162.25,107393.75,2081768.5,20.3844,106.84,84.34,0.0,0.0,141.21,0.0,0.0,0.0,0.0,0.0,0.0,0.0,0.0,0.0,0.0,0.0,0.0,0.0,1193.3,0.0,1010.37,0.0,2189162.25,0.0,8.45,0.0,7.16,0.0,15502.88,0.0,2189162.25,0.0,49133.05,84.33,0.0,0.0,0.0,0.0,0.0,0.0,0.0,0.0,0.7187,0.7187,0.5155
111,Rumbia Tengah,Bombana,2035,7911.7,631.44,0.0,763.47,684.99,0.0,0.0,194.4,67.68,0.0,0.0,0.0,0.0,0.0,0.0,5414.58,4584.52,9933282.0,7.9,6.69,14501.35,9933282.0,3638591.0,6294691.0,2.73,3032.49,62.15,-117.54,-100.0,200.88,41.49,-507.67,-100.0,-323.64,-100.0,-1155399.38,-100.0,-4.32,-100.0,-2.75,-100.0,-9829.84,-100.0,1444.88,36.4,1223.37,36.4,2650685.0,36.4,-0.3,-3.66,-0.25,-3.6,-541.92,-3.6,1495285.62,17.72,1394644.5,62.15,0.0,-1.9199,0.0,-0.004,0.0,-15.9659,0.0,0.1014,0.6153,0.6153,0.8037
112,Poleang Tengah,Bombana,2035,9116.54,9.18,289.08,21.6,2637.18,0.0,1.89,132.3,236.97,0.0,0.0,0.0,0.0,0.0,0.0,23999.86,20320.68,44028816.0,9.1,7.71,16695.42,44028816.0,4192698.0,39836118.0,10.5013,4166.4,84.17,-84.69,-100.0,-239.22,-8.32,-365.79,-100.0,-233.19,-100.0,-832489.12,-100.0,-4.32,-100.0,-2.75,-100.0,-9829.84,-100.0,413.38,1.75,350.01,1.75,758360.0,1.75,0.9,10.98,0.77,11.1,1652.15,10.98,-74129.12,-0.17,1916128.5,84.17,0.0,-2.5399,0.0,-0.003,0.0,-23.1077,0.0,0.1939,0.6297,0.6297,0.6177
113,Tontonunu,Bombana,2035,18489.56,6460.38,756.81,2116.44,6890.76,0.0,0.0,66.15,44.64,0.0,0.0,0.0,0.0,0.0,0.0,63877.09,54084.73,117185400.0,9.27,7.85,17006.16,117185400.0,8503350.0,108682050.0,13.7811,8260.1,80.75,-196.47,-100.0,587.88,9.33,-848.58,-100.0,-540.97,-100.0,-1931268.75,-100.0,-4.32,-100.0,-2.75,-100.0,-9829.84,-100.0,12193.47,23.59,10324.21,23.59,22369472.0,23.59,1.07,13.05,0.91,13.11,1962.89,13.05,20438203.25,21.13,3798821.5,80.75,0.0,-2.876,0.0,-0.0056,0.0,-19.8895,0.0,0.2164,0.406,0.406,0.5309
114,Lantari Jaya,Bombana,2035,39056.14,7828.92,1180.08,20300.22,3401.64,2898.27,0.0,528.21,2724.48,17455.1,11127.63,39725628.0,6.02,3.84,13706.67,23944.81,20274.06,43927812.0,7.04,5.96,12913.72,83653440.0,17961924.0,65691516.0,4.6573,15428.05,65.3,-3480.75,-54.57,556.65,19.57,-10096.83,-36.65,-6436.72,-36.65,-22979112.0,-36.65,1.7,39.35,1.09,39.64,3876.83,39.44,615.89,2.64,521.46,2.64,1129868.0,2.64,-1.16,-14.15,-0.98,-14.12,-2129.55,-14.16,-21849244.0,-20.71,7095364.0,65.3,-3.7602,-4.3726,-0.0103,-0.0209,-15.8695,-23.7699,0.3842,0.381,0.3289,0.3289,0.3798
115,Mata Usu,Bombana,2035,11872.09,20865.87,22.23,9564.48,5119.2,0.0,0.0,0.0,0.0,0.0,0.0,0.0,0.0,0.0,0.0,53150.16,45002.21,97506336.0,10.38,8.79,19047.18,97506336.0,5459976.5,92046359.5,17.8584,3777.84,46.67,0.0,0.0,-897.39,-14.92,0.0,0.0,0.0,0.0,0.0,0.0,0.0,0.0,0.0,0.0,0.0,0.0,3814.12,7.73,3229.38,7.73,6997144.0,7.73,2.18,26.59,1.85,26.66,4003.91,26.62,6997144.0,7.73,1737432.75,46.67,0.0,-4.5642,0.0,-0.0068,0.0,-21.5493,0.0,0.394,0.1935,0.1935,0.3269
116,Wangi-Wangi,Wakatobi,2035,12222.22,400.05,0.0,3092.4,2232.99,0.0,0.0,1059.48,0.0,0.0,0.0,0.0,0.0,0.0,0.0,63304.7,53600.09,116135288.0,28.35,24.0,52008.87,116135288.0,5621000.0,110514288.0,20.661,-5141.67,-29.61,0.0,0.0,-177.39,-7.36,0.0,0.0,0.0,0.0,0.0,0.0,0.0,0.0,0.0,0.0,0.0,0.0,14036.53,28.49,11884.73,28.49,25750632.0,28.49,7.91,38.7,6.69,38.65,14510.78,38.7,25750632.0,28.49,-2364653.0,-29.61,0.0,-1.4555,0.0,-0.0051,0.0,-42.7363,0.0,0.0221,0.6567,0.6567,0.4492
117,Kaledupa,Wakatobi,2035,6663.44,288.27,0.0,247.59,2656.17,0.0,0.0,252.63,3.06,0.0,0.0,0.0,0.0,0.0,0.0,75301.74,63757.98,138144400.0,28.35,24.0,52008.87,138144400.0,3064517.75,135079882.25,45.0787,765.81,12.99,0.0,0.0,95.22,3.72,0.0,0.0,0.0,0.0,0.0,0.0,0.0,0.0,0.0,0.0,0.0,0.0,22955.92,43.85,19436.78,43.85,42113656.0,43.85,7.91,38.7,6.69,38.65,14510.78,38.7,42113656.0,43.85,352196.25,12.99,0.0,-0.1987,0.0,-0.0008,0.0,-43.1429,0.0,-0.1496,0.5732,0.5732,0.2214
118,Tomia,Wakatobi,2035,6013.42,8.55,0.0,500.85,2063.52,0.0,0.0,398.07,0.0,0.0,0.0,0.0,0.0,0.0,0.0,57165.61,48402.11,104872872.0,27.7,23.46,50822.32,104872872.0,2765571.75,102107300.25,37.9209,734.22,13.91,0.0,0.0,253.62,14.01,0.0,0.0,0.0,0.0,0.0,0.0,0.0,0.0,0.0,0.0,0.0,0.0,20171.25,54.53,17078.99,54.53,37005072.0,54.53,7.26,35.52,6.15,35.53,13324.23,35.53,37005072.0,54.53,337668.25,13.91,0.0,0.2424,0.0,-0.0,0.0,-46.8005,0.0,-0.2629,0.4812,0.4812,0.6351
119,Binongko,Wakatobi,2035,10054.42,281.43,0.0,4568.94,947.34,0.0,0.0,457.29,36.99,0.0,0.0,0.0,0.0,0.0,0.0,26856.85,22739.69,49270084.0,28.35,24.0,52008.87,49270084.0,4624024.5,44646059.5,10.6552,1263.66,14.37,0.0,0.0,-426.78,-31.06,0.0,0.0,0.0,0.0,0.0,0.0,0.0,0.0,0.0,0.0,0.0,0.0,-1230.17,-4.38,-1041.57,-4.38,-2256800.0,-4.38,7.91,38.7,6.69,38.65,14510.77,38.7,-2256800.0,-4.38,581156.25,14.37,0.0,0.0563,0.0,0.0,0.0,-54.79,0.0,-0.2086,0.4819,0.4819,0.3161
120,Wangi Wangi Selatan,Wakatobi,2035,17837.1,65.79,0.0,5919.21,5085.72,0.0,0.0,1079.55,1.71,0.0,0.0,0.0,0.0,0.0,0.0,144178.86,122076.25,264502576.0,28.35,24.0,52008.88,264502576.0,8203280.0,256299296.0,32.2435,-4826.11,-21.29,0.0,0.0,-245.07,-4.6,0.0,0.0,0.0,0.0,0.0,0.0,0.0,0.0,0.0,0.0,0.0,0.0,35217.52,32.32,29818.67,32.32,64608080.0,32.32,7.91,38.7,6.69,38.65,14510.78,38.7,64608080.0,32.32,-2219532.0,-21.29,0.0,-1.1902,0.0,-0.0039,0.0,-43.1679,0.0,-0.0121,0.5064,0.5064,0.2976
121,Kaledupa Selatan,Wakatobi,2035,10226.08,1851.66,0.0,378.18,2961.45,0.0,0.0,273.96,1.35,0.0,0.0,0.0,0.0,0.0,0.0,83956.35,71085.84,154021680.0,28.35,24.0,52008.87,154021680.0,4702974.0,149318706.0,32.7498,1670.78,19.53,0.0,0.0,643.5,27.76,0.0,0.0,0.0,0.0,0.0,0.0,0.0,0.0,0.0,0.0,0.0,0.0,36577.46,77.2,30970.13,77.2,67102960.0,77.2,7.91,38.7,6.69,38.65,14510.77,38.7,67102960.0,77.2,768391.25,19.53,0.0,0.0057,0.0,-0.0,0.0,-43.921,0.0,-0.1794,0.3894,0.3894,0.269
122,Tomia Timur,Wakatobi,2035,7400.89,711.0,0.0,1091.43,1968.3,0.0,0.0,324.81,0.0,0.0,0.0,0.0,0.0,0.0,0.0,55800.79,47246.54,102369064.0,28.35,24.0,52008.87,102369064.0,3403670.0,98965394.0,30.0761,192.46,2.67,0.0,0.0,87.12,4.63,0.0,0.0,0.0,0.0,0.0,0.0,0.0,0.0,0.0,0.0,0.0,0.0,17349.47,45.12,14689.81,45.12,31828416.0,45.12,7.91,38.7,6.69,38.65,14510.78,38.7,31828416.0,45.12,88512.25,2.67,0.0,0.0651,0.0,-0.0,0.0,-49.9244,0.0,-0.2025,0.4955,0.4955,0.777
123,Togo Binongko,Wakatobi,2035,5472.64,0.0,0.0,3248.1,354.6,0.0,0.0,228.06,0.0,0.0,0.0,0.0,0.0,0.0,0.0,10052.82,8511.72,18442348.0,28.35,24.0,52008.88,18442348.0,2516868.0,15925480.0,7.3275,496.13,9.97,0.0,0.0,-344.16,-49.25,0.0,0.0,0.0,0.0,0.0,0.0,0.0,0.0,0.0,0.0,0.0,0.0,-4229.83,-29.62,-3581.4,-29.62,-7759824.0,-29.62,7.91,38.7,6.69,38.65,14510.78,38.7,-7759824.0,-29.62,228173.5,9.97,0.0,0.0505,0.0,-0.0,0.0,-55.6004,0.0,-0.2079,0.4624,0.4624,0.2589
124,Lasusua,Kolaka Utara,2035,38373.0,13211.55,140.58,2402.64,7875.45,0.0,2079.0,1135.71,103.86,0.0,0.0,0.0,0.0,0.0,0.0,72541.64,61421.01,133080912.0,9.21,7.8,16898.2,133080912.0,17647742.0,115433170.0,7.541,16363.78,74.35,0.0,0.0,-225.0,-2.78,0.0,0.0,0.0,0.0,0.0,0.0,0.0,0.0,0.0,0.0,0.0,0.0,-1091.44,-1.48,-924.12,-1.48,-2002304.0,-1.48,0.12,1.32,0.1,1.3,222.19,1.33,-2002304.0,-1.48,7525700.0,74.35,0.0,-0.467,0.0,-0.0006,0.0,51.2115,0.0,-0.1189,0.2626,0.2626,0.3663
125,Pakue,Kolaka Utara,2035,24127.84,7940.79,1143.99,45.54,4595.4,0.0,26.01,207.99,1113.39,0.0,0.0,0.0,0.0,0.0,0.0,42377.76,35881.26,77743936.0,9.22,7.81,16917.77,77743936.0,11096396.0,66647540.0,7.0062,10139.5,72.49,0.0,0.0,107.73,2.4,0.0,0.0,0.0,0.0,0.0,0.0,0.0,0.0,0.0,0.0,0.0,0.0,1584.84,3.89,1341.89,3.89,2907488.0,3.89,0.13,1.43,0.11,1.43,241.76,1.45,2907488.0,3.89,4663158.5,72.49,0.0,-1.4455,0.0,-0.0025,0.0,-9.5372,0.0,-0.0312,0.2939,0.2939,0.1091
126,Batu Putih,Kolaka Utara,2035,34111.48,14265.36,140.85,492.93,6322.23,28.89,1699.47,168.48,547.92,175.54,111.91,399505.81,6.08,3.87,13828.52,54173.04,45868.32,99382872.0,8.57,7.26,15719.59,99782377.81,15687875.0,84094502.81,6.3605,13054.51,62.0,-70.74,-71.0,621.81,10.91,-261.38,-59.82,-166.63,-59.82,-594865.94,-59.82,1.69,38.5,1.07,38.21,3847.87,38.55,2356.22,4.55,1995.02,4.55,4322592.0,4.55,-0.52,-5.72,-0.44,-5.71,-956.42,-5.74,3727726.06,3.88,6003775.0,62.0,-2.5941,-2.7163,-0.0048,-0.0048,-54.4233,-50.4845,0.0705,0.0123,0.2642,0.2642,0.0703
127,Rante Angin,Kolaka Utara,2035,15819.59,4542.3,134.19,92.16,2659.23,62.37,87.84,375.84,384.3,378.97,241.59,862484.56,6.08,3.87,13828.52,22187.33,18786.01,40703648.0,8.34,7.06,15306.55,41566132.56,7275428.5,34290704.06,5.7132,5799.97,57.89,-143.19,-69.66,-384.3,-12.63,-522.49,-57.96,-333.09,-57.96,-1189136.94,-57.96,1.69,38.5,1.07,38.21,3847.87,38.55,-5478.36,-19.8,-4638.53,-19.8,-10050304.0,-19.8,-0.75,-8.25,-0.64,-8.31,-1369.47,-8.21,-11239440.94,-21.28,2667403.0,57.89,-0.2699,-0.4146,-0.0004,-0.0008,52.8695,47.6661,-0.1189,-0.106,0.2823,0.2823,0.3864
128,Kodeoha,Kolaka Utara,2035,19497.52,6208.2,549.9,3919.41,1306.8,1.71,1563.3,158.49,22.14,10.39,6.62,23646.76,6.08,3.87,13828.52,12051.02,10203.6,22108144.0,9.22,7.81,16917.77,22131790.76,8966912.0,13164878.76,2.4682,7888.06,67.95,-58.5,-97.16,-1.26,-0.1,-253.66,-96.07,-161.71,-96.07,-577287.93,-96.07,1.69,38.5,1.07,38.21,3847.87,38.55,160.75,1.35,136.11,1.35,294918.0,1.35,0.13,1.43,0.11,1.43,241.76,1.45,-282369.93,-1.26,3627723.5,67.95,-0.5579,-0.8975,-0.0008,-0.0014,18.9839,35.4618,-0.106,-0.0237,0.2456,0.2456,0.194
129,Ngapa,Kolaka Utara,2035,32542.31,3069.72,3307.5,5657.94,10033.2,0.0,0.0,222.03,3.96,0.0,0.0,0.0,0.0,0.0,0.0,92523.97,78340.05,169739344.0,9.22,7.81,16917.77,169739344.0,14966206.0,154773138.0,11.3415,13007.25,66.58,0.0,0.0,875.79,9.56,0.0,0.0,0.0,0.0,0.0,0.0,0.0,0.0,0.0,0.0,0.0,0.0,9283.11,11.15,7860.02,11.15,17030272.0,11.15,0.13,1.43,0.11,1.43,241.76,1.45,17030272.0,11.15,5982034.0,66.58,0.0,-1.2115,0.0,-0.0019,0.0,29.8402,0.0,0.093,0.2412,0.2412,0.15
130,Wawo,Kolaka Utara,2035,23116.48,21851.91,89.19,783.99,3417.12,3.69,4.41,321.66,53.37,22.42,14.29,51027.22,6.08,3.87,13828.52,28558.53,24180.51,52391916.0,8.36,7.08,15332.18,52442943.22,10631267.0,41811676.22,4.9329,10084.2,77.38,-71.28,-95.08,-783.45,-18.65,-306.35,-93.18,-195.3,-93.18,-697221.78,-93.18,1.69,38.5,1.07,38.21,3847.87,38.55,-9624.65,-25.21,-8149.19,-25.21,-17656828.0,-25.21,-0.73,-8.03,-0.62,-8.05,-1343.83,-8.06,-18354049.78,-25.92,4637719.5,77.38,-0.1595,-0.4003,-0.0004,-0.0005,69.7677,57.77,-0.1579,-0.0347,0.2062,0.2062,0.2649
131,Lambai,Kolaka Utara,2035,13544.13,6735.96,31.23,173.7,1841.67,0.0,913.23,93.33,12.87,0.0,0.0,0.0,0.0,0.0,0.0,15371.38,13014.94,28199482.0,8.35,7.07,15311.91,28199482.0,6228945.5,21970536.5,4.5272,5505.69,68.49,0.0,0.0,-890.91,-32.6,0.0,0.0,0.0,0.0,0.0,0.0,0.0,0.0,0.0,0.0,0.0,0.0,-9467.77,-38.12,-8016.37,-38.12,-17369058.0,-38.12,-0.74,-8.14,-0.63,-8.18,-1364.1,-8.18,-17369058.0,-38.12,2532066.5,68.49,0.0,-0.442,0.0,-0.0009,0.0,48.0019,0.0,-0.1553,0.2184,0.2184,0.3303
132,Watunohu,Kolaka Utara,2035,12406.72,49.23,1721.7,14.67,42.3,0.0,0.0,153.54,1360.08,0.0,0.0,0.0,0.0,0.0,0.0,390.08,330.28,715621.69,9.22,7.81,16917.77,715621.69,5705852.5,-4990230.81,0.1254,4364.29,54.27,0.0,0.0,-1.62,-3.69,0.0,0.0,0.0,0.0,0.0,0.0,0.0,0.0,0.0,0.0,0.0,0.0,-9.15,-2.29,-7.75,-2.29,-16788.81,-2.29,0.13,1.43,0.11,1.43,241.76,1.45,-16788.81,-2.29,2007138.75,54.27,0.0,-0.8475,0.0,-0.0013,0.0,14.2164,0.0,-0.0466,0.5456,0.5456,0.1223
133,Pakue Tengah,Kolaka Utara,2035,22639.71,11450.79,103.23,66.87,4958.1,0.0,0.0,282.24,593.91,0.0,0.0,0.0,0.0,0.0,0.0,45722.51,38713.25,83879992.0,9.22,7.81,16917.77,83879992.0,10411998.0,73467994.0,8.0561,10415.57,85.2,-144.63,-100.0,131.49,2.72,-634.26,-100.0,-404.34,-100.0,-1443500.88,-100.0,-4.39,-100.0,-2.8,-100.0,-9980.65,-100.0,1848.63,4.21,1565.23,4.21,3391368.0,4.21,0.13,1.43,0.11,1.43,241.75,1.45,1947867.12,2.38,4790115.5,85.2,0.0,-2.0483,0.0,-0.0037,0.0,-26.6621,0.0,-0.022,0.2499,0.2499,0.0895
134,Pakue Utara,Kolaka Utara,2035,21874.12,16594.11,299.43,0.0,4734.45,18.36,0.09,302.76,438.21,111.56,71.12,253891.55,6.08,3.87,13828.52,43660.06,36966.98,80096352.0,9.22,7.81,16917.77,80350243.55,10059906.0,70290337.55,7.9872,9994.6,84.13,-97.56,-84.16,-228.69,-4.61,-396.8,-78.05,-252.96,-78.05,-903064.83,-78.06,1.69,38.5,1.07,38.21,3847.87,38.55,-1454.88,-3.22,-1231.82,-3.22,-2669040.0,-3.22,0.13,1.43,0.11,1.43,241.76,1.45,-3572104.83,-4.26,4596518.0,84.13,-2.2259,-2.5098,-0.0043,-0.0042,-43.7844,-34.498,0.0394,-0.0523,0.1583,0.1583,0.085
135,Porehu,Kolaka Utara,2035,32498.23,39853.44,143.01,2105.46,15015.42,0.0,0.0,45.0,18.09,0.0,0.0,0.0,0.0,0.0,0.0,127620.93,108056.66,234126304.0,8.5,7.2,15592.39,234126304.0,14945934.0,219180370.0,15.6649,12249.95,60.5,0.0,0.0,1883.25,14.34,0.0,0.0,0.0,0.0,0.0,0.0,0.0,0.0,0.0,0.0,0.0,0.0,8249.53,6.91,6984.89,6.91,15134064.0,6.91,-0.59,-6.49,-0.5,-6.49,-1083.62,-6.5,15134064.0,6.91,5633750.0,60.5,0.0,-3.5051,0.0,-0.0028,0.0,-40.7743,0.0,0.176,0.1666,0.1666,0.0608
136,Katoi,Kolaka Utara,2035,16968.39,8769.78,0.63,2231.73,454.05,0.0,2862.09,138.33,0.0,0.0,0.0,0.0,0.0,0.0,0.0,4187.15,3545.26,7681514.0,9.22,7.81,16917.77,7681514.0,7803765.0,-122251.0,0.9843,7563.03,80.41,-19.98,-100.0,-517.95,-53.29,-87.62,-100.0,-55.86,-100.0,-199413.31,-100.0,-4.39,-100.0,-2.8,-100.0,-9980.65,-100.0,-4648.33,-52.61,-3935.74,-52.61,-8527570.0,-52.61,0.13,1.43,0.11,1.43,241.76,1.45,-8726983.31,-53.19,3478240.5,80.41,0.0,-0.3788,0.0,-0.0006,0.0,36.0446,0.0,-0.161,0.2127,0.2127,0.2459
137,Tiwu,Kolaka Utara,2035,7788.09,51.12,968.04,988.29,1076.58,0.0,260.1,122.22,85.05,0.0,0.0,0.0,0.0,0.0,0.0,9927.99,8406.03,18213334.0,9.22,7.81,16917.77,18213334.0,3581741.5,14631592.5,5.085,2631.15,51.02,0.0,0.0,768.6,249.56,0.0,0.0,0.0,0.0,0.0,0.0,0.0,0.0,0.0,0.0,0.0,0.0,7128.45,254.63,6035.66,254.63,13077455.5,254.63,0.13,1.43,0.11,1.43,241.76,1.45,13077455.5,254.63,1210063.5,51.02,0.0,-1.0121,0.0,-0.002,0.0,11.5514,0.0,-0.4674,0.4103,0.4103,0.1583
138,Tolala,Kolaka Utara,2035,27370.95,21076.11,227.79,801.9,5092.38,0.0,897.57,310.14,182.52,0.0,0.0,0.0,0.0,0.0,0.0,42706.99,36160.01,78347872.0,8.39,7.1,15385.32,78347872.0,12587901.0,65759971.0,6.2241,9941.63,57.04,0.0,0.0,524.43,11.48,0.0,0.0,0.0,0.0,0.0,0.0,0.0,0.0,0.0,0.0,0.0,0.0,1184.32,2.85,1002.78,2.85,2172680.0,2.85,-0.7,-7.7,-0.6,-7.79,-1290.69,-7.74,2172680.0,2.85,4572159.0,57.04,0.0,-3.0432,0.0,-0.0042,0.0,-49.5049,0.0,0.1225,0.3499,0.3499,0.0271
139,Asera,Konawe Utara,2035,18838.43,135090.54,1827.81,8164.26,3452.22,0.0,0.45,412.38,636.93,0.0,0.0,0.0,0.0,0.0,0.0,21087.23,17854.56,38685472.0,6.11,5.17,11205.97,38685472.0,8663797.0,30021675.0,4.4652,6479.51,52.43,0.0,0.0,-1300.59,-27.36,0.0,0.0,0.0,0.0,0.0,0.0,0.0,0.0,0.0,0.0,0.0,0.0,2456.21,13.18,2079.68,13.18,4506044.0,13.18,2.19,55.87,1.85,55.72,4014.56,55.82,4506044.0,13.18,2979938.0,52.43,0.0,-3.4096,0.0,-0.0072,0.0,-72.5917,0.0,0.1286,0.0676,0.0676,0.2336
140,Wiwirano,Konawe Utara,2035,7117.1,76702.05,11875.05,1023.48,610.56,146.16,42.48,503.82,246.87,755.08,481.36,1718472.88,5.17,3.29,11757.48,3952.66,3346.72,7251335.0,6.47,5.48,11876.53,8969807.88,3273154.75,5696653.12,2.7404,1108.84,18.46,-612.09,-80.72,-1026.81,-62.71,-1817.96,-70.65,-1158.95,-70.65,-4137441.62,-70.65,1.78,52.51,1.13,52.31,4034.55,52.24,-2465.83,-38.42,-2087.82,-38.42,-4523676.0,-38.42,2.55,65.05,2.16,65.06,4685.11,65.15,-8661117.62,-49.12,509958.0,18.46,-1.8049,-2.4417,-0.0083,-0.0121,-68.1433,-63.7956,0.0911,0.2078,0.2423,0.2423,0.1449
141,Langgikima,Konawe Utara,2035,3995.06,3118.95,5625.54,737.28,398.97,0.0,4153.32,33.12,4.59,0.0,0.0,0.0,0.0,0.0,0.0,2019.2,1709.66,3704316.25,5.06,4.29,9284.7,3704316.25,1837327.25,1866989.0,2.0161,960.51,31.65,0.0,0.0,-1318.86,-76.77,0.0,0.0,0.0,0.0,0.0,0.0,0.0,0.0,0.0,0.0,0.0,0.0,-4714.69,-70.01,-3991.93,-70.01,-8649314.75,-70.01,1.14,29.08,0.97,29.22,2093.28,29.11,-8649314.75,-70.01,441739.0,31.65,0.0,-0.5764,0.0,-0.001,0.0,-53.1938,0.0,-0.0548,0.5956,0.5956,0.2108
142,Molawe,Konawe Utara,2035,4693.45,10060.2,165.6,1940.13,1545.66,0.0,1762.83,317.07,709.2,0.0,0.0,0.0,0.0,0.0,0.0,5993.11,5074.36,10994626.0,3.88,3.28,7113.22,10994626.0,2158518.25,8836107.75,5.0936,1203.6,34.49,0.0,0.0,-874.44,-36.13,0.0,0.0,0.0,0.0,0.0,0.0,0.0,0.0,0.0,0.0,0.0,0.0,-3493.68,-36.83,-2958.11,-36.83,-6409322.0,-36.83,-0.04,-1.02,-0.04,-1.2,-78.2,-1.09,-6409322.0,-36.83,553535.13,34.49,0.0,-2.7377,0.0,-0.0087,0.0,-61.6164,0.0,0.1274,0.351,0.351,0.4085
143,Lasolo,Konawe Utara,2035,6239.64,14983.29,98.55,532.8,2469.78,0.0,1040.85,295.92,57.15,0.0,0.0,0.0,0.0,0.0,0.0,13593.05,11509.23,24937054.0,5.5,4.66,10096.87,24937054.0,2869608.5,22067445.5,8.6901,1891.6,43.5,0.0,0.0,488.43,24.65,0.0,0.0,0.0,0.0,0.0,0.0,0.0,0.0,0.0,0.0,0.0,0.0,5826.16,75.01,4933.0,75.01,10688342.0,75.01,1.58,40.31,1.34,40.36,2905.45,40.4,10688342.0,75.01,869942.88,43.5,0.0,-3.7805,0.0,-0.0167,0.0,-62.7209,0.0,0.2446,0.3348,0.3348,0.466
144,Lembo,Konawe Utara,2035,2901.11,5364.63,36.99,285.12,3859.38,0.0,0.0,222.66,207.18,0.0,0.0,0.0,0.0,0.0,0.0,22183.3,18782.6,40696264.0,5.75,4.87,10544.77,40696264.0,1334221.38,39362042.62,30.5019,842.84,40.95,0.0,0.0,-186.75,-4.62,0.0,0.0,0.0,0.0,0.0,0.0,0.0,0.0,0.0,0.0,0.0,0.0,6322.47,39.86,5353.23,39.86,11598858.0,39.86,1.83,46.68,1.55,46.69,3353.35,46.63,11598858.0,39.86,387621.94,40.95,0.0,-3.3677,0.0,-0.0139,0.0,-62.087,0.0,0.2484,0.3433,0.3433,0.4797
145,Sawa,Konawe Utara,2035,1464.14,139.41,90.18,662.58,2518.29,5.76,0.0,377.01,0.9,18.18,11.59,41368.49,3.16,2.01,7182.03,11485.5,9724.77,21070660.0,4.56,3.86,8367.05,21112028.49,673360.25,20438668.24,31.3532,503.1,52.35,-41.67,-87.86,25.92,1.04,-142.77,-88.7,-91.01,-88.7,-324930.26,-88.71,-0.23,-6.78,-0.15,-6.94,-540.9,-7.0,1715.41,17.56,1452.43,17.56,3146992.0,17.56,0.64,16.33,0.54,16.27,1175.63,16.35,2822061.74,15.43,231378.63,52.35,-2.8024,-2.7074,-0.0093,-0.0038,-58.0932,-56.9139,0.1994,0.1748,0.5433,0.5433,0.6289
146,Oheo,Konawe Utara,2035,7554.85,31764.6,3030.93,2984.49,1916.28,928.26,27.9,452.07,347.94,5117.33,3262.29,11646393.0,5.51,3.51,12546.48,11207.3,9489.22,20560300.0,5.85,4.95,10729.28,32206693.0,3474475.5,28732217.5,9.2695,2329.22,44.57,-1515.6,-62.02,-428.67,-18.28,-3175.64,-38.29,-2024.48,-38.29,-7227375.0,-38.29,2.12,62.54,1.35,62.5,4823.55,62.46,2015.09,21.92,1706.18,21.92,3696788.0,21.92,1.93,49.23,1.63,49.1,3537.86,49.2,-3530587.0,-9.88,1071207.0,44.57,-2.7247,-2.6156,-0.0097,-0.0098,-81.2118,-77.7759,0.1579,0.0899,0.2631,0.2631,0.2609
147,Andowia,Konawe Utara,2035,5716.02,9148.86,4895.82,1485.45,832.5,0.0,192.24,416.43,127.71,0.0,0.0,0.0,0.0,0.0,0.0,3167.65,2682.05,5811199.0,3.8,3.22,6980.42,5811199.0,2628796.25,3182402.75,2.2106,1601.78,38.93,0.0,0.0,-644.58,-43.64,0.0,0.0,0.0,0.0,0.0,0.0,0.0,0.0,0.0,0.0,0.0,0.0,-2622.5,-45.29,-2220.47,-45.29,-4811098.0,-45.29,-0.12,-3.06,-0.1,-3.01,-211.0,-2.93,-4811098.0,-45.29,736658.0,38.93,0.0,-2.9698,0.0,-0.0215,0.0,-73.5288,0.0,0.1926,0.3873,0.3873,0.4697
148,Motui,Konawe Utara,2035,3118.95,1792.44,282.51,1555.11,1931.76,0.72,396.45,184.59,2178.18,4.09,2.61,9307.91,5.68,3.62,12927.65,11005.18,9318.09,20189502.0,5.7,4.82,10451.35,20198809.91,1434406.75,18764403.16,14.0816,1003.19,47.42,-74.97,-99.05,865.53,81.18,-252.76,-98.41,-161.13,-98.41,-575240.97,-98.41,2.29,67.55,1.46,67.59,5204.72,67.39,6825.56,163.31,5779.2,163.31,12521798.5,163.31,1.78,45.41,1.5,45.18,3259.93,45.33,11946557.53,144.77,461370.0,47.42,-3.7275,-3.4261,-0.0083,-0.0104,-63.5922,-63.7782,0.2944,0.2458,0.5695,0.5695,0.6146
149,Wawolesea,Konawe Utara,2035,1625.01,2822.22,4.95,196.02,1687.5,0.0,45.27,68.85,0.0,0.0,0.0,0.0,0.0,0.0,0.0,10065.72,8522.64,18466006.0,5.96,5.05,10942.82,18466006.0,747341.5,17718664.5,24.7089,468.83,40.55,0.0,0.0,-25.65,-1.5,0.0,0.0,0.0,0.0,0.0,0.0,0.0,0.0,0.0,0.0,0.0,0.0,3350.17,49.89,2836.58,49.89,6146032.0,49.89,2.04,52.04,1.73,52.11,3751.4,52.16,6146032.0,49.89,215612.62,40.55,0.0,-3.4604,0.0,-0.0154,0.0,-62.9797,0.0,0.2299,0.4882,0.4882,0.4267
150,Lasolo Kepulauan,Konawe Utara,2035,2811.83,18336.69,2479.68,1555.92,377.1,0.0,3058.02,68.22,562.14,0.0,0.0,0.0,0.0,0.0,0.0,1173.76,993.82,2153312.25,3.11,2.64,5710.19,2153312.25,1293160.12,860152.12,1.6652,756.48,36.81,0.0,0.0,187.65,99.05,0.0,0.0,0.0,0.0,0.0,0.0,0.0,0.0,0.0,0.0,0.0,0.0,431.12,58.05,365.02,58.05,790898.25,58.05,-0.81,-20.66,-0.68,-20.48,-1481.23,-20.6,790898.25,58.05,347904.93,36.81,0.0,-0.6783,0.0,-0.0029,0.0,-57.1986,0.0,-0.0068,0.2793,0.2793,0.3007
151,Landawe,Konawe Utara,2035,3514.43,7383.96,5995.26,1899.36,345.51,837.54,2039.31,2.7,257.04,4696.47,2994.0,10688583.0,5.61,3.57,12761.88,2075.26,1757.12,3807162.5,6.01,5.09,11018.96,14495745.5,1616286.38,12879459.12,8.9686,889.51,33.89,-1152.18,-57.91,-904.86,-72.37,-2055.43,-30.44,-1310.33,-30.44,-4677893.0,-30.44,2.22,65.49,1.41,65.28,5038.95,65.25,-2826.19,-57.66,-2392.94,-57.66,-5184768.5,-57.66,2.09,53.32,1.77,53.31,3827.54,53.22,-9862661.5,-40.49,409085.0,33.89,-1.8444,-1.2701,-0.0078,-0.005,-68.4289,-58.4431,0.0459,-0.0991,0.3986,0.3986,0.1937
152,Kulisusu,Buton Utara,2035,16625.47,5375.7,41.22,2154.15,7036.29,0.0,0.0,1026.18,59.13,0.0,0.0,0.0,0.0,0.0,0.0,138813.38,117533.31,254659408.0,19.73,16.7,36192.28,254659408.0,7646051.0,247013357.0,33.306,3490.52,26.57,0.0,0.0,369.63,5.54,0.0,0.0,0.0,0.0,0.0,0.0,0.0,0.0,0.0,0.0,0.0,0.0,18413.54,15.29,15590.74,15.29,33780384.0,15.29,1.67,9.25,1.41,9.22,3060.39,9.24,33780384.0,15.29,1605287.0,26.57,0.0,-1.6622,0.0,-0.0039,0.0,-44.6512,0.0,0.0548,0.6028,0.6028,0.8454
153,Kambowa,Buton Utara,2035,17101.1,18315.54,7.02,521.37,6867.0,0.0,0.0,305.82,1.17,0.0,0.0,0.0,0.0,0.0,0.0,194404.34,164602.19,356643488.0,28.31,23.97,51935.85,356643488.0,7864797.5,348778690.5,45.3468,5647.42,49.31,0.0,0.0,535.32,8.45,0.0,0.0,0.0,0.0,0.0,0.0,0.0,0.0,0.0,0.0,0.0,0.0,80054.22,70.01,67781.94,70.01,146863040.0,70.01,10.25,56.76,8.68,56.77,18803.97,56.75,146863040.0,70.01,2597251.5,49.31,0.0,-2.724,0.0,-0.0056,0.0,-44.7865,0.0,0.2141,0.3585,0.3585,0.4241
154,Bonegunu,Buton Utara,2035,19150.08,27144.72,40.86,5075.01,5521.05,0.0,0.0,536.13,166.05,0.0,0.0,0.0,0.0,0.0,0.0,126462.42,107075.74,232001008.0,22.91,19.39,42021.17,232001008.0,8807122.0,223193886.0,26.3424,5576.82,41.09,0.0,0.0,413.46,8.1,0.0,0.0,0.0,0.0,0.0,0.0,0.0,0.0,0.0,0.0,0.0,0.0,34219.35,37.1,28973.54,37.1,62776944.0,37.1,4.85,26.85,4.1,26.81,8889.29,26.83,62776944.0,37.1,2564780.5,41.09,0.0,-2.8886,0.0,-0.0018,0.0,-42.6685,0.0,0.1962,0.3861,0.3861,0.6455
155,Kulisusu Barat,Buton Utara,2035,13232.36,20023.83,0.0,181.8,9396.54,22.41,0.0,272.61,24.12,0.0,0.0,0.0,0.0,0.0,0.0,243734.64,206370.11,447142112.0,25.94,21.96,47585.83,447142112.0,6085560.0,441056552.0,73.4759,4126.01,45.31,-203.4,-90.08,1420.83,17.81,0.0,0.0,0.0,0.0,0.0,0.0,0.0,0.0,0.0,0.0,0.0,0.0,99693.31,69.21,84410.31,69.21,182891792.0,69.21,7.88,43.63,6.67,43.62,14453.94,43.63,182891792.0,69.21,1897550.5,45.31,-3.004,-2.7987,-0.0047,-0.0098,-41.8137,-42.0254,0.2078,0.1981,0.3083,0.3083,0.6126
156,Kulisusu Utara,Buton Utara,2035,14439.14,34735.14,30.33,3655.98,4815.09,0.0,0.0,620.19,3.06,0.0,0.0,0.0,0.0,0.0,0.0,108995.66,92286.65,199957472.0,22.64,19.17,41527.26,199957472.0,6640559.5,193316912.5,30.1115,4501.33,45.29,0.0,0.0,-1493.64,-23.68,0.0,0.0,0.0,0.0,0.0,0.0,0.0,0.0,0.0,0.0,0.0,0.0,-4940.01,-4.34,-4182.69,-4.34,-9062624.0,-4.34,4.58,25.36,3.88,25.38,8395.38,25.34,-9062624.0,-4.34,2070160.5,45.29,0.0,-1.4067,0.0,-0.0101,0.0,-41.4126,0.0,0.0652,0.4205,0.4205,0.4888
157,Wakorumba Utara,Buton Utara,2035,7959.06,15413.4,0.0,1621.35,4013.1,0.0,0.0,410.94,12.33,0.0,0.0,0.0,0.0,0.0,0.0,128221.57,108565.22,235228208.0,31.95,27.05,58615.09,235228208.0,3660372.5,231567835.5,64.2635,2289.48,40.38,0.0,0.0,-54.27,-1.33,0.0,0.0,0.0,0.0,0.0,0.0,0.0,0.0,0.0,0.0,0.0,0.0,54764.87,74.55,46369.43,74.55,100468576.0,74.55,13.89,76.91,11.76,76.91,25483.21,76.91,100468576.0,74.55,1052933.25,40.38,0.0,-2.9283,0.0,-0.0063,0.0,-42.2545,0.0,0.2562,0.3607,0.3607,0.5085
158,Tirawuta,Kolaka Timur,2035,27863.04,14129.55,55.89,1466.28,6679.89,271.17,0.0,765.27,0.0,2048.38,1305.84,4661864.0,7.55,4.82,17191.67,122210.44,103475.58,224200480.0,18.3,15.49,33563.5,228862344.0,12814210.0,216048134.0,17.86,9106.13,48.55,-207.27,-43.32,-71.64,-1.06,-109.72,-5.08,-69.95,-5.08,-249711.0,-5.08,3.04,67.41,1.94,67.36,6925.86,67.47,23435.55,23.73,19842.87,23.73,42993520.0,23.73,3.67,25.09,3.1,25.02,6724.11,25.05,42743809.0,22.97,4187909.0,48.55,-5.5926,-5.392,-0.0069,-0.0059,-33.2114,-29.1964,0.458,0.4208,0.3488,0.3488,0.5042
159,Loea,Kolaka Timur,2035,12307.1,4614.12,24.3,509.94,3415.5,392.31,20.34,443.16,11.79,2965.27,1890.36,6748582.5,7.56,4.82,17202.17,64353.5,54488.12,118059376.0,18.84,15.95,34565.77,124807958.5,5660036.5,119147922.0,22.0507,4187.84,51.58,-703.08,-64.19,289.17,9.25,-1975.72,-39.99,-1259.52,-39.99,-4496484.5,-39.99,3.05,67.63,1.94,67.36,6936.36,67.57,18615.29,40.7,15761.58,40.7,34150584.0,40.7,4.21,28.78,3.56,28.73,7726.38,28.79,29654099.5,31.16,1925990.0,51.58,-5.5214,-5.2786,-0.0062,-0.0042,-29.764,-22.6918,0.5456,0.4421,0.2974,0.2974,0.4468
160,Ladongi,Kolaka Timur,2035,27610.15,4253.76,161.73,2000.43,6134.13,2435.94,7.92,1381.5,0.0,18416.67,11740.62,41914024.0,7.56,4.82,17206.51,116186.42,98375.07,213149264.0,18.94,16.04,34748.08,255063288.0,12697908.0,242365380.0,20.087,8033.08,41.03,-1484.01,-37.86,411.57,7.19,734.92,4.16,468.5,4.16,1672568.0,4.16,3.05,67.63,1.94,67.36,6940.7,67.61,32465.37,38.78,27488.45,38.78,59559232.0,38.78,4.31,29.46,3.65,29.46,7908.69,29.47,61231800.0,31.59,3694413.0,41.03,-5.6366,-5.3141,-0.006,-0.0034,-30.3042,-20.6362,0.4659,0.4657,0.3687,0.3687,0.416
161,Poli Polia,Kolaka Timur,2035,23611.9,313.65,61.29,625.68,10441.35,95.13,0.0,590.31,0.0,746.78,476.07,1699573.38,7.85,5.0,17865.8,201285.86,170428.77,369267936.0,19.28,16.32,35365.92,370967509.38,10859111.0,360108398.38,34.1619,9271.6,64.65,-581.76,-85.95,854.73,8.92,-2306.47,-75.54,-1470.38,-75.54,-5249250.62,-75.54,3.34,74.06,2.12,73.61,7599.99,74.03,61033.61,43.52,51677.18,43.52,111968896.0,43.52,4.65,31.78,3.93,31.72,8526.53,31.77,106719645.38,40.39,4264008.5,64.65,-5.4558,-5.3652,-0.0054,-0.0035,-24.927,-20.3865,0.4766,0.4681,0.4821,0.4821,0.386
162,Lambandia,Kolaka Timur,2035,41901.08,1787.13,97.29,717.84,15673.5,1587.42,0.0,1254.06,0.0,10754.96,6856.29,24476954.0,6.78,4.32,15419.33,280237.56,237277.12,514108320.0,17.88,15.14,32801.12,538585274.0,19270306.0,519314968.0,27.949,17913.7,74.68,-2554.56,-61.67,2297.34,17.17,-7928.31,-42.44,-5054.29,-42.44,-18043834.0,-42.44,2.27,50.33,1.44,50.0,5153.52,50.2,84544.31,43.2,71583.68,43.2,155100352.0,43.2,3.25,22.21,2.75,22.2,5961.73,22.21,137056518.0,34.13,8238510.0,74.68,-5.1997,-5.2634,-0.0097,-0.0085,-25.3803,-25.2643,0.4533,0.4709,0.4609,0.4609,0.293
163,Lalolae,Kolaka Timur,2035,8562.29,1660.14,1716.57,384.48,925.74,65.07,0.0,254.7,0.0,442.76,282.26,1007665.0,6.8,4.34,15485.86,17382.98,14718.17,31889860.0,18.78,15.9,34447.97,32897525.0,3937794.75,28959730.25,8.3543,2856.23,50.06,-657.54,-91.0,199.8,27.52,-2816.72,-86.42,-1795.66,-86.42,-6410512.0,-86.42,2.29,50.78,1.46,50.69,5220.05,50.85,6762.48,63.67,5725.79,63.67,12406072.0,63.67,4.15,28.37,3.51,28.33,7608.58,28.35,5995560.0,22.29,1313579.0,50.06,-4.63,-4.6009,-0.0021,-0.0022,-8.3217,-7.5315,0.3469,0.3631,0.591,0.591,0.5037
164,Mowewe,Kolaka Timur,2035,20149.41,13661.55,90.27,154.8,2632.95,675.54,0.0,497.88,0.0,4579.81,2919.63,10423069.0,6.78,4.32,15429.24,49632.8,42024.09,91053608.0,18.85,15.96,34582.35,101476677.0,9266714.0,92209963.0,10.9507,6761.58,50.51,-1082.16,-61.57,844.11,47.19,-3348.66,-42.24,-2134.77,-42.24,-7621145.0,-42.24,2.27,50.33,1.44,50.0,5163.43,50.3,23462.07,89.65,19865.33,89.65,43042236.0,89.65,4.22,28.84,3.57,28.81,7742.96,28.85,35421091.0,53.62,3109652.0,50.51,-4.017,-3.858,-0.0022,-0.0018,-0.4337,0.0699,0.328,0.2428,0.3471,0.3471,0.5348
165,Uluiwoi,Kolaka Timur,2035,15053.56,19615.05,0.0,1075.05,2593.98,0.0,0.0,233.73,90.9,0.0,0.0,0.0,0.0,0.0,0.0,50766.11,42983.67,93132720.0,19.57,16.57,35903.41,93132720.0,6923131.0,86209589.0,13.4524,5419.56,56.25,0.0,0.0,-250.56,-8.81,0.0,0.0,0.0,0.0,0.0,0.0,0.0,0.0,0.0,0.0,0.0,0.0,9150.49,21.99,7747.72,21.99,16787000.0,21.99,4.94,33.77,4.18,33.74,9064.02,33.77,16787000.0,21.99,2492453.5,56.25,0.0,-3.5931,0.0,-0.0059,0.0,-38.3165,0.0,0.1737,0.252,0.252,0.4005
166,Tinondo,Kolaka Timur,2035,28472.83,29439.63,2476.08,74.34,7707.24,1.08,0.0,292.05,1.53,6.53,4.16,14866.43,6.05,3.86,13765.21,142753.23,120869.18,261887200.0,18.52,15.68,33979.38,261902066.43,13094659.0,248807407.43,20.0007,9689.27,51.58,-567.9,-99.81,-305.82,-3.82,-2559.97,-99.75,-1631.99,-99.75,-5826174.57,-99.75,1.54,34.15,0.98,34.03,3499.4,34.09,25522.16,21.77,21609.66,21.77,46821504.0,21.77,3.89,26.59,3.29,26.55,7139.98,26.6,40995329.43,18.56,4456101.0,51.58,-4.746,-4.3484,-0.0045,-0.0044,-19.2563,-21.9713,0.6141,0.2929,0.266,0.266,0.485
167,Aere,Kolaka Timur,2035,26874.65,11943.27,1.62,1566.0,17121.51,0.0,0.0,68.49,0.0,0.0,0.0,0.0,0.0,0.0,0.0,362748.84,307139.59,665479360.0,21.19,17.94,38868.03,665479360.0,12359658.0,653119702.0,53.8429,10814.49,67.34,-346.41,-100.0,1350.54,8.56,-1562.55,-100.0,-996.13,-100.0,-3556179.0,-100.0,-4.51,-100.0,-2.88,-100.0,-10265.81,-100.0,132019.59,57.22,111781.14,57.22,242196096.0,57.22,6.56,44.84,5.55,44.79,12028.64,44.82,238639917.0,55.91,4973592.0,67.34,0.0,-5.2798,0.0,-0.0038,0.0,-19.962,0.0,0.4948,0.3769,0.3769,0.3791
168,Ueesi,Kolaka Timur,2035,34126.61,182819.97,0.0,1392.48,2505.06,0.0,0.0,77.13,367.2,0.0,0.0,0.0,0.0,0.0,0.0,49597.3,41994.02,90988448.0,19.8,16.76,36321.86,90988448.0,15694820.0,75293628.0,5.7974,14203.97,71.3,0.0,0.0,-1016.19,-28.86,0.0,0.0,0.0,0.0,0.0,0.0,0.0,0.0,0.0,0.0,0.0,0.0,-1918.6,-3.72,-1624.47,-3.72,-3519760.0,-3.72,5.17,35.34,4.37,35.27,9482.47,35.33,-3519760.0,-3.72,6532398.0,71.3,0.0,-2.3435,0.0,-0.0033,0.0,-13.8769,0.0,-0.036,0.0699,0.0699,0.1765
169,Dangia,Kolaka Timur,2035,15798.69,1925.1,80.73,2357.28,7494.21,141.75,0.0,581.67,0.0,1071.69,683.2,2439023.25,7.56,4.82,17206.51,134275.19,113690.81,246333872.0,17.92,15.17,32869.89,248772895.25,7265817.0,241507078.25,34.2388,4869.84,44.56,-420.03,-74.77,556.47,8.02,-1462.34,-57.71,-932.24,-57.71,-3328104.25,-57.71,3.05,67.63,1.94,67.36,6940.7,67.61,32776.05,32.29,27751.49,32.29,60129168.0,32.29,3.29,22.49,2.78,22.44,6030.5,22.47,56801063.75,29.59,2239640.0,44.56,-5.6267,-5.5919,-0.0043,-0.0081,-31.2378,-31.7607,0.4927,0.4745,0.4599,0.4599,0.3218
170,Wawonii Barat,Konawe Kepulauan,2035,10831.43,3588.57,133.74,3980.79,2192.67,0.0,0.0,339.3,3.69,0.0,0.0,0.0,0.0,0.0,0.0,61160.65,51784.73,112201960.0,27.89,23.62,51171.38,112201960.0,4981375.5,107220584.5,22.5243,1523.9,16.37,0.0,0.0,-850.95,-27.96,0.0,0.0,0.0,0.0,0.0,0.0,0.0,0.0,0.0,0.0,0.0,0.0,2692.71,4.61,2279.92,4.61,4939896.0,4.61,8.68,45.18,7.35,45.18,15929.77,45.2,4939896.0,4.61,700845.5,16.37,0.0,0.1846,0.0,-0.0005,0.0,-51.3556,0.0,-0.1879,0.4316,0.4316,0.2541
171,Wawonii Utara,Konawe Kepulauan,2035,7705.32,6937.47,0.0,1438.47,2867.67,0.0,0.0,247.14,0.0,0.0,0.0,0.0,0.0,0.0,0.0,73331.98,62090.2,134530816.0,25.57,21.65,46912.93,134530816.0,3543676.0,130987140.0,37.9636,1984.94,34.7,-114.48,-100.0,-192.06,-6.28,0.0,0.0,0.0,0.0,0.0,0.0,0.0,0.0,0.0,0.0,0.0,0.0,14554.57,24.76,12323.36,24.76,26701008.0,24.76,6.36,33.11,5.38,33.07,11671.32,33.12,26701008.0,24.76,912874.5,34.7,0.0,0.2183,0.0,0.0012,0.0,-53.776,0.0,-0.1786,0.3124,0.3124,0.2075
172,Wawonii Timur Laut,Konawe Kepulauan,2035,3359.05,928.44,0.0,563.76,1713.24,0.0,0.0,196.74,176.22,0.0,0.0,0.0,0.0,0.0,0.0,47497.64,40216.26,87136552.0,27.72,23.47,50860.68,87136552.0,1544829.25,85591722.75,56.4053,711.02,26.85,0.0,0.0,70.47,4.29,0.0,0.0,0.0,0.0,0.0,0.0,0.0,0.0,0.0,0.0,0.0,0.0,15940.03,50.51,13496.43,50.51,29242700.0,50.51,8.51,44.3,7.2,44.25,15619.07,44.32,29242700.0,50.51,327000.5,26.85,0.0,0.1542,0.0,0.0002,0.0,-50.7475,0.0,-0.1671,0.4394,0.4394,0.1698
173,Wawonii Timur,Konawe Kepulauan,2035,5472.93,4075.92,0.0,1962.63,2832.75,0.0,0.0,221.22,0.72,0.0,0.0,0.0,0.0,0.0,0.0,78534.79,66495.41,144075600.0,27.72,23.47,50860.68,144075600.0,2517001.0,141558599.0,57.241,433.06,8.59,0.0,0.0,-890.37,-23.91,0.0,0.0,0.0,0.0,0.0,0.0,0.0,0.0,0.0,0.0,0.0,0.0,7013.65,9.81,5938.46,9.81,12866856.0,9.81,8.51,44.3,7.2,44.25,15619.07,44.32,12866856.0,9.81,199164.75,8.59,0.0,0.161,0.0,0.0007,0.0,-48.7152,0.0,-0.1696,0.2462,0.2462,0.1779
174,Wawonii Tenggara,Konawe Kepulauan,2035,9023.11,9354.69,0.0,5307.12,626.76,0.0,177.48,225.54,1.71,0.0,0.0,0.0,0.0,0.0,0.0,15971.03,13522.67,29299564.0,25.48,21.58,46747.66,29299564.0,4149726.25,25149837.75,7.0606,1484.58,19.69,0.0,0.0,-246.69,-28.24,0.0,0.0,0.0,0.0,0.0,0.0,0.0,0.0,0.0,0.0,0.0,0.0,-807.94,-4.82,-684.09,-4.82,-1482212.0,-4.82,6.27,32.64,5.31,32.64,11506.06,32.65,-1482212.0,-4.82,682755.0,19.69,0.0,0.3027,0.0,-0.0073,0.0,-44.4704,0.0,-0.1903,0.316,0.316,0.2158
175,Wawonii Selatan,Konawe Kepulauan,2035,8675.07,6930.36,0.0,3306.24,3343.59,0.0,0.0,193.5,119.97,0.0,0.0,0.0,0.0,0.0,0.0,85714.59,72574.52,157247248.0,25.64,21.71,47029.46,157247248.0,3989665.75,153257582.25,39.4136,2566.36,42.01,-91.44,-100.0,-25.47,-0.76,0.0,0.0,0.0,0.0,0.0,0.0,0.0,0.0,0.0,0.0,0.0,0.0,20994.96,32.44,17776.4,32.44,38516152.0,32.44,6.43,33.47,5.44,33.44,11787.85,33.45,38516152.0,32.44,1180269.25,42.01,0.0,-0.0677,0.0,-0.0013,0.0,-50.5648,0.0,-0.1465,0.3964,0.3964,0.2538
176,Wawonii Tengah,Konawe Kepulauan,2035,7348.9,1745.19,0.0,2750.94,1369.71,0.0,0.0,330.93,330.57,0.0,0.0,0.0,0.0,0.0,0.0,34991.34,29627.16,64193168.0,25.55,21.63,46866.25,64193168.0,3379760.75,60813407.25,18.9934,1677.48,29.58,0.0,0.0,-551.97,-28.72,0.0,0.0,0.0,0.0,0.0,0.0,0.0,0.0,0.0,0.0,0.0,0.0,-1924.13,-5.21,-1629.17,-5.21,-3529912.0,-5.21,6.34,33.0,5.36,32.94,11624.65,32.99,-3529912.0,-5.21,771473.5,29.58,0.0,-0.006,0.0,-0.0039,0.0,-48.7591,0.0,-0.1719,0.4485,0.4485,0.2817
177,Sawerigadi,Muna Barat,2035,17732.0,527.76,149.49,653.04,8546.94,6.84,0.0,218.07,67.59,34.85,22.22,79307.64,5.09,3.25,11594.68,95336.12,80721.09,174898352.0,11.15,9.44,20463.27,174977659.64,8154946.5,166822713.14,21.4566,4629.07,35.33,-239.49,-97.22,1003.59,13.3,-736.53,-95.48,-469.53,-95.48,-1676251.24,-95.48,1.96,62.62,1.25,62.5,4467.82,62.69,34838.45,57.59,29497.72,57.59,63912672.0,57.59,3.13,39.03,2.65,39.03,5750.22,39.08,62236420.76,55.2,2128907.5,35.33,-3.9516,-3.7073,-0.0035,-0.0032,-27.3305,-27.3927,0.3253,0.2951,0.4739,0.4739,0.5045
178,Barangka,Muna Barat,2035,9339.11,1.71,0.0,463.86,3848.4,0.0,0.0,368.82,0.0,0.0,0.0,0.0,0.0,0.0,0.0,40514.5,34303.64,74325680.0,10.53,8.91,19313.4,74325680.0,4295055.0,70030625.0,17.3049,2398.15,34.55,0.0,0.0,311.67,8.81,0.0,0.0,0.0,0.0,0.0,0.0,0.0,0.0,0.0,0.0,0.0,0.0,12149.93,42.83,10287.35,42.83,22289588.0,42.83,2.51,31.3,2.12,31.22,4600.35,31.27,22289588.0,42.83,1102909.75,34.55,0.0,-4.3122,0.0,-0.0044,0.0,-27.9013,0.0,0.3727,0.5871,0.5871,0.4342
179,Lawa,Muna Barat,2035,14501.27,304.83,0.0,1806.57,6251.49,0.0,0.0,327.87,3.96,0.0,0.0,0.0,0.0,0.0,0.0,64940.36,54985.01,119136008.0,10.39,8.8,19057.22,119136008.0,6669137.0,112466871.0,17.8638,3841.58,36.04,0.0,0.0,1211.76,24.04,0.0,0.0,0.0,0.0,0.0,0.0,0.0,0.0,0.0,0.0,0.0,0.0,24521.73,60.67,20762.56,60.67,44986200.0,60.67,2.37,29.55,2.01,29.6,4344.17,29.53,44986200.0,60.67,1766746.5,36.04,0.0,-4.2974,0.0,-0.0094,0.0,-27.3996,0.0,0.3955,0.4926,0.4926,0.4213
180,Wadaga,Muna Barat,2035,14683.04,872.1,106.56,813.15,12060.99,0.0,0.0,182.88,0.0,0.0,0.0,0.0,0.0,0.0,0.0,135093.98,114384.12,247836032.0,11.2,9.48,20548.56,247836032.0,6752732.0,241083300.0,36.7016,3015.32,25.84,0.0,0.0,2610.27,27.62,0.0,0.0,0.0,0.0,0.0,0.0,0.0,0.0,0.0,0.0,0.0,0.0,59299.21,78.24,50208.69,78.24,108787088.0,78.24,3.18,39.65,2.69,39.62,5835.51,39.66,108787088.0,78.24,1386747.0,25.84,0.0,-4.0647,0.0,-0.004,0.0,-30.622,0.0,0.3707,0.3982,0.3982,0.502
181,Tiworo Selatan,Muna Barat,2035,10438.56,110.79,0.0,164.07,4510.35,4.77,0.0,508.68,288.0,24.3,15.49,55306.64,5.09,3.25,11594.68,50437.78,42705.67,92530376.0,11.18,9.47,20515.12,92585682.64,4800693.0,87784989.64,19.2859,1714.08,19.65,-333.72,-98.59,362.97,8.75,-1035.67,-97.71,-660.24,-97.71,-2357063.36,-97.71,1.96,62.62,1.25,62.5,4467.82,62.69,17175.8,51.64,14542.75,51.64,31509764.0,51.64,3.16,39.4,2.68,39.47,5802.07,39.43,29152700.64,45.96,788302.25,19.65,-3.5936,-3.6229,-0.0036,-0.004,-26.7326,-26.8012,0.2855,0.292,0.5819,0.5819,0.6979
182,Maginti,Muna Barat,2035,6386.94,509.49,0.0,171.63,2468.16,0.0,0.0,214.2,196.74,0.0,0.0,0.0,0.0,0.0,0.0,27600.63,23369.46,50634600.0,11.18,9.47,20515.12,50634600.0,2937354.25,47697245.75,17.2382,1155.99,22.1,-6.75,-100.0,262.53,11.9,-21.14,-100.0,-13.48,-100.0,-48106.29,-100.0,-3.13,-100.0,-2.0,-100.0,-7126.86,-100.0,9911.48,56.03,8392.05,56.03,18183054.0,56.03,3.16,39.4,2.68,39.47,5802.07,39.43,18134947.71,55.8,531639.75,22.1,0.0,-3.212,0.0,-0.0042,0.0,-26.3408,0.0,0.2409,0.4699,0.4699,0.7653
183,Tiworo Tengah,Muna Barat,2035,14629.48,451.71,0.0,28.8,5013.81,0.0,0.0,792.63,239.4,0.0,0.0,0.0,0.0,0.0,0.0,56025.07,47436.44,102780504.0,11.17,9.46,20499.48,102780504.0,6728096.0,96052408.0,15.2763,2096.73,16.73,-59.04,-100.0,-86.85,-1.7,-184.88,-100.0,-117.86,-100.0,-420769.69,-100.0,-3.13,-100.0,-2.0,-100.0,-7126.86,-100.0,15117.78,36.96,12800.24,36.96,27734232.0,36.96,3.15,39.28,2.67,39.32,5786.43,39.33,27313462.31,36.19,964285.0,16.73,0.0,-2.9678,0.0,-0.0034,0.0,-27.0896,0.0,0.2161,0.5732,0.5732,0.7795
184,Tiworo Utara,Muna Barat,2035,4969.58,3655.98,0.0,576.99,544.23,0.0,46.35,199.17,206.55,0.0,0.0,0.0,0.0,0.0,0.0,5483.63,4642.99,10059968.0,10.08,8.53,18484.77,10059968.0,2285511.0,7774457.0,4.4016,1106.23,28.63,0.0,0.0,32.22,6.29,0.0,0.0,0.0,0.0,0.0,0.0,0.0,0.0,0.0,0.0,0.0,0.0,1377.31,33.54,1166.17,33.54,2526738.5,33.54,2.06,25.69,1.74,25.63,3771.72,25.64,2526738.5,33.54,508757.25,28.63,0.0,-2.5021,0.0,-0.0024,0.0,-27.6892,0.0,0.1581,0.2278,0.2278,0.5043
185,Tiworo Kepulauan,Muna Barat,2035,15322.78,439.56,0.0,0.09,5378.85,0.63,0.0,378.09,612.09,3.21,2.05,7304.65,5.09,3.25,11594.68,59344.09,50246.64,108869384.0,11.03,9.34,20240.27,108876688.65,7046945.0,101829743.65,15.4502,2401.35,18.58,-200.25,-99.69,10.35,0.19,-625.84,-99.49,-398.97,-99.49,-1424338.47,-99.49,1.96,62.62,1.25,62.5,4467.82,62.69,16288.72,37.83,13791.66,37.83,29882368.0,37.83,3.01,37.53,2.55,37.56,5527.22,37.57,28458029.53,35.39,1104378.5,18.58,-3.687,-3.2332,-0.0004,-0.0026,-27.2365,-27.5568,0.258,0.2368,0.5212,0.5212,0.6421
186,Kusambi,Muna Barat,2035,18364.77,1033.56,0.0,398.7,5643.09,0.0,0.0,843.3,54.36,0.0,0.0,0.0,0.0,0.0,0.0,63104.85,53430.88,115768688.0,11.18,9.47,20515.12,115768688.0,8445955.0,107322733.0,13.707,6691.35,57.32,0.0,0.0,418.95,8.02,0.0,0.0,0.0,0.0,0.0,0.0,0.0,0.0,0.0,0.0,0.0,0.0,21207.25,50.62,17956.18,50.62,38905648.0,50.62,3.16,39.4,2.68,39.47,5802.07,39.43,38905648.0,50.62,3077347.5,57.32,0.0,-3.2516,0.0,-0.0035,0.0,-27.4208,0.0,0.245,0.4682,0.4682,0.3963
187,Napano Kusambi,Muna Barat,2035,11831.97,1061.82,561.06,2301.93,4273.02,0.0,0.0,149.04,199.8,0.0,0.0,0.0,0.0,0.0,0.0,46090.88,39025.15,84555808.0,10.79,9.13,19788.3,84555808.0,5441521.0,79114287.0,15.539,1971.79,20.0,0.0,0.0,1146.15,36.65,0.0,0.0,0.0,0.0,0.0,0.0,0.0,0.0,0.0,0.0,0.0,0.0,21013.38,83.79,17792.03,83.79,38550008.0,83.79,2.77,34.54,2.34,34.46,5075.25,34.49,38550008.0,83.79,906822.0,20.0,0.0,-2.8329,0.0,-0.002,0.0,-26.8599,0.0,0.1981,0.3249,0.3249,0.3359
188,Lakudo,Buton Tengah,2035,43714.72,124.2,0.0,19475.64,53.55,0.0,0.0,964.53,0.81,0.0,0.0,0.0,0.0,0.0,0.0,1675.84,1418.93,3074400.5,31.29,26.5,57411.77,3074400.5,20104398.0,-17029997.5,0.1529,11191.07,34.41,0.0,0.0,-87.84,-62.13,0.0,0.0,0.0,0.0,0.0,0.0,0.0,0.0,0.0,0.0,0.0,0.0,-969.57,-36.65,-820.94,-36.65,-1778717.5,-36.65,12.58,67.24,10.66,67.3,23087.43,67.26,-1778717.5,-36.65,5146772.0,34.41,0.0,-2.4012,0.0,-0.0013,0.0,-31.1518,0.0,0.3567,0.4584,0.4584,0.7358
189,Mawasangka Timur,Buton Tengah,2035,21209.08,77.04,0.0,8550.27,93.6,0.0,0.0,537.21,76.41,0.0,0.0,0.0,0.0,0.0,0.0,2588.61,2191.78,4748925.0,27.66,23.42,50736.38,4748925.0,9754057.0,-5005132.0,0.4869,5465.37,34.71,0.0,0.0,93.6,0.0,0.0,0.0,0.0,0.0,0.0,0.0,0.0,0.0,0.0,0.0,0.0,0.0,2588.61,0.0,2191.78,0.0,4748925.0,0.0,27.66,0.0,23.42,0.0,50736.38,0.0,4748925.0,0.0,2513523.0,34.71,0.0,0.0,0.0,0.0,0.0,0.0,0.0,0.0,0.4787,0.4787,0.795
190,Mawasangka Tengah,Buton Tengah,2035,21005.11,56.97,0.0,11416.95,82.53,0.0,0.0,607.32,33.48,0.0,0.0,0.0,0.0,0.0,0.0,2476.17,2096.57,4542639.5,30.0,25.4,55042.28,4542639.5,9660253.0,-5117613.5,0.4702,6201.45,41.89,0.0,0.0,69.39,528.08,0.0,0.0,0.0,0.0,0.0,0.0,0.0,0.0,0.0,0.0,0.0,0.0,2230.32,907.19,1888.41,907.19,4091617.72,907.19,11.29,60.34,9.56,60.35,20717.94,60.36,4091617.72,907.19,2852051.5,41.89,0.0,-1.2797,0.0,-0.0015,0.0,-43.3032,0.0,-0.0114,0.4456,0.4456,0.7136
191,Mawasangka,Buton Tengah,2035,46464.45,2039.94,16.74,15538.32,3987.0,0.0,0.0,1245.33,39.78,0.0,0.0,0.0,0.0,0.0,0.0,110812.91,93825.28,203291264.0,27.79,23.53,50988.53,203291264.0,21368994.0,181922270.0,9.5134,8885.51,23.64,-85.05,-100.0,1309.95,48.93,-238.65,-100.0,-152.14,-100.0,-543136.69,-100.0,-2.81,-100.0,-1.79,-100.0,-6386.09,-100.0,60725.3,121.24,51416.1,121.24,111403304.0,121.24,9.08,48.53,7.69,48.55,16664.2,48.55,110860167.31,119.94,4086436.0,23.64,0.0,-1.8574,0.0,0.0035,0.0,-28.9495,0.0,0.0683,0.4557,0.4557,0.6846
192,Talaga Raya,Buton Tengah,2035,9612.13,941.4,27.54,5907.06,51.03,0.0,1780.02,236.43,2.88,0.0,0.0,0.0,0.0,0.0,0.0,1048.83,888.05,1924133.75,20.55,17.4,37705.93,1924133.75,4420618.0,-2496484.25,0.4353,3398.32,54.69,0.0,0.0,-447.84,-89.77,0.0,0.0,0.0,0.0,0.0,0.0,0.0,0.0,0.0,0.0,0.0,0.0,-8285.03,-88.76,-7014.93,-88.76,-15199246.25,-88.76,1.84,9.83,1.56,9.85,3381.6,9.85,-15199246.25,-88.76,1562886.25,54.69,0.0,-0.8226,0.0,0.0044,0.0,-40.0997,0.0,-0.1116,0.2041,0.2041,0.4225
193,Gu,Buton Tengah,2035,27575.99,25.2,0.0,7197.3,865.17,0.0,0.0,643.95,0.09,0.0,0.0,0.0,0.0,0.0,0.0,27075.35,22924.7,49670940.0,31.29,26.5,57411.77,49670940.0,12682198.0,36988742.0,3.9166,8445.02,44.14,0.0,0.0,37.08,4.48,0.0,0.0,0.0,0.0,0.0,0.0,0.0,0.0,0.0,0.0,0.0,0.0,11581.79,74.75,9806.3,74.75,21247304.0,74.75,12.58,67.24,10.66,67.3,23087.44,67.26,21247304.0,74.75,3883863.0,44.14,0.0,-2.4144,0.0,-0.0029,0.0,-41.4387,0.0,0.137,0.6362,0.6362,0.7592
194,Sangia Wambulu,Buton Tengah,2035,6387.46,0.36,0.0,721.89,0.72,0.0,0.0,221.58,0.63,0.0,0.0,0.0,0.0,0.0,0.0,22.53,19.08,41336.47,31.29,26.5,57411.77,41336.47,2937594.0,-2896257.53,0.0141,2582.68,67.88,0.0,0.0,-117.27,-99.39,0.0,0.0,0.0,0.0,0.0,0.0,0.0,0.0,0.0,0.0,0.0,0.0,-2185.06,-98.98,-1850.09,-98.98,-4008591.78,-98.98,12.58,67.24,10.66,67.3,23087.44,67.26,-4008591.78,-98.98,1187776.5,67.88,0.0,-3.3331,0.0,-0.0177,0.0,-37.262,0.0,0.311,0.7426,0.7426,0.8801
195,Batauga,Buton Selatan,2035,44484.4,6412.14,0.0,4108.95,3629.07,0.0,0.0,526.14,0.0,0.0,0.0,0.0,0.0,0.0,0.0,96132.45,81395.34,176359312.0,26.49,22.43,48596.28,176359312.0,20458380.0,155900932.0,8.6204,18284.84,69.79,0.0,0.0,-409.68,-10.14,0.0,0.0,0.0,0.0,0.0,0.0,0.0,0.0,0.0,0.0,0.0,0.0,20567.43,27.22,17414.44,27.22,37731920.0,27.22,7.78,41.58,6.59,41.6,14271.95,41.58,37731920.0,27.22,8409199.0,69.79,0.0,-1.5545,0.0,-0.0035,0.0,-38.8468,0.0,0.063,0.4077,0.4077,0.6644
196,Sampolawa,Buton Selatan,2035,40070.92,10039.59,0.0,10753.02,1721.79,0.0,0.0,442.8,34.29,0.0,0.0,0.0,0.0,0.0,0.0,46680.6,39524.46,85637656.0,27.11,22.96,49737.57,85637656.0,18428616.0,67209040.0,4.647,9041.31,29.14,0.0,0.0,-359.01,-17.25,0.0,0.0,0.0,0.0,0.0,0.0,0.0,0.0,0.0,0.0,0.0,0.0,7748.84,19.9,6560.93,19.9,14215592.0,19.9,8.4,44.9,7.12,44.95,15413.24,44.9,14215592.0,19.9,4158098.0,29.14,0.0,-1.8185,0.0,-0.0054,0.0,-36.2441,0.0,0.0648,0.429,0.429,0.6814
197,Lapandewa,Buton Selatan,2035,11855.7,293.22,0.0,4881.87,10.71,0.0,0.0,258.84,15.03,0.0,0.0,0.0,0.0,0.0,0.0,281.22,238.11,515911.03,26.26,22.23,48170.96,515911.03,5452437.0,-4936525.97,0.0946,3846.51,48.03,0.0,0.0,10.71,0.0,0.0,0.0,0.0,0.0,0.0,0.0,0.0,0.0,0.0,0.0,0.0,0.0,281.22,0.0,238.11,0.0,515911.03,0.0,26.26,0.0,22.23,0.0,48170.96,0.0,515911.03,0.0,1769011.75,48.03,0.0,0.0,0.0,0.0,0.0,0.0,0.0,0.0,0.4818,0.4818,0.4485
198,Batu Atas,Buton Selatan,2035,2610.42,0.36,0.0,1.17,687.87,0.0,0.0,182.52,0.0,0.0,0.0,0.0,0.0,0.0,0.0,16572.49,14031.93,30402982.0,24.09,20.4,44198.73,30402982.0,1200533.75,29202448.25,25.3246,894.87,52.16,0.0,0.0,-125.55,-15.43,0.0,0.0,0.0,0.0,0.0,0.0,0.0,0.0,0.0,0.0,0.0,0.0,1353.4,8.89,1145.93,8.89,2482882.0,8.89,5.38,28.75,4.56,28.79,9874.4,28.77,2482882.0,8.89,411552.19,52.16,0.0,-0.2798,0.0,0.0,0.0,-72.5365,0.0,-0.1093,0.6073,0.6073,0.094
199,Siompu Barat,Buton Selatan,2035,8534.52,1.98,0.0,1459.26,2.7,0.0,0.0,244.08,0.0,0.0,0.0,0.0,0.0,0.0,0.0,71.5,60.54,131163.81,26.48,22.42,48579.19,131163.81,3925027.0,-3793863.19,0.0334,1600.83,23.09,0.0,0.0,-126.18,-97.91,0.0,0.0,0.0,0.0,0.0,0.0,0.0,0.0,0.0,0.0,0.0,0.0,-2339.84,-97.03,-1981.15,-97.03,-4292556.69,-97.03,7.77,41.53,6.58,41.54,14254.85,41.53,-4292556.69,-97.03,736222.0,23.09,0.0,-0.2044,0.0,0.0,0.0,-55.7706,0.0,-0.1336,0.5336,0.5336,0.4434
200,Siompu,Buton Selatan,2035,16044.9,6.03,0.0,3393.45,0.09,0.0,0.0,209.25,0.0,0.0,0.0,0.0,0.0,0.0,0.0,2.38,2.02,4372.13,26.48,22.42,48579.19,4372.13,7379049.5,-7374677.37,0.0006,4474.5,38.67,0.0,0.0,0.09,0.0,0.0,0.0,0.0,0.0,0.0,0.0,0.0,0.0,0.0,0.0,0.0,0.0,2.38,0.0,2.02,0.0,4372.13,0.0,26.48,0.0,22.42,0.0,48579.19,0.0,4372.13,0.0,2057824.5,38.67,0.0,0.0,0.0,0.0,0.0,0.0,0.0,0.0,0.566,0.566,0.5008
201,Kadatua,Buton Selatan,2035,10352.73,25.65,0.0,2183.04,0.0,0.0,0.0,192.96,0.72,0.0,0.0,0.0,0.0,0.0,0.0,0.0,0.0,0.0,0.0,0.0,0.0,0.0,4761222.0,-4761222.0,0.0,2669.26,34.74,0.0,0.0,0.0,0.0,0.0,0.0,0.0,0.0,0.0,0.0,0.0,0.0,0.0,0.0,0.0,0.0,0.0,0.0,0.0,0.0,0.0,0.0,0.0,0.0,0.0,0.0,0.0,0.0,0.0,0.0,1227593.5,34.74,0.0,0.0,0.0,0.0,0.0,0.0,0.0,0.0,0.5971,0.5971,0.7962
202,Mandonga,Kota Kendari,2035,70318.05,25.11,0.0,1668.96,243.27,0.0,0.0,563.85,106.11,0.0,0.0,0.0,0.0,0.0,0.0,6814.44,5769.79,12501402.0,28.01,23.72,51389.0,12501402.0,32339272.0,-19837870.0,0.3866,22285.24,46.4,0.0,0.0,222.75,1085.53,0.0,0.0,0.0,0.0,0.0,0.0,0.0,0.0,0.0,0.0,0.0,0.0,6408.35,1578.06,5425.95,1578.05,11756410.25,1578.06,8.22,41.54,6.96,41.53,15083.36,41.55,11756410.25,1578.06,10248984.0,46.4,0.0,-3.8489,0.0,-0.0053,0.0,-58.3412,0.0,0.338,0.7254,0.7254,0.9585
203,Kendari,Kota Kendari,2035,23877.21,12.78,0.0,788.22,156.96,0.0,0.0,479.7,5.13,0.0,0.0,0.0,0.0,0.0,0.0,4396.74,3722.72,8066018.0,28.01,23.72,51389.0,8066018.0,10981126.0,-2915108.0,0.7345,7971.92,50.12,0.0,0.0,-344.88,-68.72,0.0,0.0,0.0,0.0,0.0,0.0,0.0,0.0,0.0,0.0,0.0,0.0,-5534.67,-55.73,-4686.21,-55.73,-10153606.0,-55.73,8.22,41.54,6.96,41.53,15083.36,41.55,-10153606.0,-55.73,3666283.5,50.12,0.0,-2.5806,0.0,-0.0058,0.0,-55.181,0.0,0.1645,0.5961,0.5961,1.0
204,Baruga,Kota Kendari,2035,71973.77,0.0,0.0,274.59,1640.7,105.48,0.0,1555.11,48.87,571.52,364.34,1300706.38,5.42,3.45,12331.31,45403.74,38443.35,83295200.0,27.67,23.43,50768.09,84595906.38,33100736.0,51495170.38,2.5557,22945.14,46.8,-303.84,-74.23,-108.99,-6.23,-791.69,-58.08,-504.71,-58.08,-1801790.12,-58.08,2.09,62.76,1.33,62.74,4751.67,62.69,10777.38,31.12,9125.21,31.12,19771580.0,31.12,7.88,39.82,6.67,39.8,14462.45,39.84,17969789.88,26.97,10552470.0,46.8,-3.8617,-3.9282,-0.0095,-0.0096,-61.4537,-63.4082,0.2978,0.3116,0.7667,0.7667,0.9832
205,Poasia,Kota Kendari,2035,79703.82,541.71,0.0,0.0,1377.54,0.0,0.0,1026.81,217.89,0.0,0.0,0.0,0.0,0.0,0.0,36933.79,31271.84,67756704.0,26.81,22.7,49186.74,67756704.0,36655788.0,31100916.0,1.8485,27774.45,53.49,0.0,0.0,-201.33,-12.75,0.0,0.0,0.0,0.0,0.0,0.0,0.0,0.0,0.0,0.0,0.0,0.0,5687.95,18.2,4815.99,18.2,10434812.0,18.2,7.02,35.47,5.94,35.44,12881.1,35.48,10434812.0,18.2,12773472.0,53.49,0.0,-3.3161,0.0,-0.008,0.0,-56.8834,0.0,0.2389,0.6993,0.6993,0.9878
206,Kendari Barat,Kota Kendari,2035,67938.38,1.53,0.0,1504.98,107.55,0.0,0.0,617.13,13.32,0.0,0.0,0.0,0.0,0.0,0.0,3012.68,2550.83,5526887.0,28.01,23.72,51389.0,5526887.0,31244860.0,-25717973.0,0.1769,23088.81,51.48,0.0,0.0,-95.22,-46.96,0.0,0.0,0.0,0.0,0.0,0.0,0.0,0.0,0.0,0.0,0.0,0.0,-1000.14,-24.92,-846.82,-24.92,-1834808.0,-24.92,8.22,41.54,6.96,41.53,15083.36,41.55,-1834808.0,-24.92,10618546.0,51.48,0.0,-3.1539,0.0,-0.0068,0.0,-55.5361,0.0,0.2237,0.515,0.515,1.0
207,Abeli,Kota Kendari,2035,26037.12,342.45,0.0,2.79,658.08,0.0,0.0,362.79,13.14,0.0,0.0,0.0,0.0,0.0,0.0,18422.61,15598.43,33797108.0,27.99,23.7,51357.14,33797108.0,11974469.0,21822639.0,2.8224,9165.15,54.32,0.0,0.0,-135.99,-17.13,0.0,0.0,0.0,0.0,0.0,0.0,0.0,0.0,0.0,0.0,0.0,0.0,2707.96,17.23,2292.84,17.23,4967886.0,17.23,8.2,41.44,6.94,41.41,15051.5,41.46,4967886.0,17.23,4215049.5,54.32,0.0,-3.0526,0.0,-0.0071,0.0,-55.6207,0.0,0.2138,0.6072,0.6072,0.9758
208,Wua-Wua,Kota Kendari,2035,76937.68,0.0,0.0,566.01,96.75,0.0,0.0,780.84,13.23,0.0,0.0,0.0,0.0,0.0,0.0,2925.61,2477.12,5367170.5,30.24,25.6,55474.63,5367170.5,35383640.0,-30016469.5,0.1517,32270.07,72.24,0.0,0.0,54.0,126.32,0.0,0.0,0.0,0.0,0.0,0.0,0.0,0.0,0.0,0.0,0.0,0.0,2079.59,245.81,1760.79,245.81,3815104.38,245.81,10.45,52.8,8.84,52.74,19168.99,52.8,3815104.38,245.81,14841012.0,72.24,0.0,-3.8841,0.0,-0.0064,0.0,-54.2141,0.0,0.2537,0.8441,0.8441,1.0
209,Kadia,Kota Kendari,2035,79377.72,0.0,0.0,0.0,0.9,0.0,0.0,629.91,32.04,0.0,0.0,0.0,0.0,0.0,0.0,25.21,21.35,46250.11,28.01,23.72,51389.01,46250.11,36505808.0,-36459557.89,0.0013,28370.36,55.62,0.0,0.0,0.63,233.33,0.0,0.0,0.0,0.0,0.0,0.0,0.0,0.0,0.0,0.0,0.0,0.0,19.87,372.1,16.83,372.35,36447.59,371.82,8.22,41.54,6.96,41.53,15083.37,41.55,36447.59,371.82,13047524.0,55.62,0.0,-4.2811,0.0,-0.0097,0.0,-65.6872,0.0,0.3677,0.945,0.945,1.0
210,Puuwatu,Kota Kendari,2035,59155.21,0.0,14.22,2672.46,244.98,0.0,0.0,1081.8,0.0,0.0,0.0,0.0,0.0,0.0,0.0,7235.46,6126.27,13273779.0,29.53,25.01,54183.11,13273779.0,27205482.0,-13931703.0,0.4879,17737.69,42.83,0.0,0.0,163.8,201.77,0.0,0.0,0.0,0.0,0.0,0.0,0.0,0.0,0.0,0.0,0.0,0.0,5628.91,350.37,4766.0,350.37,10326487.0,350.37,9.74,49.22,8.25,49.22,17877.47,49.24,10326487.0,350.37,8157562.0,42.83,0.0,-4.8435,0.0,-0.0108,0.0,-74.9357,0.0,0.5566,0.7303,0.7303,0.9883
211,Kambu,Kota Kendari,2035,98374.19,170.73,0.0,95.13,1421.73,0.0,0.0,1152.0,274.05,0.0,0.0,0.0,0.0,0.0,0.0,37175.82,31476.77,68200712.0,26.15,22.14,47970.23,68200712.0,45242288.0,22958424.0,1.5075,37726.4,62.21,0.0,0.0,129.51,10.02,0.0,0.0,0.0,0.0,0.0,0.0,0.0,0.0,0.0,0.0,0.0,0.0,11602.79,45.37,9824.08,45.37,21285832.0,45.37,6.36,32.14,5.38,32.1,11664.59,32.13,21285832.0,45.37,17350366.0,62.21,0.0,-3.613,0.0,-0.0087,0.0,-59.4496,0.0,0.2768,0.761,0.761,0.9916
212,Nambo,Kota Kendari,2035,25450.79,528.66,0.0,331.29,1237.59,0.0,0.0,594.0,71.37,0.0,0.0,0.0,0.0,0.0,0.0,34389.87,29117.9,63089768.0,27.79,23.53,50977.92,63089768.0,11704819.0,51384949.0,5.3901,9906.32,63.73,0.0,0.0,-309.96,-20.03,0.0,0.0,0.0,0.0,0.0,0.0,0.0,0.0,0.0,0.0,0.0,0.0,3763.85,12.29,3186.85,12.29,6904968.0,12.29,8.0,40.42,6.77,40.39,14672.28,40.41,6904968.0,12.29,4555918.0,63.73,0.0,-2.7808,0.0,-0.0066,0.0,-54.7077,0.0,0.1838,0.5396,0.5396,0.9865
213,Betoambari,Kota Bau Bau,2035,38320.8,0.18,0.0,2199.96,529.47,0.0,0.0,428.67,0.18,0.0,0.0,0.0,0.0,0.0,0.0,10930.12,9254.53,20051798.0,20.64,17.48,37871.45,20051798.0,17623740.0,2428058.0,1.1378,7793.74,25.53,0.0,0.0,-189.63,-26.37,0.0,0.0,0.0,0.0,0.0,0.0,0.0,0.0,0.0,0.0,0.0,0.0,-237.5,-2.13,-201.1,-2.13,-435708.0,-2.13,5.11,32.9,4.33,32.93,9380.97,32.93,-435708.0,-2.13,3584345.0,25.53,0.0,-2.1815,0.0,-0.0043,0.0,-37.6434,0.0,0.1186,0.7685,0.7685,0.9992
214,Wolio,Kota Bau Bau,2035,51029.55,1128.24,0.0,966.15,562.95,0.0,0.0,586.53,0.0,0.0,0.0,0.0,0.0,0.0,0.0,12586.77,10657.22,23090990.0,22.36,18.93,41017.83,23090990.0,23468488.0,-377498.0,0.9839,14758.02,40.69,0.0,0.0,-488.34,-46.45,0.0,0.0,0.0,0.0,0.0,0.0,0.0,0.0,0.0,0.0,0.0,0.0,-3739.76,-22.91,-3166.46,-22.91,-6860768.0,-22.91,6.83,43.98,5.78,43.95,12527.35,43.97,-6860768.0,-22.91,6787213.0,40.69,0.0,-2.5865,0.0,-0.005,0.0,-38.28,0.0,0.2321,0.7203,0.7203,0.981
215,Sorawolio,Kota Bau Bau,2035,29978.66,6058.26,0.0,1615.59,2667.69,0.0,95.22,513.9,0.0,0.0,0.0,0.0,0.0,0.0,0.0,53969.77,45696.2,99009960.0,20.23,17.13,37114.49,99009960.0,13787184.0,85222776.0,7.1813,10312.65,52.44,-44.37,-100.0,442.35,19.88,-165.08,-100.0,-105.24,-100.0,-375698.06,-100.0,-3.72,-100.0,-2.37,-100.0,-8467.39,-100.0,19410.24,56.16,16434.65,56.16,35608948.0,56.16,4.7,30.26,3.98,30.27,8624.01,30.27,35233249.94,55.24,4742784.0,52.44,0.0,-2.6793,0.0,-0.005,0.0,-37.693,0.0,0.1986,0.4513,0.4513,0.8659
216,Bungi,Kota Bau Bau,2035,27782.02,1490.76,0.0,1008.81,2455.92,584.37,0.0,650.79,20.79,3538.45,2255.76,8053060.0,6.06,3.86,13780.76,55212.14,46748.12,101289152.0,22.48,19.03,41242.85,109342212.0,12776953.0,96565259.0,8.5578,10138.8,57.47,-1099.35,-65.29,1058.58,75.76,-2725.83,-43.51,-1737.72,-43.51,-6203653.0,-43.51,2.34,62.9,1.49,62.87,5313.37,62.75,33511.45,154.43,28374.15,154.43,61478260.0,154.43,6.95,44.75,5.88,44.71,12752.37,44.76,55274607.0,102.23,4662835.0,57.47,-3.5657,-3.48,-0.0058,-0.004,-40.9136,-39.9469,0.2779,0.2622,0.5521,0.5521,0.9405
217,Kokalukuna,Kota Bau Bau,2035,17614.31,73.35,0.0,1179.54,98.01,0.0,0.0,390.6,0.0,0.0,0.0,0.0,0.0,0.0,0.0,2173.8,1840.56,3987936.75,22.18,18.78,40689.08,3987936.75,8100820.0,-4112883.25,0.4923,4844.27,37.93,0.0,0.0,-101.79,-50.95,0.0,0.0,0.0,0.0,0.0,0.0,0.0,0.0,0.0,0.0,0.0,0.0,-929.09,-29.94,-786.66,-29.94,-1704461.25,-29.94,6.65,42.82,5.63,42.81,12198.6,42.82,-1704461.25,-29.94,2227879.5,37.93,0.0,-2.9871,0.0,-0.0063,0.0,-34.8871,0.0,0.1723,0.7912,0.7912,1.0
218,Murhum,Kota Bau Bau,2035,24575.34,0.0,0.0,205.74,68.13,0.0,0.0,329.76,0.0,0.0,0.0,0.0,0.0,0.0,0.0,1511.08,1279.43,2772147.5,22.18,18.78,40689.09,2772147.5,11302198.0,-8530050.5,0.2453,5993.65,32.26,0.0,0.0,-107.37,-61.18,0.0,0.0,0.0,0.0,0.0,0.0,0.0,0.0,0.0,0.0,0.0,0.0,-1214.43,-44.56,-1028.26,-44.56,-2227932.0,-44.56,6.65,42.82,5.63,42.81,12198.61,42.82,-2227932.0,-44.56,2756480.0,32.26,0.0,-2.3266,0.0,-0.0045,0.0,-37.4944,0.0,0.1182,0.8698,0.8698,1.0
219,Lea-Lea,Kota Bau Bau,2035,18934.79,137.07,0.0,1739.16,1037.7,10.08,0.0,365.13,4.05,59.69,38.05,135843.5,5.92,3.77,13476.54,23026.3,19496.37,42242784.0,22.19,18.79,40708.09,42378627.5,8708108.0,33670519.5,4.8666,6894.47,57.26,-67.23,-86.96,-184.41,-15.09,-227.94,-79.25,-145.32,-79.25,-518770.44,-79.25,2.2,59.14,1.4,59.07,5009.15,59.16,4046.93,21.32,3426.54,21.32,7424280.0,21.32,6.66,42.88,5.64,42.89,12217.61,42.88,6905509.56,19.47,3170765.0,57.26,-3.707,-3.5907,-0.0054,-0.0043,-42.1121,-42.0811,0.295,0.2608,0.6824,0.6824,0.9934
220,Batupoaro,Kota Bau Bau,2035,16621.77,0.0,0.0,0.0,0.0,0.0,0.0,190.26,0.0,0.0,0.0,0.0,0.0,0.0,0.0,0.0,0.0,0.0,0.0,0.0,0.0,0.0,7644353.0,-7644353.0,0.0,4475.62,36.85,0.0,0.0,0.0,0.0,0.0,0.0,0.0,0.0,0.0,0.0,0.0,0.0,0.0,0.0,0.0,0.0,0.0,0.0,0.0,0.0,0.0,0.0,0.0,0.0,0.0,0.0,0.0,0.0,0.0,0.0,2058340.0,36.85,0.0,0.0,0.0,0.0,0.0,0.0,0.0,0.0,0.971,0.971,1.0
0,Wundulako,Kolaka,2040,31495.52,6012.36,762.03,3689.19,3516.66,73.62,78.39,778.05,1068.66,413.57,263.65,941235.81,5.62,3.58,12785.06,49466.84,41883.57,90749120.0,14.07,11.91,25805.49,91690355.81,14484789.0,77205566.81,6.3301,9117.97,40.75,-962.55,-92.89,271.89,8.38,-4453.51,-91.5,-2839.11,-91.5,-10135637.19,-91.5,0.92,19.57,0.59,19.73,2094.85,19.6,-29445.97,-37.31,-24931.9,-37.31,-54019952.0,-37.31,-10.25,-42.15,-8.68,-42.16,-18810.64,-42.16,-64155589.19,-41.17,4193352.0,40.75,-0.813,-0.7895,0.0013,0.0029,5.6175,4.2512,0.4099,0.4416,0.3804,0.3804,0.6994
1,Kolaka,Kolaka,2040,60595.57,6018.57,462.78,684.09,5656.68,57.06,0.0,865.53,231.66,363.6,231.79,827496.94,6.37,4.06,14502.22,75755.18,64141.9,138976256.0,13.39,11.34,24568.52,139803752.94,27867902.0,111935850.94,5.0167,15509.96,34.4,-325.35,-85.08,800.37,16.48,-1432.65,-79.76,-913.32,-79.76,-3260545.56,-79.76,1.67,35.53,1.07,35.79,3812.01,35.66,-42350.29,-35.86,-35857.98,-35.86,-77693504.0,-35.86,-10.93,-44.94,-9.25,-44.92,-20047.61,-44.93,-80954049.56,-36.67,7133032.0,34.4,-0.5741,-0.491,0.0018,0.0025,7.0255,6.93,0.3905,0.4147,0.3613,0.3613,0.8265
2,Pomalaa,Kolaka,2040,61424.67,6254.01,779.22,3261.06,4760.73,86.76,5295.6,1179.72,738.54,473.87,302.09,1078468.38,5.46,3.48,12430.48,69397.43,58758.82,127312728.0,14.58,12.34,26742.27,128391196.38,28249202.0,100141994.38,4.5449,15620.99,34.1,-1068.39,-92.49,-1170.09,-19.73,-4952.08,-91.27,-3156.96,-91.27,-11270326.62,-91.27,0.76,16.17,0.49,16.39,1740.27,16.28,-74840.13,-51.89,-63367.09,-51.89,-137297480.0,-51.89,-9.74,-40.05,-8.25,-40.07,-17873.86,-40.06,-148567806.62,-53.64,7184090.0,34.1,-0.73,-0.6261,0.0027,0.0057,-4.6174,7.6026,0.3641,0.2766,0.3819,0.3819,0.5863
3,Watubangga,Kolaka,2040,32406.96,3399.03,3871.98,4568.67,10473.93,89.37,0.0,1015.02,1348.74,569.48,363.04,1296063.62,6.37,4.06,14502.22,161274.94,136551.5,295866080.0,15.4,13.04,28247.86,297162143.62,14903961.0,282258182.62,19.9385,11505.0,55.04,-991.98,-91.74,-5.58,-0.05,-4509.82,-88.79,-2875.01,-88.79,-10263791.38,-88.79,1.67,35.53,1.07,35.79,3812.01,35.66,-93586.75,-36.72,-79239.92,-36.72,-171689088.0,-36.72,-8.92,-36.68,-7.55,-36.67,-16368.27,-36.69,-181952879.38,-37.98,5291151.0,55.04,-0.9593,-0.8955,0.0046,0.0057,-7.771,3.2125,0.5057,0.4465,0.4544,0.4544,0.384
4,Wolo,Kolaka,2040,38249.68,38779.47,548.82,1341.54,8457.93,142.74,1435.05,814.41,915.93,1197.95,763.69,2726376.75,8.39,5.35,19100.3,149329.98,126437.66,273952448.0,17.66,14.95,32390.01,276678824.75,17591026.0,259087798.75,15.7284,17945.34,88.38,-924.57,-86.63,700.56,9.03,-3815.4,-76.1,-2432.32,-76.1,-8683387.25,-76.1,3.69,78.51,2.36,78.93,8410.09,78.67,-39329.22,-20.85,-33300.12,-20.85,-72151488.0,-20.85,-6.66,-27.38,-5.64,-27.39,-12226.13,-27.4,-80834875.25,-22.61,8253056.0,88.38,0.3874,0.0132,0.0022,0.0005,73.8803,80.0484,0.2425,0.3266,0.1753,0.1753,0.2669
5,Baula,Kolaka,2040,27108.65,4241.43,647.19,927.9,6639.03,170.91,0.0,684.0,60.3,936.6,597.08,2131578.5,5.48,3.49,12471.94,100315.26,84936.94,184032864.0,15.11,12.79,27719.84,186164442.5,12467268.0,173697174.5,14.9323,10272.89,61.02,-810.09,-82.58,961.2,16.93,-3671.34,-79.67,-2340.48,-79.67,-8355515.5,-79.67,0.78,16.6,0.5,16.72,1781.73,16.67,-37769.6,-27.35,-31979.49,-27.35,-69289952.0,-27.35,-9.21,-37.87,-7.8,-37.88,-16896.29,-37.87,-77645467.5,-29.43,4724499.5,61.02,-0.895,-1.2437,0.0013,0.0035,2.9429,-1.8604,0.4542,0.4991,0.3755,0.3755,0.6578
6,Latambaga,Kolaka,2040,34911.86,11581.92,0.0,769.32,8598.33,0.0,21.33,564.84,392.94,0.0,0.0,0.0,0.0,0.0,0.0,116926.11,99001.35,214506176.0,13.6,11.51,24947.42,214506176.0,16055963.0,198450213.0,13.3599,11346.2,48.15,-96.57,-100.0,43.02,0.5,-453.61,-100.0,-289.17,-100.0,-1032353.44,-100.0,-4.7,-100.0,-2.99,-100.0,-10690.21,-100.0,-91139.05,-43.8,-77167.42,-43.8,-167198624.0,-43.8,-10.72,-44.08,-9.08,-44.1,-19668.71,-44.08,-168230977.44,-43.95,5218116.0,48.15,0.0,-0.202,0.0,0.0009,0.0,8.3701,0.0,0.3826,0.2768,0.2768,0.6614
7,Tanggetada,Kolaka,2040,30285.47,7814.97,8553.51,2836.62,6378.3,77.4,360.54,837.09,681.75,425.04,270.96,967339.69,5.49,3.5,12497.93,92397.03,78232.57,169506480.0,14.49,12.27,26575.5,170473819.69,13928289.0,156545530.69,12.2394,9544.0,46.01,-694.89,-89.98,-817.65,-11.36,-3202.55,-88.28,-2041.63,-88.28,-7288600.31,-88.28,0.79,16.81,0.51,17.06,1807.72,16.91,-82608.52,-47.2,-69944.57,-47.2,-151548976.0,-47.2,-9.83,-40.42,-8.32,-40.41,-18040.63,-40.44,-158837576.31,-48.23,4389286.0,46.01,-0.6322,-0.9967,0.0016,0.0032,-1.1422,-0.0548,0.2477,0.4911,0.4337,0.4337,0.4961
8,Samaturu,Kolaka,2040,47952.92,31225.41,620.82,602.64,17705.16,233.37,7.65,871.2,1921.68,1507.14,960.8,3430066.75,6.46,4.12,14697.98,257419.42,217957.06,472247392.0,14.54,12.31,26672.87,475677458.75,22053542.0,453623916.75,21.5692,22370.61,87.45,-1109.43,-82.62,-398.97,-2.2,-4800.24,-76.11,-3060.16,-76.11,-10924744.25,-76.11,1.76,37.45,1.13,37.79,4007.77,37.49,-182873.05,-41.53,-154838.5,-41.53,-335488736.0,-41.53,-9.78,-40.21,-8.28,-40.21,-17943.26,-40.22,-346413480.25,-42.14,10288235.0,87.45,0.47,0.1369,0.0011,0.0006,26.257,17.0259,0.2237,0.3076,0.231,0.231,0.4147
9,Toari,Kolaka,2040,18444.76,32.04,108.81,3523.32,5145.03,0.0,16.56,596.97,255.24,0.0,0.0,0.0,0.0,0.0,0.0,69421.53,58779.21,127356888.0,13.49,11.42,24753.38,127356888.0,8482746.0,118874142.0,15.0136,7774.28,72.86,0.0,0.0,279.36,5.74,0.0,0.0,0.0,0.0,0.0,0.0,0.0,0.0,0.0,0.0,0.0,0.0,-48911.56,-41.33,-41413.42,-41.33,-89730520.0,-41.33,-10.83,-44.53,-9.17,-44.54,-19862.76,-44.52,-89730520.0,-41.33,3575391.5,72.86,0.0,-0.6758,0.0,0.0048,0.0,-4.3809,0.0,0.4139,0.4946,0.4946,0.3725
10,Polinggona,Kolaka,2040,18042.26,6636.06,7429.41,567.54,5614.02,0.0,0.0,460.8,0.0,0.0,0.0,0.0,0.0,0.0,0.0,86444.8,73192.81,158586832.0,15.4,13.04,28248.36,158586832.0,8297637.0,150289195.0,19.1123,5994.69,49.76,-413.01,-100.0,-2091.15,-27.14,-1939.98,-100.0,-1236.74,-100.0,-4415163.0,-100.0,-4.7,-100.0,-2.99,-100.0,-10690.21,-100.0,-100944.98,-53.87,-85470.08,-53.87,-185188048.0,-53.87,-8.92,-36.68,-7.55,-36.67,-16367.77,-36.69,-189603211.0,-54.45,2756962.0,49.76,0.0,-1.2266,0.0,0.0042,0.0,-1.3202,0.0,0.5003,0.3464,0.3464,0.3879
11,Iwoimendaa,Kolaka,2040,13787.22,15788.34,0.18,204.75,3461.13,9.54,2.16,387.72,68.31,95.53,60.9,217409.05,10.01,6.38,22789.21,67584.98,57224.2,123987688.0,19.53,16.53,35822.89,124205097.05,6340739.0,117864358.05,19.5884,6917.72,100.7,-198.9,-95.42,-359.64,-9.41,-883.55,-90.24,-563.26,-90.24,-2010857.7,-90.24,5.31,112.98,3.39,113.38,12099.0,113.18,-25336.15,-27.27,-21452.1,-27.27,-46480280.0,-27.27,-4.79,-19.7,-4.06,-19.72,-8793.24,-19.71,-48491137.7,-28.08,3181456.25,100.7,0.4409,0.2152,0.002,0.0004,94.8837,93.0695,0.1125,0.2938,0.265,0.265,0.2316
12,Lambuya,Konawe,2040,11576.28,3894.84,568.35,2472.12,1340.73,1132.38,0.0,364.5,41.94,8187.07,5219.25,18632742.0,7.23,4.61,16454.5,11414.53,9664.68,20940468.0,8.51,7.21,15618.71,39573210.0,5323929.5,34249280.5,7.4331,2503.06,27.59,-985.14,-46.52,21.42,1.62,-298.93,-3.52,-190.57,-3.52,-680332.0,-3.52,3.22,80.3,2.06,80.78,7333.89,80.41,-2543.77,-18.22,-2153.81,-18.22,-4666662.0,-18.22,-2.07,-19.57,-1.75,-19.53,-3790.78,-19.53,-5346994.0,-11.9,1151153.5,27.59,-2.7188,-2.6472,-0.0029,-0.0019,-20.5043,-15.7699,0.6598,0.6644,0.4534,0.4534,0.6654
13,Unaaha,Konawe,2040,22692.73,8.55,0.0,200.25,898.11,147.24,0.0,1413.36,48.33,837.5,533.91,1906050.5,5.69,3.63,12945.19,7235.05,6125.92,13273032.0,8.06,6.82,14778.85,15179082.5,10436389.0,4742693.5,1.4544,8461.85,59.46,-739.62,-83.4,571.23,174.75,-2716.61,-76.44,-1731.83,-76.44,-6182653.5,-76.44,1.68,41.9,1.08,42.35,3824.58,41.93,3776.66,109.2,3197.7,109.2,6928459.5,109.2,-2.52,-23.82,-2.14,-23.88,-4630.64,-23.86,745806.0,5.17,3891609.0,59.46,-2.3528,-2.3663,-0.0045,-0.0034,-20.9593,-18.0076,0.5885,0.6128,0.6973,0.6973,0.9992
14,Wawotobi,Konawe,2040,15938.05,77.22,2092.5,1208.88,2824.11,351.27,0.0,840.6,0.0,2558.46,1631.02,5822731.5,7.28,4.64,16576.23,25868.38,21902.75,47456700.0,9.16,7.76,16804.13,53279431.5,7329908.5,45949523.0,7.2688,4558.89,40.06,-1559.52,-81.62,291.15,11.49,-5099.06,-66.59,-3250.65,-66.59,-11604838.5,-66.59,3.27,81.55,2.09,81.96,7455.62,81.74,-930.34,-3.47,-787.72,-3.47,-1706748.0,-3.47,-1.42,-13.42,-1.2,-13.39,-2605.35,-13.42,-13311586.5,-19.99,2096632.5,40.06,-2.6391,-2.607,-0.0052,-0.0048,-26.3413,-24.0267,0.6321,0.6452,0.6299,0.6299,0.7727
15,Pondidaha,Konawe,2040,18337.84,708.12,1735.65,5472.09,1407.42,255.51,0.0,573.3,45.09,2014.19,1284.04,4584035.0,7.88,5.03,17940.73,12957.7,10971.28,23771484.0,9.21,7.8,16890.11,28355519.0,8433569.0,19921950.0,3.3622,6933.2,60.79,-856.8,-77.03,-807.03,-36.44,-2443.41,-54.81,-1557.68,-54.81,-5560910.0,-54.81,3.87,96.51,2.48,97.25,8820.12,96.71,-10471.18,-44.69,-8865.95,-44.69,-19209852.0,-44.69,-1.37,-12.95,-1.16,-12.95,-2519.38,-12.98,-24770762.0,-46.63,3188576.5,60.79,-3.0872,-3.0153,-0.0042,-0.0042,-31.6906,-32.6009,0.6911,0.6969,0.6315,0.6315,0.5494
16,Sampara,Konawe,2040,3251.95,435.96,551.97,3448.89,24.66,0.0,0.0,121.23,86.58,0.0,0.0,0.0,0.0,0.0,0.0,235.69,199.56,432376.38,9.56,8.09,17533.51,432376.38,1495570.62,-1063194.25,0.2891,779.96,31.55,0.0,0.0,-117.0,-82.59,0.0,0.0,0.0,0.0,0.0,0.0,0.0,0.0,0.0,0.0,0.0,0.0,-1263.07,-84.27,-1069.44,-84.27,-2317171.37,-84.27,-1.02,-9.64,-0.87,-9.71,-1875.98,-9.67,-2317171.37,-84.27,358701.62,31.55,0.0,-2.6231,0.0,-0.0035,0.0,-32.5587,0.0,0.6629,0.6277,0.6277,0.8408
17,Abuki,Konawe,2040,14219.85,13348.08,766.35,2146.77,3269.88,211.23,0.0,642.96,97.38,1185.69,755.88,2698478.5,5.61,3.58,12775.07,26341.72,22303.53,48325072.0,8.06,6.82,14778.85,51023550.5,6539707.0,44483843.5,7.8021,4963.15,53.62,-769.86,-78.47,236.88,7.81,-2746.05,-69.84,-1750.6,-69.84,-6249661.5,-69.84,1.6,39.9,1.03,40.39,3654.46,40.07,-5747.42,-17.91,-4866.35,-17.91,-10543900.0,-17.91,-2.52,-23.82,-2.14,-23.88,-4630.64,-23.86,-16793561.5,-24.76,2282548.5,53.62,-1.8238,-1.8893,-0.0025,-0.0026,-16.5816,-16.6839,0.5195,0.5476,0.3002,0.3002,0.5353
18,Soropia,Konawe,2040,7861.08,136.53,0.0,4463.37,62.91,0.0,0.0,411.93,97.29,0.0,0.0,0.0,0.0,0.0,0.0,542.99,459.75,996147.25,8.63,7.31,15834.48,996147.25,3615310.5,-2619163.25,0.2755,1401.85,21.7,0.0,0.0,-1183.32,-94.95,0.0,0.0,0.0,0.0,0.0,0.0,0.0,0.0,0.0,0.0,0.0,0.0,-12642.13,-95.88,-10704.09,-95.88,-23192534.75,-95.88,-1.95,-18.43,-1.65,-18.42,-3575.0,-18.42,-23192534.75,-95.88,644710.25,21.7,0.0,-0.4231,0.0,-0.0017,0.0,-21.3317,0.0,0.3236,0.6611,0.6611,0.8379
19,Tongauna,Konawe,2040,7677.16,821.97,0.0,627.48,1228.59,1190.79,0.0,834.84,22.41,6498.69,4142.92,14790210.0,5.46,3.48,12420.5,9897.36,8380.09,18157148.0,8.06,6.82,14778.85,32947358.0,3530727.5,29416630.5,9.3316,1687.73,28.18,-812.16,-40.55,612.9,99.55,-1528.17,-19.04,-974.2,-19.04,-3477916.0,-19.04,1.45,36.16,0.93,36.47,3299.89,36.18,3383.36,51.94,2864.69,51.94,6206922.0,51.94,-2.52,-23.82,-2.14,-23.88,-4630.64,-23.86,2729006.0,9.03,776190.25,28.18,-2.2352,-2.2066,-0.0033,-0.0025,-18.2138,-16.5453,0.604,0.636,0.5251,0.5251,0.91
20,Latoma,Konawe,2040,18614.73,91085.58,0.0,2220.12,1094.85,0.0,0.0,405.0,98.1,0.0,0.0,0.0,0.0,0.0,0.0,9449.96,8001.28,17336380.0,8.63,7.31,15834.48,17336380.0,8560916.0,8775464.0,2.0251,7583.38,68.74,0.0,0.0,-1024.83,-48.35,0.0,0.0,0.0,0.0,0.0,0.0,0.0,0.0,0.0,0.0,0.0,0.0,-12976.25,-57.86,-10987.0,-57.86,-23805520.0,-57.86,-1.95,-18.43,-1.65,-18.42,-3575.01,-18.42,-23805520.0,-57.86,3487594.0,68.74,0.0,-0.7634,0.0,0.0,0.0,3.7224,0.0,0.3823,0.1344,0.1344,0.1967
21,Puriala,Konawe,2040,13977.02,1785.69,589.95,8517.6,1174.41,1211.22,0.0,561.24,52.47,8041.02,5126.15,18300364.0,6.64,4.23,15109.03,10223.31,8656.08,18755122.0,8.71,7.37,15969.82,37055486.0,6428030.5,30627455.5,5.7647,3702.12,36.03,-3564.72,-74.64,172.08,17.17,-11098.64,-57.99,-7075.39,-57.99,-25259116.0,-57.99,2.63,65.59,1.68,65.88,5988.42,65.66,-381.34,-3.6,-322.88,-3.6,-699586.0,-3.6,-1.87,-17.67,-1.59,-17.75,-3439.66,-17.72,-25958702.0,-41.2,1702603.5,36.03,-2.6898,-2.6538,-0.003,-0.0024,-21.709,-18.728,0.6752,0.6652,0.4974,0.4974,0.4845
22,Uepai,Konawe,2040,15587.58,7090.74,97.47,1580.31,2581.38,581.85,0.0,1112.85,194.31,3823.28,2437.34,8701307.0,6.57,4.19,14954.55,20797.43,17609.19,38153816.0,8.06,6.82,14780.39,46855123.0,7168728.0,39686395.0,6.536,2077.29,15.38,-737.64,-55.9,273.69,11.86,-1464.6,-27.7,-933.68,-27.7,-3333246.0,-27.7,2.56,63.84,1.64,64.31,5833.94,63.96,-3617.93,-14.82,-3063.3,-14.82,-6637256.0,-14.82,-2.52,-23.82,-2.14,-23.88,-4629.09,-23.85,-9970502.0,-17.55,955343.5,15.38,-2.5469,-2.3912,-0.0024,-0.0021,-16.1248,-15.2911,0.6529,0.6543,0.3626,0.3626,0.877
23,Wonggeduku,Konawe,2040,12971.28,0.0,1275.66,1900.98,1087.92,1117.44,0.0,1127.79,44.01,8806.76,5614.31,20043088.0,7.88,5.02,17936.61,10016.16,8480.68,18375092.0,9.21,7.8,16890.11,38418180.0,5965488.5,32452691.5,6.4401,4759.42,57.96,-1437.84,-56.27,380.61,53.81,-1433.57,-14.0,-913.9,-14.0,-3262624.0,-14.0,3.87,96.51,2.47,96.86,8816.0,96.66,2532.82,33.85,2144.54,33.85,4646568.0,33.85,-1.37,-12.95,-1.16,-12.95,-2519.38,-12.98,1383944.0,3.74,2188854.75,57.96,-2.9833,-3.0371,-0.0037,-0.004,-25.5714,-27.3542,0.6795,0.6775,0.6171,0.6171,0.5598
24,Besulutu,Konawe,2040,5577.99,1840.5,2870.37,2676.06,2121.21,0.0,0.0,114.3,81.72,0.0,0.0,0.0,0.0,0.0,0.0,19578.55,16577.16,35917732.0,9.23,7.81,16932.66,35917732.0,2565318.75,33352413.25,14.0013,2180.17,64.16,-0.18,-100.0,-341.28,-13.86,-0.72,-100.0,-0.46,-100.0,-1641.71,-100.0,-4.01,-100.0,-2.55,-100.0,-9120.61,-100.0,-6474.59,-24.85,-5482.04,-24.85,-11877940.0,-24.85,-1.35,-12.76,-1.15,-12.83,-2476.83,-12.76,-11879581.71,-24.85,1002661.25,64.16,0.0,-2.8077,0.0,-0.0041,0.0,-34.1857,0.0,0.6765,0.5716,0.5716,0.6214
25,Bondoala,Konawe,2040,2179.68,0.0,0.18,787.59,391.95,0.0,6.57,524.79,1068.75,0.0,0.0,0.0,0.0,0.0,0.0,3748.55,3173.9,6876883.5,9.56,8.1,17545.31,6876883.5,1002433.56,5874449.94,6.8602,756.3,53.13,0.0,0.0,41.22,11.75,0.0,0.0,0.0,0.0,0.0,0.0,0.0,0.0,0.0,0.0,0.0,0.0,37.83,1.02,32.03,1.02,69394.5,1.02,-1.02,-9.64,-0.86,-9.6,-1864.18,-9.6,69394.5,1.02,347823.31,53.13,0.0,-2.375,0.0,-0.0044,0.0,-33.8525,0.0,0.6076,0.6366,0.6366,0.7697
26,Routa,Konawe,2040,10745.34,153778.32,3091.14,6725.34,5598.09,0.0,82.71,56.88,494.1,0.0,0.0,0.0,0.0,0.0,0.0,57994.2,49103.7,106393016.0,10.36,8.77,19005.23,106393016.0,4941782.5,101451233.5,21.5293,2236.85,26.29,0.0,0.0,-2136.42,-27.62,0.0,0.0,0.0,0.0,0.0,0.0,0.0,0.0,0.0,0.0,0.0,0.0,-23836.92,-29.13,-20182.69,-29.13,-43729784.0,-29.13,-0.22,-2.08,-0.19,-2.12,-404.25,-2.08,-43729784.0,-29.13,1028733.75,26.29,0.0,-1.6946,0.0,-0.0004,0.0,-5.1621,0.0,0.4436,0.1278,0.1278,0.1017
27,Anggaberi,Konawe,2040,9313.22,6037.29,2595.78,1382.31,1249.83,74.97,0.0,332.28,0.0,508.25,324.01,1156721.38,6.78,4.32,15429.12,10163.44,8605.39,18645292.0,8.13,6.89,14918.26,19802013.38,4283150.5,15518862.88,4.6232,3039.19,48.44,-343.08,-82.07,-537.75,-30.08,-1167.09,-69.66,-744.02,-69.66,-2656149.37,-69.66,2.77,69.08,1.77,69.41,6308.51,69.17,-8749.16,-46.26,-7407.91,-46.26,-16050712.0,-46.26,-2.45,-23.16,-2.07,-23.1,-4491.22,-23.14,-18706861.37,-48.58,1397724.25,48.44,-2.4208,-2.2926,-0.0049,-0.0037,-22.8279,-18.1173,0.6018,0.6722,0.315,0.315,0.7118
28,Meluhu,Konawe,2040,10821.25,5860.17,5068.44,638.46,738.27,169.83,0.0,454.59,0.0,1115.72,711.27,2539247.75,6.57,4.19,14951.7,6474.71,5482.13,11878141.0,8.77,7.43,16089.16,14417388.75,4976692.0,9440696.75,2.897,2215.73,25.75,-703.98,-80.56,-574.02,-43.74,-2386.09,-68.14,-1521.13,-68.14,-5430432.25,-68.14,2.56,63.84,1.64,64.31,5831.09,63.93,-7409.32,-53.37,-6273.48,-53.37,-13592731.0,-53.37,-1.81,-17.11,-1.53,-17.08,-3320.32,-17.11,-19023163.25,-56.89,1019014.5,25.75,-2.5636,-2.4987,-0.0067,-0.0071,-26.5764,-27.837,0.6367,0.6128,0.4974,0.4974,0.6353
29,Amonggedo,Konawe,2040,18116.77,7877.34,4849.65,1837.26,1123.65,61.2,34.65,1092.15,0.0,470.54,299.97,1070895.75,7.69,4.9,17498.3,10345.11,8759.21,18978576.0,9.21,7.8,16890.11,20049471.75,8331904.5,11717567.25,2.4063,4711.64,35.15,-1594.62,-96.3,-481.95,-30.02,-6165.19,-92.91,-3930.31,-92.91,-14031191.25,-92.91,3.68,91.77,2.35,92.16,8377.69,91.85,-6642.14,-39.1,-5623.89,-39.1,-12185294.0,-39.1,-1.37,-12.95,-1.16,-12.95,-2519.38,-12.98,-26216485.25,-56.66,2166885.0,35.15,-2.8817,-2.7711,-0.004,-0.0064,-19.6141,-32.6673,0.7139,0.6324,0.3694,0.3694,0.5954
30,Asinua,Konawe,2040,14650.29,31985.37,0.0,3333.78,1290.33,0.0,0.0,254.25,129.06,0.0,0.0,0.0,0.0,0.0,0.0,10778.37,9126.05,19773406.0,8.35,7.07,15324.3,19773406.0,6737669.0,13035737.0,2.9348,5645.19,62.69,-179.19,-100.0,-736.47,-36.34,-718.11,-100.0,-457.79,-100.0,-1634322.12,-100.0,-4.01,-100.0,-2.55,-100.0,-9120.61,-100.0,-10665.17,-49.74,-9030.2,-49.74,-19565734.0,-49.74,-2.23,-21.08,-1.89,-21.09,-4085.18,-21.05,-21200056.12,-51.74,2596227.25,62.69,0.0,-1.57,0.0,-0.0032,0.0,-17.2707,0.0,0.5838,0.214,0.214,0.383
31,Konawe,Konawe,2040,6960.37,0.0,20.25,358.65,1453.41,53.46,0.0,453.78,76.32,389.01,247.99,885333.44,7.28,4.64,16560.67,12972.41,10983.74,23798464.0,8.93,7.56,16374.23,24683797.44,3201072.25,21482725.19,7.7111,1909.63,37.81,-293.58,-84.6,181.89,14.3,-1001.76,-72.03,-638.63,-72.03,-2279882.81,-72.03,3.27,81.55,2.09,81.96,7440.06,81.57,-480.27,-3.57,-406.65,-3.57,-881084.0,-3.57,-1.65,-15.6,-1.4,-15.63,-3035.25,-15.64,-3160966.81,-11.35,878237.25,37.81,-2.7508,-2.6409,-0.003,-0.0036,-19.3682,-20.8194,0.6712,0.6484,0.6418,0.6418,0.8033
32,Kapoiala,Konawe,2040,2221.75,5.22,0.9,287.28,873.18,0.0,0.0,224.46,2131.74,0.0,0.0,0.0,0.0,0.0,0.0,7536.67,6381.3,13826353.0,8.63,7.31,15834.48,13826353.0,1021781.56,12804571.44,13.5316,832.44,59.92,0.0,0.0,583.02,200.93,0.0,0.0,0.0,0.0,0.0,0.0,0.0,0.0,0.0,0.0,0.0,0.0,4466.78,145.5,3782.02,145.5,8194497.0,145.5,-1.95,-18.43,-1.65,-18.42,-3575.0,-18.42,8194497.0,145.5,382836.37,59.92,0.0,-1.3954,0.0,-0.0057,0.0,-24.5763,0.0,0.4759,0.6249,0.6249,0.7796
33,Lalonggasumeeto,Konawe,2040,7473.87,307.62,0.0,2380.23,152.64,0.0,0.0,366.48,0.18,0.0,0.0,0.0,0.0,0.0,0.0,1318.26,1116.17,2418400.75,8.64,7.31,15843.82,2418400.75,3437233.5,-1018832.75,0.7036,2354.03,45.98,0.0,0.0,-81.63,-34.84,0.0,0.0,0.0,0.0,0.0,0.0,0.0,0.0,0.0,0.0,0.0,0.0,-1160.32,-46.81,-982.44,-46.81,-2128659.25,-46.81,-1.94,-18.34,-1.65,-18.42,-3565.66,-18.37,-2128659.25,-46.81,1082617.75,45.98,0.0,-1.0776,0.0,0.0052,0.0,-10.3115,0.0,0.4921,0.5654,0.5654,0.8921
34,Onembute,Konawe,2040,14038.37,6788.43,323.82,4499.73,2976.75,388.71,0.0,233.37,0.0,2315.66,1476.23,5270144.0,5.96,3.8,13558.04,23980.3,20304.12,43992944.0,8.06,6.82,14778.85,49263088.0,6456244.5,42806843.5,7.6303,4887.76,53.41,-1593.0,-80.39,782.82,35.68,-5626.08,-70.84,-3586.63,-70.84,-12804260.0,-70.84,1.95,48.63,1.25,49.02,4437.43,48.65,768.52,3.31,650.71,3.31,1409892.0,3.31,-2.52,-23.82,-2.14,-23.88,-4630.64,-23.86,-11394368.0,-18.78,2247880.0,53.41,-2.4163,-2.4416,-0.0013,-0.0016,-12.7943,-12.6955,0.6186,0.668,0.3535,0.3535,0.4966
35,Padangguni,Konawe,2040,13239.04,15885.45,201.87,1120.77,3634.56,227.7,0.0,784.71,0.0,1343.41,856.42,3057431.25,5.9,3.76,13427.45,29279.53,24790.98,53714620.0,8.06,6.82,14778.85,56772051.25,6088631.0,50683420.25,9.3243,4734.0,55.66,-1839.78,-88.99,1375.65,60.9,-6942.05,-83.79,-4425.56,-83.79,-15799246.75,-83.79,1.89,47.13,1.21,47.45,4306.84,47.22,5380.26,22.51,4555.47,22.51,9870336.0,22.51,-2.52,-23.82,-2.14,-23.88,-4630.64,-23.86,-5928910.75,-9.46,2177164.0,55.66,-1.734,-1.7582,-0.0026,-0.0037,-14.4506,-17.0463,0.5161,0.5369,0.2424,0.2424,0.4054
36,Morosi,Konawe,2040,4194.45,5494.23,657.54,1656.99,1093.32,171.0,1258.47,342.36,1255.77,1140.61,727.14,2595884.75,6.67,4.25,15180.61,10680.6,9043.26,19594032.0,9.77,8.27,17921.59,22189916.75,1929029.12,20260887.62,11.5032,985.38,30.71,-834.57,-82.99,-264.51,-19.48,-2889.23,-71.7,-1841.88,-71.7,-6575526.25,-71.7,2.66,66.33,1.7,66.67,6060.0,66.44,-3685.24,-25.65,-3120.3,-25.65,-6760748.0,-25.65,-0.81,-7.66,-0.69,-7.7,-1487.89,-7.67,-13336274.25,-37.54,453176.62,30.71,-2.0734,-2.2908,-0.004,-0.0039,-27.7377,-29.2402,0.5405,0.5766,0.4911,0.4911,0.6184
37,Anggalomoare,Konawe,2040,1889.37,0.0,34.29,1536.57,114.21,0.0,0.0,150.21,40.59,0.0,0.0,0.0,0.0,0.0,0.0,1117.22,945.95,2049583.75,9.78,8.28,17945.75,2049583.75,868920.12,1180663.62,2.3588,311.35,19.73,0.0,0.0,113.85,31625.0,0.0,0.0,0.0,0.0,0.0,0.0,0.0,0.0,0.0,0.0,0.0,0.0,1113.41,29223.36,942.73,29277.33,2042596.34,29232.52,-0.8,-7.56,-0.68,-7.59,-1463.73,-7.54,2042596.34,29232.52,143187.93,19.73,0.0,-2.1536,0.0,-0.0032,0.0,-23.4798,0.0,0.5373,0.6305,0.6305,0.871
38,Wonggeduku Barat,Konawe,2040,8025.13,0.0,35.1,369.27,1809.63,842.31,0.0,494.01,75.06,6465.29,4121.62,14714197.0,7.68,4.89,17468.86,16660.73,14106.64,30564856.0,9.21,7.8,16890.11,45279053.0,3690757.5,41588295.5,12.2682,2810.45,53.89,-1523.88,-64.4,1085.22,149.81,-3017.26,-31.82,-1923.5,-31.82,-6866899.0,-31.82,3.67,91.52,2.34,91.76,8348.25,91.53,8996.47,117.38,7617.31,117.38,16504431.0,117.38,-1.37,-12.95,-1.16,-12.95,-2519.37,-12.98,9637532.0,27.04,1292524.25,53.89,-2.8481,-2.8195,-0.0037,-0.0034,-23.3413,-21.5349,0.6694,0.6732,0.5961,0.5961,0.6443
39,Tongauna Utara,Konawe,2040,9651.08,9492.93,1570.23,2093.76,911.97,2182.32,0.0,618.93,11.7,11909.93,7592.58,27105512.0,5.46,3.48,12420.5,7346.71,6220.46,13477868.0,8.06,6.82,14778.85,40583380.0,4438529.5,36144850.5,9.1434,2928.53,43.56,-1593.72,-42.21,464.85,103.97,-3222.62,-21.3,-2054.42,-21.3,-7334276.0,-21.3,1.45,36.16,0.93,36.47,3299.89,36.18,2616.18,55.3,2215.12,55.3,4799499.0,55.3,-2.52,-23.82,-2.14,-23.88,-4630.64,-23.86,-2534777.0,-5.88,1346826.75,43.56,-2.1416,-2.1417,-0.0034,-0.0034,-19.3726,-16.2943,0.5618,0.7173,0.2745,0.2745,0.614
40,Napabalano,Muna,2040,13186.96,1562.67,34.74,47.61,5199.12,0.0,0.0,305.64,720.09,0.0,0.0,0.0,0.0,0.0,0.0,24842.92,21034.5,45575452.0,4.78,4.05,8765.99,45575452.0,6064682.5,39510769.5,7.5149,2500.01,23.39,0.0,0.0,315.81,6.47,0.0,0.0,0.0,0.0,0.0,0.0,0.0,0.0,0.0,0.0,0.0,0.0,-14321.22,-36.57,-12125.78,-36.57,-26272940.0,-36.57,-3.24,-40.4,-2.74,-40.35,-5947.06,-40.42,-26272940.0,-36.57,1149756.0,23.39,0.0,-0.8134,0.0,0.0002,0.0,-20.3113,0.0,0.4381,0.5029,0.5029,0.3268
41,Maligano,Muna,2040,7566.87,6925.95,0.0,158.22,4204.35,0.0,0.0,433.26,43.56,0.0,0.0,0.0,0.0,0.0,0.0,22815.61,19317.98,41856256.0,5.43,4.59,9955.46,41856256.0,3480004.5,38376251.5,12.0276,3245.25,75.09,0.0,0.0,408.78,10.77,0.0,0.0,0.0,0.0,0.0,0.0,0.0,0.0,0.0,0.0,0.0,0.0,-7624.86,-25.05,-6455.97,-25.05,-13988164.0,-25.05,-2.59,-32.29,-2.2,-32.4,-4757.59,-32.34,-13988164.0,-25.05,1492489.62,75.09,0.0,-1.6023,0.0,-0.0007,0.0,-27.1706,0.0,0.5512,0.434,0.434,0.4539
42,Wakorumba Selatan,Muna,2040,4778.18,5425.2,0.0,2322.45,1360.53,0.0,0.0,267.75,24.66,0.0,0.0,0.0,0.0,0.0,0.0,7880.38,6672.32,14456918.0,5.79,4.9,10625.95,14456918.0,2197485.0,12259433.0,6.5788,1897.86,65.89,0.0,0.0,223.56,19.66,0.0,0.0,0.0,0.0,0.0,0.0,0.0,0.0,0.0,0.0,0.0,0.0,-1238.12,-13.58,-1048.31,-13.58,-2271380.0,-13.58,-2.23,-27.81,-1.89,-27.84,-4087.1,-27.78,-2271380.0,-13.58,872823.75,65.89,0.0,-1.2586,0.0,-0.0025,0.0,-25.7679,0.0,0.5082,0.5047,0.5047,0.4196
43,Lasalepa,Muna,2040,16726.07,472.86,16.11,572.67,7837.65,0.0,0.0,723.69,306.18,0.0,0.0,0.0,0.0,0.0,0.0,37357.45,31630.55,68533912.0,4.77,4.04,8744.19,68533912.0,7692320.0,60841592.0,8.9094,868.71,5.48,0.0,0.0,-533.88,-6.38,0.0,0.0,0.0,0.0,0.0,0.0,0.0,0.0,0.0,0.0,0.0,0.0,-29782.22,-44.36,-25216.6,-44.36,-54636824.0,-44.36,-3.25,-40.52,-2.75,-40.5,-5968.86,-40.57,-54636824.0,-44.36,399518.5,5.48,0.0,-1.2214,0.0,-0.0001,0.0,-20.239,0.0,0.5072,0.5526,0.5526,0.3229
44,Batalaiworu,Muna,2040,9762.67,0.0,0.0,160.11,1000.17,0.0,0.0,627.48,223.56,0.0,0.0,0.0,0.0,0.0,0.0,4519.39,3826.57,8291029.0,4.52,3.83,8289.62,8291029.0,4489851.5,3801177.5,1.8466,-599.15,-5.78,0.0,0.0,-244.17,-19.62,0.0,0.0,0.0,0.0,0.0,0.0,0.0,0.0,0.0,0.0,0.0,0.0,-5460.22,-54.71,-4623.16,-54.71,-10017009.0,-54.71,-3.5,-43.64,-2.96,-43.59,-6423.43,-43.66,-10017009.0,-54.71,-275548.5,-5.78,0.0,-1.5024,0.0,-0.0013,0.0,-20.1004,0.0,0.5497,0.707,0.707,0.3286
45,Katobu,Muna,2040,13058.03,0.0,0.0,190.35,61.83,0.0,0.0,506.16,108.72,0.0,0.0,0.0,0.0,0.0,0.0,270.82,229.3,496834.59,4.38,3.71,8035.49,496834.59,6005388.0,-5508553.41,0.0827,-891.09,-6.39,0.0,0.0,-144.0,-69.96,0.0,0.0,0.0,0.0,0.0,0.0,0.0,0.0,0.0,0.0,0.0,0.0,-1379.94,-83.59,-1168.4,-83.59,-2531552.41,-83.59,-3.64,-45.39,-3.08,-45.36,-6677.56,-45.39,-2531552.41,-83.59,-409814.0,-6.39,0.0,-1.6014,0.0,-0.0007,0.0,-20.9637,0.0,0.5669,0.8435,0.8435,0.3344
46,Duruka,Muna,2040,7372.9,16.2,0.0,641.16,340.56,0.0,0.0,290.79,57.87,0.0,0.0,0.0,0.0,0.0,0.0,1499.86,1269.93,2751557.75,4.4,3.73,8079.51,2751557.75,3390797.25,-639239.5,0.8115,1049.51,16.6,0.0,0.0,-393.84,-53.63,0.0,0.0,0.0,0.0,0.0,0.0,0.0,0.0,0.0,0.0,0.0,0.0,-4390.03,-74.54,-3717.04,-74.54,-8053708.25,-74.54,-3.62,-45.14,-3.06,-45.07,-6633.54,-45.09,-8053708.25,-74.54,482669.75,16.6,0.0,-1.6589,0.0,-0.0044,0.0,-22.3582,0.0,0.5786,0.7142,0.7142,0.3454
47,Lohia,Muna,2040,14000.37,2411.37,0.0,4529.61,982.17,0.0,0.0,474.48,25.74,0.0,0.0,0.0,0.0,0.0,0.0,4708.69,3986.84,8638294.0,4.79,4.06,8795.11,8638294.0,6438772.0,2199522.0,1.3416,2766.84,24.63,0.0,0.0,-695.88,-41.47,0.0,0.0,0.0,0.0,0.0,0.0,0.0,0.0,0.0,0.0,0.0,0.0,-8749.27,-65.01,-7408.02,-65.01,-16050942.0,-65.01,-3.23,-40.27,-2.73,-40.21,-5917.94,-40.22,-16050942.0,-65.01,1272469.5,24.63,0.0,-1.3764,0.0,-0.0017,0.0,-21.9341,0.0,0.5328,0.4811,0.4811,0.3571
48,Watopute,Muna,2040,16777.63,37.08,250.56,475.38,8907.84,0.0,0.0,697.86,0.0,0.0,0.0,0.0,0.0,0.0,0.0,37837.56,32037.06,69414704.0,4.25,3.6,7792.54,69414704.0,7716033.5,61698670.5,8.9962,3854.14,29.82,0.0,0.0,69.21,0.78,0.0,0.0,0.0,0.0,0.0,0.0,0.0,0.0,0.0,0.0,0.0,0.0,-33048.24,-46.62,-27981.96,-46.62,-60628528.0,-46.62,-3.77,-47.01,-3.19,-46.98,-6920.51,-47.04,-60628528.0,-46.62,1772519.5,29.82,0.0,-1.3445,0.0,0.0021,0.0,-17.3848,0.0,0.5287,0.4451,0.4451,0.3489
49,Kontunaga,Muna,2040,7744.7,0.0,29.16,861.93,2898.36,0.0,0.0,372.24,0.0,0.0,0.0,0.0,0.0,0.0,0.0,9987.58,8456.48,18322654.0,3.45,2.92,6321.73,18322654.0,3561788.5,14760865.5,5.1442,1349.85,21.11,0.0,0.0,128.16,4.63,0.0,0.0,0.0,0.0,0.0,0.0,0.0,0.0,0.0,0.0,0.0,0.0,-12229.42,-55.05,-10354.65,-55.05,-22435442.0,-55.05,-4.57,-56.98,-3.87,-57.0,-8391.32,-57.03,-22435442.0,-55.05,620796.25,21.11,0.0,-1.5986,0.0,-0.0003,0.0,-17.3614,0.0,0.5581,0.5722,0.5722,0.3593
50,Kabangka,Muna,2040,18765.04,271.8,0.0,112.95,6263.01,0.0,0.0,978.57,754.11,0.0,0.0,0.0,0.0,0.0,0.0,31379.7,26569.18,57567460.0,5.01,4.24,9191.66,57567460.0,8630042.0,48937418.0,6.6706,6972.67,59.13,-82.89,-100.0,-100.26,-1.58,-259.57,-100.0,-165.47,-100.0,-590745.19,-100.0,-3.13,-100.0,-2.0,-100.0,-7126.86,-100.0,-19653.72,-38.51,-16640.82,-38.51,-36055660.0,-38.51,-3.01,-37.53,-2.55,-37.56,-5521.39,-37.53,-36646405.19,-38.9,3206730.5,59.13,0.0,-0.8189,0.0,-0.0003,0.0,-11.4505,0.0,0.4502,0.5517,0.5517,0.7346
51,Kabawo,Muna,2040,22598.11,984.96,0.0,929.52,11851.11,0.0,28.8,724.68,1290.87,0.0,0.0,0.0,0.0,0.0,0.0,58894.97,49866.36,108045440.0,4.97,4.21,9116.9,108045440.0,10392870.0,97652570.0,10.3961,7732.81,52.02,-70.83,-100.0,1564.74,15.21,-221.8,-100.0,-141.4,-100.0,-504795.34,-100.0,-3.13,-100.0,-2.0,-100.0,-7126.86,-100.0,-23601.71,-28.61,-19983.56,-28.61,-43298448.0,-28.61,-3.05,-38.03,-2.58,-38.0,-5596.15,-38.04,-43803243.34,-28.85,3556317.0,52.02,0.0,-0.791,0.0,-0.0014,0.0,-14.5151,0.0,0.4624,0.501,0.501,0.5344
52,Parigi,Muna,2040,22111.23,810.45,0.0,1592.91,8372.7,0.0,0.0,797.4,1745.64,0.0,0.0,0.0,0.0,0.0,0.0,45157.78,38235.09,82843968.0,5.39,4.57,9894.53,82843968.0,10168952.0,72675016.0,8.1468,6257.52,39.47,-73.35,-100.0,1120.68,15.45,-229.69,-100.0,-146.43,-100.0,-522754.97,-100.0,-3.13,-100.0,-2.0,-100.0,-7126.86,-100.0,-13003.42,-22.36,-11009.99,-22.36,-23855368.0,-22.36,-2.63,-32.79,-2.22,-32.7,-4818.52,-32.75,-24378122.97,-22.74,2877832.0,39.47,0.0,-0.6289,0.0,-0.0017,0.0,-14.3558,0.0,0.4326,0.5259,0.5259,0.5444
53,Bone,Muna,2040,14576.65,300.69,0.0,1916.19,8891.91,0.0,0.0,192.87,0.0,0.0,0.0,0.0,0.0,0.0,0.0,47130.9,39905.73,86463752.0,5.3,4.49,9723.87,86463752.0,6703803.5,79759948.5,12.8977,3747.23,34.6,0.0,0.0,2107.35,31.06,0.0,0.0,0.0,0.0,0.0,0.0,0.0,0.0,0.0,0.0,0.0,0.0,-7281.26,-13.38,-6165.05,-13.38,-13357840.0,-13.38,-2.72,-33.92,-2.3,-33.87,-4989.18,-33.91,-13357840.0,-13.38,1723353.5,34.6,0.0,-0.3708,0.0,-0.0011,0.0,-19.7824,0.0,0.3941,0.5334,0.5334,0.5586
54,Tongkuno,Muna,2040,39134.07,9980.1,0.0,14318.91,10352.52,0.0,0.0,714.15,0.0,0.0,0.0,0.0,0.0,0.0,0.0,54401.93,46062.11,99802784.0,5.25,4.45,9640.43,99802784.0,17997754.0,81805030.0,5.5453,8350.0,27.12,0.0,0.0,243.63,2.41,0.0,0.0,0.0,0.0,0.0,0.0,0.0,0.0,0.0,0.0,0.0,0.0,-26671.39,-32.9,-22582.66,-32.9,-48929856.0,-32.9,-2.77,-34.54,-2.34,-34.46,-5072.62,-34.48,-48929856.0,-32.9,3840158.0,27.12,0.0,-0.6315,0.0,-0.0007,0.0,-22.7075,0.0,0.4286,0.4247,0.4247,0.5103
55,Pasir Putih,Muna,2040,5222.11,5794.29,0.0,2361.33,1673.91,0.0,0.0,191.61,0.0,0.0,0.0,0.0,0.0,0.0,0.0,9811.29,8307.22,17999258.0,5.86,4.96,10752.82,17999258.0,2401647.0,15597611.0,7.4945,1866.78,55.64,0.0,0.0,-153.99,-8.42,0.0,0.0,0.0,0.0,0.0,0.0,0.0,0.0,0.0,0.0,0.0,0.0,-4848.47,-33.07,-4105.2,-33.07,-8894730.0,-33.07,-2.16,-26.93,-1.83,-26.95,-3960.23,-26.92,-8894730.0,-33.07,858531.75,55.64,0.0,-0.6253,0.0,-0.0014,0.0,-27.5015,0.0,0.407,0.5055,0.5055,0.4187
56,Kontu Kowuna,Muna,2040,5810.27,0.0,0.0,0.0,3205.44,0.0,0.0,370.35,0.0,0.0,0.0,0.0,0.0,0.0,0.0,15554.49,13169.99,28535412.0,4.85,4.11,8902.18,28535412.0,2672143.0,25863269.0,10.6788,1985.27,51.9,0.0,0.0,74.16,2.37,0.0,0.0,0.0,0.0,0.0,0.0,0.0,0.0,0.0,0.0,0.0,0.0,-9558.37,-38.06,-8093.07,-38.06,-17535272.0,-38.06,-3.17,-39.53,-2.68,-39.47,-5810.87,-39.49,-17535272.0,-38.06,913024.5,51.9,0.0,-0.8822,0.0,0.0001,0.0,-13.2125,0.0,0.4588,0.5272,0.5272,0.5562
57,Marobo,Muna,2040,10508.1,402.84,0.0,1108.44,2434.68,0.0,0.0,231.93,54.09,0.0,0.0,0.0,0.0,0.0,0.0,11633.54,9850.12,21342260.0,4.78,4.05,8765.94,21342260.0,4832672.5,16509587.5,4.4162,3250.52,44.79,0.0,0.0,21.06,0.87,0.0,0.0,0.0,0.0,0.0,0.0,0.0,0.0,0.0,0.0,0.0,0.0,-7723.69,-39.9,-6539.65,-39.9,-14169456.0,-39.9,-3.24,-40.4,-2.74,-40.35,-5947.11,-40.42,-14169456.0,-39.9,1494909.25,44.79,0.0,-0.3808,0.0,-0.0025,0.0,-14.7173,0.0,0.3953,0.619,0.619,0.5149
58,Tongkuno Selatan,Muna,2040,12493.24,56.52,0.0,1683.72,2927.88,0.0,0.0,138.6,0.0,0.0,0.0,0.0,0.0,0.0,0.0,15156.12,12832.69,27804588.0,5.18,4.38,9496.49,27804588.0,5745641.0,22058947.0,4.8392,4539.39,57.07,0.0,0.0,164.43,5.95,0.0,0.0,0.0,0.0,0.0,0.0,0.0,0.0,0.0,0.0,0.0,0.0,-7006.75,-31.61,-5932.61,-31.61,-12854192.0,-31.61,-2.84,-35.41,-2.41,-35.49,-5216.56,-35.46,-12854192.0,-31.61,2087664.0,57.07,0.0,-0.393,0.0,-0.0005,0.0,-24.0061,0.0,0.3898,0.4757,0.4757,0.6339
59,Pasi Kolaga,Muna,2040,2605.65,62.01,0.0,42.84,1290.51,0.0,0.0,263.16,0.27,0.0,0.0,0.0,0.0,0.0,0.0,7608.31,6441.96,13957784.0,5.9,4.99,10815.71,13957784.0,1198340.5,12759443.5,11.6476,1253.71,92.73,0.0,0.0,-166.32,-11.42,0.0,0.0,0.0,0.0,0.0,0.0,0.0,0.0,0.0,0.0,0.0,0.0,-4075.47,-34.88,-3450.69,-34.88,-7476630.0,-34.88,-2.12,-26.43,-1.8,-26.51,-3897.34,-26.49,-7476630.0,-34.88,576585.56,92.74,0.0,-0.6302,0.0,-0.0007,0.0,-28.9594,0.0,0.4264,0.5239,0.5239,0.4472
60,Batukara,Muna,2040,4229.21,5660.82,0.0,405.63,1975.5,0.0,0.0,226.89,5.94,0.0,0.0,0.0,0.0,0.0,0.0,11534.67,9766.4,21160864.0,5.84,4.94,10711.65,21160864.0,1945013.12,19215850.88,10.8795,1754.6,70.9,0.0,0.0,-168.21,-7.85,0.0,0.0,0.0,0.0,0.0,0.0,0.0,0.0,0.0,0.0,0.0,0.0,-5657.88,-32.91,-4790.53,-32.91,-10379652.0,-32.91,-2.18,-27.18,-1.85,-27.25,-4001.4,-27.2,-10379652.0,-32.91,806941.87,70.9,0.0,-1.4166,0.0,-0.0009,0.0,-25.2238,0.0,0.5167,0.4668,0.4668,0.4626
61,Towea,Muna,2040,7702.47,1433.79,0.0,479.52,582.93,0.0,0.0,107.28,175.68,0.0,0.0,0.0,0.0,0.0,0.0,3002.51,2542.23,5508243.5,5.15,4.36,9449.24,5508243.5,3542366.75,1965876.75,1.555,3343.19,76.69,0.0,0.0,-109.26,-15.78,0.0,0.0,0.0,0.0,0.0,0.0,0.0,0.0,0.0,0.0,0.0,0.0,-2548.85,-45.91,-2158.11,-45.91,-4675983.5,-45.91,-2.87,-35.79,-2.43,-35.79,-5263.81,-35.78,-4675983.5,-45.91,1537535.25,76.69,0.0,-0.5154,0.0,0.0003,0.0,-21.9653,0.0,0.3913,0.3255,0.3255,0.3745
62,Pasarwajo,Buton,2040,63751.04,19067.22,0.0,6424.2,5617.53,0.0,0.0,1883.61,21.06,0.0,0.0,0.0,0.0,0.0,0.0,75428.38,63865.21,138376768.0,13.43,11.37,24633.03,138376768.0,29319106.0,109057662.0,4.7197,21599.39,51.24,0.0,0.0,-1714.77,-23.39,0.0,0.0,0.0,0.0,0.0,0.0,0.0,0.0,0.0,0.0,0.0,0.0,-61758.95,-45.02,-52291.3,-45.02,-113299552.0,-45.02,-5.28,-28.22,-4.47,-28.22,-9691.3,-28.23,-113299552.0,-45.02,9933560.0,51.24,0.0,0.0541,0.0,0.0014,0.0,-10.993,0.0,0.3494,0.3361,0.3361,0.558
63,Kapontori,Buton,2040,54305.46,35524.53,0.0,6029.37,4346.82,0.0,155.25,791.1,19.26,0.0,0.0,0.0,0.0,0.0,0.0,65458.0,55423.3,120085640.0,15.06,12.75,27626.09,120085640.0,24975086.0,95110554.0,4.8082,20656.26,61.39,-492.12,-100.0,-648.99,-12.99,-1380.88,-100.0,-880.31,-100.0,-3142721.25,-100.0,-2.81,-100.0,-1.79,-100.0,-6386.09,-100.0,-28013.61,-29.97,-23719.11,-29.97,-51392280.0,-29.97,-3.65,-19.51,-3.09,-19.51,-6698.26,-19.51,-54535001.25,-31.23,9499819.0,61.39,0.0,-0.4033,0.0,-0.0015,0.0,-15.1963,0.0,0.4155,0.3808,0.3808,0.4812
64,Lasalimu,Buton,2040,39171.71,18487.44,10.44,3390.48,9090.09,33.12,0.0,458.1,73.26,151.2,96.39,344101.06,4.57,2.91,10389.52,109899.38,93051.8,201615360.0,12.09,10.24,22179.69,201959461.06,18015070.0,183944391.06,11.2106,15475.62,65.31,-96.84,-74.52,1427.04,18.62,-213.47,-58.54,-136.09,-58.54,-485834.75,-58.54,1.76,62.63,1.12,62.57,4003.43,62.69,-33476.26,-23.35,-28344.38,-23.35,-61413776.0,-23.35,-6.62,-35.38,-5.6,-35.35,-12144.65,-35.38,-61899610.75,-23.46,7117237.0,65.31,-0.4355,-0.303,-0.0023,-0.0007,-9.5894,-14.0381,0.4305,0.4,0.4918,0.4918,0.2938
65,Lasalimu Selatan,Buton,2040,11199.53,3198.78,0.0,1382.49,9330.66,0.0,0.0,745.83,41.13,0.0,0.0,0.0,0.0,0.0,0.0,89495.59,75775.88,164183600.0,9.59,8.12,17596.14,164183600.0,5150662.0,159032938.0,31.8762,4188.59,59.74,-227.07,-100.0,1966.95,26.71,-637.16,-100.0,-406.19,-100.0,-1450089.0,-100.0,-2.81,-100.0,-1.79,-100.0,-6386.09,-100.0,-48279.43,-35.04,-40878.23,-35.04,-88570848.0,-35.04,-9.12,-48.74,-7.72,-48.74,-16728.19,-48.74,-90020937.0,-35.41,1926330.25,59.74,0.0,0.0364,0.0,-0.0028,0.0,-18.7792,0.0,0.3346,0.4696,0.4696,0.2024
66,Siotapina,Buton,2040,18781.68,15407.28,0.0,3541.05,5033.97,0.0,0.0,895.86,1.62,0.0,0.0,0.0,0.0,0.0,0.0,51460.2,43571.36,94406064.0,10.22,8.66,18753.8,94406064.0,8637693.0,85768371.0,10.9295,6749.57,56.1,0.0,0.0,-591.84,-10.52,0.0,0.0,0.0,0.0,0.0,0.0,0.0,0.0,0.0,0.0,0.0,0.0,-53798.69,-51.11,-45551.35,-51.11,-98696128.0,-51.11,-8.49,-45.38,-7.18,-45.33,-15570.54,-45.36,-98696128.0,-51.11,3104126.5,56.1,0.0,-0.0467,0.0,-0.0078,0.0,-23.2915,0.0,0.3416,0.3206,0.3206,0.2566
67,Wolowa,Buton,2040,11208.24,6254.28,0.0,1462.77,1328.31,0.0,0.0,376.47,32.22,0.0,0.0,0.0,0.0,0.0,0.0,18642.0,15784.19,34199600.0,14.03,11.88,25746.7,34199600.0,5154670.0,29044930.0,6.6347,4759.53,73.81,0.0,0.0,-339.03,-20.33,0.0,0.0,0.0,0.0,0.0,0.0,0.0,0.0,0.0,0.0,0.0,0.0,-12553.94,-40.24,-10629.41,-40.24,-23030740.0,-40.24,-4.68,-25.01,-3.96,-25.0,-8577.64,-24.99,-23030740.0,-40.24,2188905.75,73.81,0.0,0.0604,0.0,-0.0005,0.0,-12.6179,0.0,0.3234,0.2853,0.2853,0.3615
68,Wabula,Buton,2040,7136.94,2919.51,0.0,3124.44,35.37,0.0,0.0,259.65,0.0,0.0,0.0,0.0,0.0,0.0,0.0,420.03,355.64,770559.0,11.88,10.05,21785.67,770559.0,3282279.0,-2511720.0,0.2348,2116.08,42.15,0.0,0.0,-209.25,-85.54,0.0,0.0,0.0,0.0,0.0,0.0,0.0,0.0,0.0,0.0,0.0,0.0,-4156.81,-90.82,-3519.57,-90.82,-7625859.0,-90.82,-6.83,-36.5,-5.79,-36.55,-12538.66,-36.53,-7625859.0,-90.82,973187.75,42.15,0.0,0.7123,0.0,0.0038,0.0,-32.41,0.0,0.2753,0.3184,0.3184,0.4612
69,Tinanggea,Konawe Selatan,2040,45268.52,4319.19,2169.63,7206.57,12829.41,15.12,1102.32,1321.92,4543.92,54.43,34.7,123876.46,3.6,2.29,8192.89,140025.2,118559.31,256882512.0,10.91,9.24,20022.94,257006388.46,20818996.0,236187392.46,12.3448,13555.53,42.74,-755.28,-98.04,-1514.34,-10.56,-2415.79,-97.8,-1540.07,-97.8,-5498039.54,-97.8,0.39,12.15,0.25,12.25,895.49,12.27,-134514.14,-49.0,-113893.19,-49.0,-246772368.0,-49.0,-8.23,-43.0,-6.97,-43.0,-15090.25,-42.98,-252270407.54,-49.54,6234189.0,42.74,-1.2225,-1.0299,0.0022,-0.0033,-6.3187,-12.0861,0.533,0.4703,0.4312,0.4312,0.6065
70,Angata,Konawe Selatan,2040,26215.86,2483.55,52.11,17059.59,6162.84,519.12,0.0,1428.57,0.0,3633.98,2316.66,8270474.0,7.0,4.46,15931.72,91567.56,77530.24,167984768.0,14.86,12.58,27257.69,176255242.0,12056674.0,164198568.0,14.6189,8079.95,44.55,-4023.54,-88.57,1124.28,22.31,-10931.67,-75.05,-6968.94,-75.05,-24879130.0,-75.05,3.79,118.07,2.42,118.63,8634.32,118.32,-4870.49,-5.05,-4123.85,-5.05,-8935136.0,-5.05,-4.28,-22.36,-3.63,-22.39,-7855.5,-22.37,-33814266.0,-16.1,3715964.0,44.55,-2.4263,-2.3621,-0.0003,0.0002,-13.1677,-11.2742,0.6028,0.6116,0.396,0.396,0.3827
71,Andoolo,Konawe Selatan,2040,33433.51,0.0,2841.84,290.7,6523.74,0.0,0.0,196.38,0.0,0.0,0.0,0.0,0.0,0.0,0.0,95304.94,80694.7,174841152.0,14.61,12.37,26800.75,174841152.0,15376072.0,159465080.0,11.371,15119.73,82.56,0.0,0.0,-1188.18,-15.41,0.0,0.0,0.0,0.0,0.0,0.0,0.0,0.0,0.0,0.0,0.0,0.0,-52301.2,-35.43,-44283.44,-35.43,-95948960.0,-35.43,-4.53,-23.67,-3.84,-23.69,-8312.44,-23.67,-95948960.0,-35.43,6953564.0,82.56,0.0,-1.3039,0.0,0.0007,0.0,-13.175,0.0,0.4938,0.5647,0.5647,0.6593
72,Palangga,Konawe Selatan,2040,30302.69,100.62,3821.22,2045.52,9578.16,5.67,0.0,271.8,90.81,30.62,19.52,69680.51,5.4,3.44,12289.33,107677.09,91170.19,197538400.0,11.24,9.52,20623.84,197608080.51,13936207.0,183671873.51,14.1795,11800.45,63.78,-946.17,-99.4,1741.5,22.22,-3021.37,-99.0,-1926.13,-99.0,-6876274.49,-99.0,2.19,68.22,1.4,68.63,4991.93,68.41,-42316.57,-28.21,-35829.45,-28.21,-77631712.0,-28.21,-7.9,-41.27,-6.69,-41.27,-14489.35,-41.26,-84507986.49,-29.96,5427026.0,63.78,-0.6733,-0.8305,0.0259,-0.0018,-9.9737,-18.9482,0.2865,0.434,0.4855,0.4855,0.6074
73,Landono,Konawe Selatan,2040,18460.24,5329.8,1949.67,3346.83,934.65,95.4,0.0,1000.89,13.77,686.86,437.87,1563203.0,7.2,4.59,16385.78,14528.11,12300.95,26652462.0,15.54,13.16,28515.98,28215665.0,8489862.0,19725803.0,3.3235,6057.43,48.84,-1481.76,-93.95,101.43,12.17,-4370.17,-86.42,-2785.99,-86.42,-9945963.0,-86.42,3.99,124.3,2.55,125.0,9088.38,124.54,-1419.72,-8.9,-1202.08,-8.9,-2604552.0,-8.9,-3.6,-18.81,-3.05,-18.82,-6597.21,-18.79,-12550515.0,-30.79,2785808.5,48.84,-2.4192,-2.4849,-0.0028,-0.003,-28.4012,-28.6001,0.6203,0.6194,0.4022,0.4022,0.608
74,Lainea,Konawe Selatan,2040,25240.69,6517.08,1902.06,5964.39,5544.81,4.5,914.13,779.04,1780.02,10.8,6.88,24578.66,2.4,1.53,5461.92,45231.49,38297.51,82979224.0,8.16,6.91,14965.21,83003802.66,11608197.0,71395605.66,7.1504,7090.18,39.06,-1282.5,-99.65,1169.28,26.72,-4115.86,-99.74,-2623.86,-99.74,-9367172.34,-99.74,-0.81,-25.23,-0.51,-25.0,-1835.48,-25.15,-38516.15,-45.99,-32611.63,-45.99,-70659560.0,-45.99,-10.98,-57.37,-9.3,-57.37,-20147.97,-57.38,-80026732.34,-49.09,3260775.0,39.06,0.1201,-0.1609,0.0033,0.0085,-19.8851,-20.8864,0.2787,0.3096,0.3882,0.3882,0.5372
75,Konda,Konawe Selatan,2040,39392.14,3912.75,9.99,735.75,4823.46,1126.71,0.0,1969.29,0.0,6214.34,3961.64,14143056.0,5.52,3.52,12552.53,74370.76,62969.73,136436512.0,15.42,13.05,28286.03,150579568.0,18116446.0,132463122.0,8.3118,13280.47,50.86,-1278.63,-53.16,624.96,14.89,-1498.18,-19.43,-955.09,-19.43,-3409668.0,-19.43,2.31,71.96,1.48,72.55,5255.13,72.01,-5988.52,-7.45,-5070.48,-7.45,-10986192.0,-7.45,-3.72,-19.44,-3.16,-19.49,-6827.15,-19.44,-14395860.0,-8.73,6107691.0,50.86,-2.0034,-1.8615,-0.005,-0.0028,-32.08,-25.6978,0.6075,0.5555,0.5193,0.5193,0.8616
76,Ranomeeto,Konawe Selatan,2040,38074.0,3162.78,78.3,2652.48,1933.38,0.0,0.0,1369.17,0.0,0.0,0.0,0.0,0.0,0.0,0.0,30053.92,25446.66,55135276.0,15.54,13.16,28517.56,55135276.0,17510232.0,37625044.0,3.1487,10837.39,39.79,-281.7,-100.0,240.39,14.2,-903.25,-100.0,-575.82,-100.0,-2055677.12,-100.0,-3.21,-100.0,-2.04,-100.0,-7297.4,-100.0,-2349.91,-7.25,-1989.66,-7.25,-4311004.0,-7.25,-3.6,-18.81,-3.05,-18.82,-6595.63,-18.78,-6366681.12,-10.35,4984116.0,39.79,0.0,-2.1458,0.0,-0.0033,0.0,-28.9873,0.0,0.5755,0.5453,0.5453,0.8634
77,Kolono,Konawe Selatan,2040,24172.34,10524.51,1160.91,10059.57,5589.27,51.03,77.13,895.05,1417.95,147.96,94.32,336727.72,2.9,1.85,6598.62,57565.7,48740.88,105606856.0,10.3,8.72,18894.57,105943583.72,11116860.0,94826723.72,9.53,8519.38,54.43,-227.88,-81.7,1236.42,28.4,-746.34,-83.46,-475.8,-83.46,-1698589.66,-83.46,-0.31,-9.66,-0.19,-9.31,-698.78,-9.58,-25747.85,-30.9,-21800.71,-30.9,-47235560.0,-30.9,-8.84,-46.19,-7.49,-46.21,-16218.61,-46.19,-48934149.66,-31.6,3918064.0,54.43,-0.5537,-0.5543,-0.0009,0.0095,-19.9988,-19.7989,0.3953,0.3288,0.3804,0.3804,0.5427
78,Moramo,Konawe Selatan,2040,43747.07,7486.92,636.12,11855.25,4304.61,46.08,1.44,682.74,696.87,144.61,92.19,329108.31,3.14,2.0,7142.11,53377.15,45194.43,97922776.0,12.4,10.5,22748.35,98251884.31,20119274.0,78132610.31,4.8835,18148.52,70.9,-718.29,-93.97,2416.23,127.95,-2306.28,-94.1,-1470.25,-94.1,-5248804.19,-94.1,-0.07,-2.18,-0.04,-1.96,-155.29,-2.13,17233.55,47.68,14591.64,47.68,31615732.0,47.68,-6.74,-35.21,-5.71,-35.23,-12364.84,-35.21,26366927.81,36.68,8346504.0,70.9,-1.3868,-1.5682,-0.0002,-0.0016,-17.1773,-23.3485,0.5781,0.441,0.4306,0.4306,0.532
79,Laonti,Konawe Selatan,2040,16142.57,29318.58,0.0,3314.79,4240.98,0.0,95.13,317.88,183.51,0.0,0.0,0.0,0.0,0.0,0.0,41071.27,34775.05,75347104.0,9.68,8.2,17766.44,75347104.0,7423967.5,67923136.5,10.1492,4835.63,42.77,0.0,0.0,355.41,9.15,0.0,0.0,0.0,0.0,0.0,0.0,0.0,0.0,0.0,0.0,0.0,0.0,-33298.53,-44.77,-28193.88,-44.77,-61087648.0,-44.77,-9.46,-49.43,-8.01,-49.41,-17346.75,-49.4,-61087648.0,-44.77,2223905.0,42.77,0.0,-0.2304,0.0,-0.0033,0.0,-13.4812,0.0,0.3552,0.1972,0.1972,0.4022
80,Lalembuu,Konawe Selatan,2040,20698.7,4934.43,1123.92,1352.43,8983.26,966.15,403.29,1143.27,0.0,3678.04,2344.75,8370755.0,3.81,2.43,8664.03,102770.95,87016.18,188537936.0,11.44,9.69,20987.7,196908691.0,9519330.0,187389361.0,20.6851,5263.1,34.1,-1688.22,-63.6,1338.84,17.51,-4832.97,-56.78,-3081.02,-56.78,-10999239.0,-56.78,0.6,18.69,0.39,19.12,1366.63,18.73,-43543.27,-29.76,-36868.06,-29.76,-79882032.0,-29.76,-7.7,-40.23,-6.52,-40.22,-14125.49,-40.23,-90881271.0,-31.58,2420496.0,34.1,-1.5241,-1.7359,0.0074,-0.0041,-3.135,-5.6089,0.5153,0.575,0.4259,0.4259,0.3756
81,Benua,Konawe Selatan,2040,12633.7,1195.74,132.21,246.42,8655.3,0.0,0.0,363.15,0.0,0.0,0.0,0.0,0.0,0.0,0.0,130815.46,110761.47,239986816.0,15.11,12.8,27727.15,239986816.0,5810237.5,234176578.5,41.3041,4298.44,51.57,0.0,0.0,715.68,9.01,0.0,0.0,0.0,0.0,0.0,0.0,0.0,0.0,0.0,0.0,0.0,0.0,-21148.82,-13.92,-17906.73,-13.92,-38798528.0,-13.92,-4.03,-21.06,-3.41,-21.04,-7386.03,-21.03,-38798528.0,-13.92,1976850.25,51.57,0.0,-2.0969,0.0,-0.0006,0.0,-11.1495,0.0,0.5996,0.5457,0.5457,0.3583
82,Palangga Selatan,Konawe Selatan,2040,18580.56,369.54,1168.29,141.21,7058.52,0.36,764.1,343.53,986.22,0.86,0.55,1966.29,2.4,1.53,5461.92,63973.68,54166.51,117362584.0,9.06,7.67,16627.08,117364550.29,8545199.0,108819351.29,13.7346,6491.51,53.7,-657.81,-99.95,916.2,14.92,-2109.51,-99.96,-1344.81,-99.96,-4800962.21,-99.96,-0.81,-25.23,-0.51,-25.0,-1835.48,-25.15,-53590.33,-45.58,-45374.92,-45.58,-98313848.0,-45.58,-10.08,-52.66,-8.54,-52.68,-18486.11,-52.65,-103114810.21,-46.77,2985444.0,53.7,-0.6589,-0.188,0.0094,-0.0027,-35.9316,-18.3068,0.3994,0.3554,0.5513,0.5513,0.5686
83,Mowila,Konawe Selatan,2040,22724.31,3237.12,388.35,4321.8,3161.88,833.4,0.0,874.98,16.2,6480.39,4131.25,14748550.0,7.78,4.96,17696.84,49147.94,41613.57,90164112.0,15.54,13.16,28515.98,104912662.0,10450911.0,94461751.0,10.0386,7815.83,52.43,-1936.26,-69.91,828.9,35.53,-2400.29,-27.03,-1530.18,-27.03,-5462766.0,-27.03,4.57,142.37,2.92,143.14,10399.44,142.51,4494.7,10.07,3805.68,10.07,8245744.0,10.07,-3.6,-18.81,-3.05,-18.82,-6597.21,-18.79,2782978.0,2.72,3594500.5,52.43,-2.6355,-2.4547,-0.0025,-0.0023,-24.3886,-24.842,0.6476,0.633,0.4814,0.4814,0.4788
84,Moramo Utara,Konawe Selatan,2040,34583.37,7177.32,8.37,907.83,7870.05,10.35,34.92,503.73,102.87,51.89,33.08,118100.47,5.01,3.2,11410.67,113765.23,96325.02,208707408.0,14.46,12.24,26519.2,208825508.47,15904888.0,192920620.47,13.1296,17034.25,97.07,-83.7,-89.0,1714.77,27.86,-249.67,-82.79,-159.17,-82.79,-568219.91,-82.79,1.8,56.07,1.16,56.86,4113.27,56.37,-4046.82,-3.43,-3426.46,-3.43,-7424144.0,-3.44,-4.68,-24.45,-3.97,-24.49,-8594.0,-24.48,-7992363.91,-3.69,7834049.0,97.07,-1.7077,-1.3477,-0.0023,-0.0017,-23.2103,-20.8121,0.5201,0.4943,0.399,0.399,0.7573
85,Buke,Konawe Selatan,2040,20247.3,598.77,21.51,1692.45,11901.24,0.0,0.0,914.22,0.0,0.0,0.0,0.0,0.0,0.0,0.0,186778.73,158145.56,342653984.0,15.69,13.29,28791.45,342653984.0,9311736.0,333342248.0,36.7981,7710.01,61.5,0.0,0.0,1108.17,10.27,0.0,0.0,0.0,0.0,0.0,0.0,0.0,0.0,0.0,0.0,0.0,0.0,-19800.65,-9.59,-16765.21,-9.59,-36325184.0,-9.59,-3.45,-18.03,-2.92,-18.01,-6321.74,-18.0,-36325184.0,-9.59,3545837.0,61.5,0.0,-1.8918,0.0,-0.0019,0.0,-17.5876,0.0,0.5691,0.4777,0.4777,0.4594
86,Wolasi,Konawe Selatan,2040,17058.6,10255.68,13.95,584.55,4456.08,0.0,0.0,40.05,0.0,0.0,0.0,0.0,0.0,0.0,0.0,64826.69,54888.76,118927456.0,14.55,12.32,26688.81,118927456.0,7845250.0,111082206.0,15.1592,7001.33,69.61,-136.89,-100.0,1210.14,37.28,-438.93,-100.0,-279.82,-100.0,-998940.88,-100.0,-3.21,-100.0,-2.04,-100.0,-7297.4,-100.0,2699.4,4.34,2285.58,4.34,4952144.0,4.34,-4.59,-23.98,-3.89,-24.0,-8424.38,-23.99,3953203.12,3.44,3219909.5,69.61,0.0,-1.2949,0.0,-0.0016,0.0,-21.3669,0.0,0.4812,0.324,0.324,0.6806
87,Laeya,Konawe Selatan,2040,51783.39,8450.01,2398.68,1365.93,12285.63,689.13,143.91,1000.26,1234.98,2198.81,1401.74,5004215.5,3.19,2.03,7261.64,120579.16,102094.38,221207904.0,9.81,8.31,18005.42,226212119.5,23815180.0,202396939.5,9.4987,19380.27,59.81,-1621.26,-70.17,816.3,7.12,-5209.26,-70.32,-3320.9,-70.32,-11855620.5,-70.32,-0.02,-0.62,-0.01,-0.49,-35.76,-0.49,-98943.79,-45.07,-83775.76,-45.07,-181516928.0,-45.07,-9.33,-48.75,-7.9,-48.74,-17107.78,-48.72,-193372548.5,-46.09,8912989.0,59.81,-0.4026,-0.4556,0.006,-0.0031,-17.7962,-21.6547,0.3544,0.3864,0.4116,0.4116,0.7237
88,Baito,Konawe Selatan,2040,18428.95,7769.88,2.43,4030.2,6667.56,19.08,0.0,134.64,14.76,130.51,83.2,297033.12,6.84,4.36,15567.77,100039.14,84703.16,183526304.0,15.0,12.7,27525.26,183823337.12,8475471.0,175347866.12,21.6889,6758.11,57.91,-540.27,-96.59,1345.68,25.29,-1663.0,-92.72,-1060.16,-92.72,-3784766.63,-92.72,3.63,113.08,2.32,113.73,8270.37,113.33,-1821.63,-1.79,-1542.36,-1.79,-3341872.0,-1.79,-4.14,-21.63,-3.51,-21.65,-7587.93,-21.61,-7126638.63,-3.73,3108052.0,57.91,-1.5811,-1.5342,-0.0008,-0.004,-20.6419,-21.3084,0.5204,0.5294,0.3186,0.3186,0.5466
89,Basala,Konawe Selatan,2040,11160.29,33.84,0.0,82.44,6733.26,927.45,0.0,450.09,0.0,4225.36,2693.67,9616402.0,4.56,2.9,10368.65,85377.97,72289.54,156629696.0,12.68,10.74,23262.09,166246098.0,5132619.0,161113479.0,32.3901,2865.47,34.55,-708.21,-43.3,1357.02,25.24,-1019.24,-19.43,-649.77,-19.43,-2319660.0,-19.43,1.35,42.06,0.86,42.16,3071.25,42.09,-17523.27,-17.03,-14836.94,-17.03,-32147248.0,-17.03,-6.46,-33.75,-5.47,-33.74,-11851.1,-33.75,-34466908.0,-17.17,1317833.75,34.55,-1.7679,-2.0062,0.0016,-0.0012,-2.6001,-5.301,0.5636,0.6018,0.5782,0.5782,0.3321
90,Ranomeeto Barat,Konawe Selatan,2040,11443.23,0.0,1996.65,4255.38,19.71,0.0,0.0,252.81,34.2,0.0,0.0,0.0,0.0,0.0,0.0,306.37,259.4,562050.0,15.54,13.16,28515.98,562050.0,5262743.5,-4700693.5,0.1068,3619.42,46.26,-457.92,-100.0,-123.12,-86.2,-1468.28,-100.0,-936.03,-100.0,-3341624.75,-100.0,-3.21,-100.0,-2.04,-100.0,-7297.4,-100.0,-2427.4,-88.79,-2055.28,-88.79,-4453167.0,-88.79,-3.6,-18.81,-3.05,-18.82,-6597.21,-18.79,-7794791.75,-93.27,1664573.75,46.26,0.0,-2.4666,0.0,-0.0056,0.0,-40.5022,0.0,0.5722,0.5644,0.5644,0.7939
91,Kolono Timur,Konawe Selatan,2040,12479.6,7299.09,0.0,2514.42,1830.87,0.0,0.27,274.5,27.36,0.0,0.0,0.0,0.0,0.0,0.0,20494.28,17352.51,37597676.0,11.19,9.48,20535.42,37597676.0,5739371.0,31858305.0,6.5508,3771.48,43.31,0.0,0.0,-246.69,-11.87,0.0,0.0,0.0,0.0,0.0,0.0,0.0,0.0,0.0,0.0,0.0,0.0,-19270.22,-48.46,-16316.09,-48.46,-35352092.0,-48.46,-7.95,-41.54,-6.73,-41.52,-14577.77,-41.52,-35352092.0,-48.46,1734505.0,43.31,0.0,-0.2076,0.0,-0.0034,0.0,-18.6448,0.0,0.3414,0.321,0.321,0.5194
92,Sabulakoa,Konawe Selatan,2040,10369.98,0.0,2137.32,1359.36,1121.85,3.33,0.0,515.61,119.43,25.27,16.11,57514.07,7.59,4.84,17271.49,17437.92,14764.69,31990654.0,15.54,13.16,28515.98,32048168.07,4769151.5,27279016.57,6.7199,4381.02,73.15,-831.42,-99.6,-270.18,-19.41,-2651.28,-99.06,-1690.19,-99.06,-6033988.93,-99.06,4.38,136.45,2.8,137.25,9974.09,136.68,-9205.53,-34.55,-7794.32,-34.55,-16887962.0,-34.55,-3.6,-18.81,-3.05,-18.82,-6597.21,-18.79,-22921950.93,-41.7,2014830.25,73.15,-2.7433,-2.6985,-0.0036,-0.0032,-29.6068,-29.4948,0.62,0.6219,0.5523,0.5523,0.616
93,Andoolo Barat,Konawe Selatan,2040,11487.3,0.0,288.72,1143.9,5248.89,0.0,0.0,560.7,0.0,0.0,0.0,0.0,0.0,0.0,0.0,73059.24,61859.26,134030456.0,13.92,11.79,25535.01,134030456.0,5283009.0,128747447.0,25.3701,3925.44,51.91,0.0,0.0,795.06,17.85,0.0,0.0,0.0,0.0,0.0,0.0,0.0,0.0,0.0,0.0,0.0,0.0,-12187.06,-14.3,-10318.79,-14.3,-22357720.0,-14.3,-5.22,-27.27,-4.42,-27.27,-9578.18,-27.28,-22357720.0,-14.3,1805309.0,51.91,0.0,-1.6861,0.0,0.0003,0.0,-9.3148,0.0,0.5474,0.5421,0.5421,0.449
94,Poleang,Bombana,2040,21073.32,1876.95,263.16,402.66,6642.0,0.0,13.14,414.99,129.15,0.0,0.0,0.0,0.0,0.0,0.0,33236.91,28141.69,60974608.0,5.0,4.24,9180.16,60974608.0,9691621.0,51282987.0,6.2915,10508.8,99.47,0.0,0.0,128.97,1.98,0.0,0.0,0.0,0.0,0.0,0.0,0.0,0.0,0.0,0.0,0.0,0.0,-20169.94,-37.77,-17077.88,-37.77,-37002664.0,-37.77,-3.2,-39.02,-2.7,-38.9,-5863.11,-38.97,-37002664.0,-37.77,4833000.5,99.47,0.0,-0.151,0.0,0.0033,0.0,-6.0328,0.0,0.3624,0.505,0.505,0.5125
95,Poleang Timur,Bombana,2040,28625.8,2649.87,260.91,1913.22,2432.43,1030.32,0.81,657.0,1106.37,7339.46,4678.9,16703693.0,7.12,4.54,16212.14,13502.59,11432.64,24771100.0,5.55,4.7,10183.68,41474793.0,13165004.0,28309789.0,3.1504,14530.12,103.08,-1090.89,-51.43,1881.63,341.62,-1822.36,-19.89,-1161.76,-19.89,-4147463.0,-19.89,2.8,64.81,1.79,65.09,6382.3,64.93,8986.03,198.96,7608.47,198.96,16485267.5,198.96,-2.65,-32.32,-2.24,-32.28,-4859.59,-32.3,12337804.5,42.34,6682399.0,103.08,0.0065,-0.3919,0.0059,0.0007,5.4601,0.7073,0.3756,0.2739,0.4621,0.4621,0.7506
96,Rarowatu,Bombana,2040,29008.62,7688.97,1053.63,10233.9,1442.88,8.19,583.56,314.01,0.0,46.67,29.75,106221.94,5.7,3.63,12969.71,6326.33,5356.51,11605946.0,4.38,3.71,8043.6,11712167.94,13341065.0,-1628897.06,0.8779,13082.73,82.15,-150.21,-94.83,425.7,41.85,-637.48,-93.18,-406.4,-93.18,-1450824.68,-93.18,1.38,31.94,0.88,32.0,3139.87,31.94,-2014.55,-24.15,-1705.71,-24.15,-3695766.0,-24.15,-3.82,-46.59,-3.23,-46.54,-6999.67,-46.53,-5146590.68,-30.53,6016745.0,82.15,-0.1604,-0.21,0.0057,0.0016,6.4368,3.0836,0.3591,0.3869,0.4675,0.4675,0.648
97,Rumbia,Bombana,2040,14892.58,926.19,318.42,546.12,1419.84,51.39,2.88,403.74,317.88,292.86,186.7,666513.5,5.7,3.63,12969.71,6162.42,5217.72,11305231.0,4.34,3.67,7962.33,11971744.5,6849099.5,5122645.0,1.7479,6394.62,75.25,-871.65,-94.43,924.48,186.63,-3693.89,-92.65,-2354.85,-92.65,-8406822.5,-92.65,1.38,31.94,0.88,32.0,3139.87,31.94,2100.47,51.71,1778.47,51.71,3853397.5,51.71,-3.86,-47.07,-3.27,-47.12,-7080.94,-47.07,-4553425.0,-27.55,2940887.5,75.25,-0.1389,-0.2975,-0.0039,0.0039,1.2288,-0.9996,0.3301,0.4454,0.5051,0.5051,0.798
98,Kabaena,Bombana,2040,7804.14,2809.44,18.81,6573.96,419.04,0.0,196.2,83.25,0.9,0.0,0.0,0.0,0.0,0.0,0.0,2120.71,1795.61,3890538.0,5.06,4.29,9284.41,3890538.0,3589125.0,301413.0,1.084,3005.79,62.64,0.0,0.0,419.04,0.0,0.0,0.0,0.0,0.0,0.0,0.0,0.0,0.0,0.0,0.0,0.0,0.0,2120.71,0.0,1795.61,0.0,3890538.0,0.0,5.06,0.0,4.29,0.0,9284.41,0.0,3890538.0,0.0,1382365.5,62.64,0.0,0.0,0.0,0.0,0.0,0.0,0.0,0.0,0.4383,0.4383,0.6861
99,Kabaena Timur,Bombana,2040,18793.78,6826.14,57.96,2699.19,1838.61,0.0,145.44,320.76,72.0,0.0,0.0,0.0,0.0,0.0,0.0,6529.07,5528.16,11977865.0,3.55,3.01,6514.63,11977865.0,8643259.0,3334606.0,1.3858,8145.2,76.49,0.0,0.0,-16.65,-0.9,0.0,0.0,0.0,0.0,0.0,0.0,0.0,0.0,0.0,0.0,0.0,0.0,-8684.06,-57.08,-7352.8,-57.08,-15931307.0,-57.08,-4.65,-56.71,-3.93,-56.63,-8528.64,-56.69,-15931307.0,-57.08,3745978.0,76.49,0.0,-0.3443,0.0,-0.0078,0.0,-19.7364,0.0,0.3818,0.3095,0.3095,0.6753
100,Poleang Barat,Bombana,2040,42499.06,3441.42,1921.05,5623.02,18782.64,0.0,108.18,387.99,311.58,0.0,0.0,0.0,0.0,0.0,0.0,97551.64,82596.96,178962864.0,5.19,4.4,9528.1,178962864.0,19545316.0,159417548.0,9.1563,22798.69,115.73,0.0,0.0,-561.24,-2.9,0.0,0.0,0.0,0.0,0.0,0.0,0.0,0.0,0.0,0.0,0.0,0.0,-61068.17,-38.5,-51706.45,-38.5,-112032336.0,-38.5,-3.01,-36.71,-2.54,-36.6,-5515.17,-36.66,-112032336.0,-38.5,10485115.0,115.73,0.0,-0.4877,0.0,0.0042,0.0,-5.8238,0.0,0.4042,0.405,0.405,0.3978
101,Mata Oleo,Bombana,2040,17979.46,3034.17,39.51,5360.04,2155.32,2.43,58.59,248.85,95.58,17.31,11.04,39395.5,7.12,4.54,16212.14,11055.39,9360.6,20281608.0,5.13,4.34,9410.02,20321003.5,8268755.0,12052248.5,2.4576,9736.45,118.12,-615.15,-99.61,1145.88,113.52,-2650.11,-99.35,-1689.44,-99.35,-6031317.5,-99.35,2.8,64.81,1.79,65.09,6382.3,64.93,2777.98,33.56,2352.12,33.56,5096329.0,33.56,-3.07,-37.44,-2.6,-37.46,-5633.25,-37.45,-934988.5,-4.4,4477794.0,118.12,0.0527,0.0756,0.0018,0.0001,-0.4732,0.5311,0.2872,0.3378,0.5338,0.5338,0.5819
102,Rarowatu Utara,Bombana,2040,44026.2,1576.17,1087.38,9301.95,5154.84,297.81,2511.99,475.74,1553.67,1273.89,812.11,2899217.0,4.28,2.73,9735.12,24098.54,20404.23,44209848.0,4.67,3.96,8576.38,47109065.0,20247650.0,26861415.0,2.3266,22412.07,103.69,-1859.31,-86.19,1533.6,42.35,-8043.03,-86.33,-5127.43,-86.33,-18304931.0,-86.33,-0.04,-0.93,-0.02,-0.73,-94.72,-0.96,-5595.63,-18.84,-4737.82,-18.84,-10265432.0,-18.84,-3.53,-43.05,-2.98,-42.94,-6466.89,-42.99,-28570363.0,-37.75,10307314.0,103.69,-0.5041,-1.1276,-0.0033,-0.0087,1.3976,-4.4627,0.4485,0.4649,0.3948,0.3948,0.5044
103,Poleang Utara,Bombana,2040,44502.98,3009.78,553.23,10227.06,7662.87,745.47,0.72,509.85,0.0,5642.43,3597.05,12841473.0,7.57,4.83,17226.01,42339.95,35849.24,77674544.0,5.53,4.68,10136.48,90516017.0,20466918.0,70049099.0,4.4226,22383.2,101.19,-1138.95,-60.44,688.95,9.88,-2496.66,-30.67,-1591.62,-30.67,-5682073.0,-30.67,3.25,75.23,2.08,75.64,7396.17,75.24,-14846.19,-25.96,-12570.27,-25.96,-27236008.0,-25.96,-2.67,-32.56,-2.26,-32.56,-4906.79,-32.62,-32918081.0,-26.67,10294033.0,101.19,-0.134,-0.1737,0.0046,0.0042,4.8382,5.0716,0.3683,0.3884,0.4661,0.4661,0.7056
104,Poleang Selatan,Bombana,2040,25175.46,149.94,86.22,774.99,3999.51,0.18,2235.42,307.53,598.59,1.28,0.82,2918.19,7.12,4.54,16212.14,21430.68,18145.36,39315540.0,5.36,4.54,9830.09,39318458.19,11578193.0,27740265.19,3.3959,13632.53,118.1,-423.9,-99.96,-657.09,-14.11,-1830.38,-99.93,-1166.87,-99.93,-4165720.56,-99.93,2.8,64.81,1.79,65.09,6382.3,64.93,-16753.44,-43.88,-14185.13,-43.88,-30734940.0,-43.88,-2.84,-34.63,-2.4,-34.58,-5213.18,-34.65,-34900660.56,-47.02,6269599.5,118.1,0.1518,0.016,0.0027,0.0053,-1.252,0.9764,0.4731,0.3331,0.5753,0.5753,0.7922
105,Poleang Tenggara,Bombana,2040,12056.87,6365.43,0.63,3459.15,2260.89,0.0,0.0,199.8,315.9,0.0,0.0,0.0,0.0,0.0,0.0,11596.9,9819.09,21275026.0,5.13,4.34,9410.02,21275026.0,5544953.0,15730073.0,3.8368,6381.77,112.45,-398.52,-100.0,2021.58,844.75,-1721.27,-100.0,-1097.31,-100.0,-3917388.0,-100.0,-4.32,-100.0,-2.75,-100.0,-9829.84,-100.0,9634.56,490.97,8157.58,490.97,17675021.25,490.97,-3.07,-37.44,-2.6,-37.46,-5633.25,-37.45,13757633.25,183.01,2934972.75,112.45,0.0,0.0915,0.0,0.0025,0.0,1.9533,0.0,0.3198,0.3486,0.3486,0.6012
106,Kabaena Selatan,Bombana,2040,12746.83,6245.82,5.76,4002.93,258.48,0.0,1159.65,317.88,1.08,0.0,0.0,0.0,0.0,0.0,0.0,1325.27,1122.1,2431260.0,5.13,4.34,9405.99,2431260.0,5862267.0,-3431007.0,0.4147,6755.94,112.77,0.0,0.0,246.87,2126.36,0.0,0.0,0.0,0.0,0.0,0.0,0.0,0.0,0.0,0.0,0.0,0.0,1230.07,1292.09,1041.49,1292.01,2256607.66,1292.06,-3.07,-37.44,-2.6,-37.46,-5637.28,-37.47,2256607.66,1292.06,3107055.25,112.77,0.0,-0.1347,0.0,0.0108,0.0,-33.3222,0.0,0.1658,0.3446,0.3446,0.5721
107,Kabaena Barat,Bombana,2040,6987.77,1487.7,5.04,2401.56,724.14,0.0,31.95,235.26,90.99,0.0,0.0,0.0,0.0,0.0,0.0,3649.45,3089.99,6695086.5,5.04,4.27,9245.57,6695086.5,3213674.5,3481412.0,2.0833,3698.69,112.45,0.0,0.0,-163.26,-18.4,0.0,0.0,0.0,0.0,0.0,0.0,0.0,0.0,0.0,0.0,0.0,0.0,-3627.23,-49.85,-3071.17,-49.85,-6654309.5,-49.85,-3.16,-38.54,-2.67,-38.47,-5797.7,-38.54,-6654309.5,-49.85,1701028.88,112.45,0.0,-0.0595,0.0,-0.004,0.0,-27.6727,0.0,0.3182,0.5248,0.5248,0.5377
108,Kabaena Utara,Bombana,2040,12657.96,3195.27,340.83,3814.56,4372.02,9.72,0.0,758.97,49.95,55.39,35.31,126065.6,5.7,3.63,12969.71,18781.92,15902.65,34456276.0,4.3,3.64,7881.09,34582341.6,5821392.0,28760949.6,5.9406,6240.85,97.25,-124.29,-92.75,1455.66,49.91,-523.42,-90.43,-333.68,-90.43,-1191231.28,-90.43,1.38,31.94,0.88,32.0,3139.87,31.94,-5132.23,-21.46,-4345.46,-21.46,-9415316.0,-21.46,-3.9,-47.56,-3.3,-47.55,-7162.18,-47.61,-10606547.28,-23.47,2870165.0,97.25,-0.0084,-0.1547,-0.0025,-0.0074,-27.1001,-22.9235,0.3354,0.2476,0.5074,0.5074,0.5599
109,Kabaena Tengah,Bombana,2040,22120.52,17806.59,222.57,7764.39,1830.06,0.0,678.96,542.79,0.0,0.0,0.0,0.0,0.0,0.0,0.0,6601.9,5589.83,12111480.0,3.61,3.05,6618.08,12111480.0,10173227.0,1938253.0,1.1905,8583.78,63.41,0.0,0.0,315.54,20.83,0.0,0.0,0.0,0.0,0.0,0.0,0.0,0.0,0.0,0.0,0.0,0.0,-5817.16,-46.84,-4925.39,-46.84,-10671850.0,-46.84,-4.59,-55.98,-3.89,-56.05,-8425.19,-56.01,-10671850.0,-46.84,3947679.0,63.41,0.0,-0.3007,0.0,-0.0097,0.0,-18.6361,0.0,0.385,0.3265,0.3265,0.7047
110,Kep. Masaloka Raya,Bombana,2040,267.77,13.23,0.0,66.69,141.03,0.0,0.0,59.4,0.0,0.0,0.0,0.0,0.0,0.0,0.0,723.39,612.5,1327095.38,5.13,4.34,9410.02,1327095.38,123146.66,1203948.71,10.7765,141.09,111.38,0.0,0.0,141.03,0.0,0.0,0.0,0.0,0.0,0.0,0.0,0.0,0.0,0.0,0.0,0.0,0.0,723.39,0.0,612.5,0.0,1327095.38,0.0,5.13,0.0,4.34,0.0,9410.02,0.0,1327095.38,0.0,64885.96,111.37,0.0,0.0,0.0,0.0,0.0,0.0,0.0,0.0,0.7187,0.7187,0.5155
111,Rumbia Tengah,Bombana,2040,8983.1,625.5,0.0,730.44,695.07,0.0,0.0,219.51,71.46,0.0,0.0,0.0,0.0,0.0,0.0,3398.92,2877.87,6235478.5,4.89,4.14,8971.01,6235478.5,4131328.25,2104150.25,1.5093,4103.89,84.11,-117.54,-100.0,210.96,43.58,-507.67,-100.0,-323.64,-100.0,-1155399.38,-100.0,-4.32,-100.0,-2.75,-100.0,-9829.84,-100.0,-570.78,-14.38,-483.28,-14.38,-1047118.5,-14.38,-3.31,-40.37,-2.8,-40.35,-6072.26,-40.37,-2202517.88,-26.1,1887381.75,84.11,0.0,-0.0795,0.0,-0.0008,0.0,-1.1765,0.0,0.3489,0.6153,0.6153,0.8037
112,Poleang Tengah,Bombana,2040,10472.56,7.83,381.51,15.75,2525.22,0.0,2.25,154.8,240.84,0.0,0.0,0.0,0.0,0.0,0.0,13899.81,11768.97,25499832.0,5.5,4.66,10098.06,25499832.0,4816332.0,20683500.0,5.2945,5522.42,111.56,-84.69,-100.0,-351.18,-12.21,-365.79,-100.0,-233.19,-100.0,-832489.12,-100.0,-4.32,-100.0,-2.75,-100.0,-9829.84,-100.0,-9686.67,-41.07,-8201.7,-41.07,-17770624.0,-41.07,-2.7,-32.93,-2.28,-32.85,-4945.21,-32.87,-18603113.12,-42.18,2539762.5,111.56,0.0,-0.1393,0.0,0.0034,0.0,-1.4658,0.0,0.3728,0.6297,0.6297,0.6177
113,Tontonunu,Bombana,2040,21226.18,6462.72,913.23,2084.85,6758.46,0.0,0.0,71.1,44.82,0.0,0.0,0.0,0.0,0.0,0.0,37273.46,31559.45,68379856.0,5.52,4.67,10117.67,68379856.0,9761920.0,58617936.0,7.0048,10996.72,107.5,-196.47,-100.0,455.58,7.23,-848.58,-100.0,-540.97,-100.0,-1931268.75,-100.0,-4.32,-100.0,-2.75,-100.0,-9829.84,-100.0,-14410.16,-27.88,-12201.07,-27.88,-26436072.0,-27.88,-2.68,-32.68,-2.27,-32.71,-4925.6,-32.74,-28367340.75,-29.32,5057391.5,107.5,0.0,-0.166,0.0,0.0037,0.0,4.3687,0.0,0.3651,0.406,0.406,0.5309
114,Lantari Jaya,Bombana,2040,44127.66,7814.52,1380.96,20207.97,3402.72,2671.92,0.0,588.42,2795.31,15197.07,9688.13,34586624.0,5.69,3.63,12944.48,14547.03,12316.97,26687188.0,4.28,3.62,7842.9,61273812.0,20294312.0,40979500.0,3.0193,20499.57,86.76,-3707.1,-58.11,557.73,19.6,-12354.86,-44.84,-7876.22,-44.84,-28118116.0,-44.84,1.37,31.71,0.88,32.0,3114.64,31.69,-8781.89,-37.64,-7435.63,-37.64,-16110756.0,-37.64,-3.92,-47.8,-3.32,-47.84,-7200.37,-47.86,-44228872.0,-41.92,9427752.0,86.76,-0.6532,-1.2591,0.0031,-0.0084,4.1754,-3.1263,0.5046,0.498,0.3289,0.3289,0.3798
115,Mata Usu,Bombana,2040,13132.28,20951.46,24.21,9511.83,5084.28,0.0,0.0,0.0,0.0,0.0,0.0,0.0,0.0,0.0,0.0,32266.86,27320.35,59194996.0,6.35,5.37,11642.75,59194996.0,6039535.0,53155461.0,9.8013,5038.03,62.24,0.0,0.0,-932.31,-15.5,0.0,0.0,0.0,0.0,0.0,0.0,0.0,0.0,0.0,0.0,0.0,0.0,-17069.18,-34.6,-14452.48,-34.6,-31314196.0,-34.6,-1.85,-22.56,-1.57,-22.62,-3400.52,-22.6,-31314196.0,-34.6,2316991.25,62.24,0.0,-1.1283,0.0,0.0055,0.0,7.9323,0.0,0.4844,0.1935,0.1935,0.3269
116,Wangi-Wangi,Wakatobi,2040,11155.0,398.79,0.0,3032.01,2172.78,0.0,0.0,1181.34,0.0,0.0,0.0,0.0,0.0,0.0,0.0,59104.54,50043.81,108429920.0,27.2,23.03,49903.77,108429920.0,5130182.5,103299737.5,21.1357,-6208.89,-35.76,0.0,0.0,-237.6,-9.86,0.0,0.0,0.0,0.0,0.0,0.0,0.0,0.0,0.0,0.0,0.0,0.0,9836.37,19.96,8328.45,19.96,18045264.0,19.96,6.76,33.07,5.72,33.04,12405.68,33.08,18045264.0,19.96,-2855470.5,-35.76,0.0,-0.199,0.0,-0.0018,0.0,-34.1669,0.0,0.3428,0.6567,0.6567,0.4492
117,Kaledupa,Wakatobi,2040,6996.74,291.6,0.0,239.49,2649.33,0.0,0.0,264.24,3.06,0.0,0.0,0.0,0.0,0.0,0.0,72067.77,61019.8,132211552.0,27.2,23.03,49903.77,132211552.0,3217800.25,128993751.75,41.0876,1099.11,18.64,0.0,0.0,88.38,3.45,0.0,0.0,0.0,0.0,0.0,0.0,0.0,0.0,0.0,0.0,0.0,0.0,19721.95,37.68,16698.6,37.68,36180808.0,37.68,6.76,33.07,5.72,33.04,12405.68,33.08,36180808.0,37.68,505478.75,18.64,0.0,0.3283,0.0,-0.0003,0.0,-43.4947,0.0,0.2547,0.5732,0.5732,0.2214
118,Tomia,Wakatobi,2040,6263.05,8.73,0.0,450.81,2078.46,0.0,0.0,432.99,0.0,0.0,0.0,0.0,0.0,0.0,0.0,56538.81,47871.42,103722968.0,27.2,23.03,49903.76,103722968.0,2880377.5,100842590.5,36.0102,983.85,18.64,0.0,0.0,268.56,14.84,0.0,0.0,0.0,0.0,0.0,0.0,0.0,0.0,0.0,0.0,0.0,0.0,19544.45,52.83,16548.3,52.83,35855168.0,52.83,6.76,33.07,5.72,33.04,12405.67,33.08,35855168.0,52.83,452474.0,18.64,0.0,0.5701,0.0,-0.0,0.0,-47.9679,0.0,0.1751,0.4812,0.4812,0.6351
119,Binongko,Wakatobi,2040,10591.11,281.34,0.0,4527.99,932.22,0.0,0.0,513.36,37.08,0.0,0.0,0.0,0.0,0.0,0.0,25358.49,21471.04,46521284.0,27.2,23.03,49903.76,46521284.0,4870848.5,41650435.5,9.551,1800.35,20.48,0.0,0.0,-441.9,-32.16,0.0,0.0,0.0,0.0,0.0,0.0,0.0,0.0,0.0,0.0,0.0,0.0,-2728.53,-9.71,-2310.22,-9.71,-5005600.0,-9.71,6.76,33.07,5.72,33.04,12405.66,33.08,-5005600.0,-9.71,827980.25,20.48,0.0,0.3566,0.0,0.0,0.0,-60.0951,0.0,0.2285,0.4819,0.4819,0.3161
120,Wangi Wangi Selatan,Wakatobi,2040,16349.68,74.61,0.0,5839.29,5057.28,0.0,0.0,1179.09,1.71,0.0,0.0,0.0,0.0,0.0,0.0,137569.44,116480.06,252377328.0,27.2,23.03,49903.77,252377328.0,7519220.0,244858108.0,33.5643,-6313.53,-27.86,0.0,0.0,-273.51,-5.13,0.0,0.0,0.0,0.0,0.0,0.0,0.0,0.0,0.0,0.0,0.0,0.0,28608.1,26.26,24222.48,26.26,52482832.0,26.26,6.76,33.07,5.72,33.04,12405.67,33.08,52482832.0,26.26,-2903592.0,-27.86,0.0,-0.0802,0.0,-0.0011,0.0,-36.5355,0.0,0.3241,0.5064,0.5064,0.2976
121,Kaledupa Selatan,Wakatobi,2040,10836.93,1832.76,0.0,341.55,2995.83,0.0,0.0,295.02,1.44,0.0,0.0,0.0,0.0,0.0,0.0,81493.36,69000.43,149503216.0,27.2,23.03,49903.77,149503216.0,4983906.0,144519310.0,29.9972,2281.63,26.67,0.0,0.0,677.88,29.24,0.0,0.0,0.0,0.0,0.0,0.0,0.0,0.0,0.0,0.0,0.0,0.0,34114.47,72.0,28884.72,72.0,62584496.0,72.0,6.76,33.07,5.72,33.04,12405.67,33.08,62584496.0,72.0,1049323.25,26.67,0.0,0.3973,0.0,-0.0,0.0,-46.7284,0.0,0.2427,0.3894,0.3894,0.269
122,Tomia Timur,Wakatobi,2040,7453.02,711.18,0.0,1069.92,1964.07,0.0,0.0,350.37,0.0,0.0,0.0,0.0,0.0,0.0,0.0,53427.15,45236.78,98014504.0,27.2,23.03,49903.77,98014504.0,3427646.0,94586858.0,28.5953,244.59,3.39,0.0,0.0,82.89,4.41,0.0,0.0,0.0,0.0,0.0,0.0,0.0,0.0,0.0,0.0,0.0,0.0,14975.83,38.95,12680.05,38.95,27473856.0,38.95,6.76,33.07,5.72,33.04,12405.68,33.08,27473856.0,38.95,112488.25,3.39,0.0,0.3925,0.0,-0.0,0.0,-54.8273,0.0,0.231,0.4955,0.4955,0.777
123,Togo Binongko,Wakatobi,2040,5682.41,0.0,0.0,3232.35,353.7,0.0,0.0,244.71,0.0,0.0,0.0,0.0,0.0,0.0,0.0,9621.44,8146.47,17650964.0,27.2,23.03,49903.77,17650964.0,2613338.5,15037625.5,6.7542,705.9,14.18,0.0,0.0,-345.06,-49.38,0.0,0.0,0.0,0.0,0.0,0.0,0.0,0.0,0.0,0.0,0.0,0.0,-4661.21,-32.64,-3946.65,-32.64,-8551208.0,-32.64,6.76,33.07,5.72,33.04,12405.67,33.08,-8551208.0,-32.64,324644.0,14.18,0.0,0.35,0.0,0.0,0.0,-61.5359,0.0,0.2292,0.4624,0.4624,0.2589
124,Lasusua,Kolaka Utara,2040,43868.83,13264.56,169.47,2227.41,7824.24,0.0,2186.46,1171.62,105.03,0.0,0.0,0.0,0.0,0.0,0.0,45693.52,38688.71,83826848.0,5.84,4.94,10713.74,83826848.0,20175272.0,63651576.0,4.1549,21859.61,99.32,0.0,0.0,-276.21,-3.41,0.0,0.0,0.0,0.0,0.0,0.0,0.0,0.0,0.0,0.0,0.0,0.0,-27939.56,-37.94,-23656.42,-37.94,-51256368.0,-37.94,-3.25,-35.75,-2.76,-35.84,-5962.27,-35.75,-51256368.0,-37.94,10053230.0,99.32,0.0,0.391,0.0,0.0006,0.0,112.7022,0.0,0.2661,0.2626,0.2626,0.3663
125,Pakue,Kolaka Utara,2040,27594.95,7958.43,1158.03,25.83,4560.48,0.0,27.72,212.85,1129.77,0.0,0.0,0.0,0.0,0.0,0.0,26633.6,22550.67,48860528.0,5.84,4.94,10713.9,48860528.0,12690917.0,36169611.0,3.85,13606.61,97.27,0.0,0.0,72.81,1.62,0.0,0.0,0.0,0.0,0.0,0.0,0.0,0.0,0.0,0.0,0.0,0.0,-14159.32,-34.71,-11988.7,-34.71,-25975920.0,-34.71,-3.25,-35.75,-2.76,-35.84,-5962.11,-35.75,-25975920.0,-34.71,6257679.5,97.27,0.0,0.1841,0.0,0.0007,0.0,-9.5957,0.0,0.279,0.2939,0.2939,0.1091
126,Batu Putih,Kolaka Utara,2040,38523.33,14198.58,185.49,388.08,6279.03,22.77,1850.85,193.14,548.19,129.03,82.26,293651.34,5.67,3.61,12896.41,35504.52,30061.68,65134652.0,5.65,4.79,10373.36,65428303.34,17716876.0,47711427.34,3.693,17466.36,82.95,-76.86,-77.15,578.61,10.15,-307.89,-70.47,-196.28,-70.47,-700720.41,-70.47,1.28,29.16,0.81,28.93,2915.76,29.21,-16312.3,-31.48,-13811.62,-31.48,-29925628.0,-31.48,-3.44,-37.84,-2.91,-37.79,-6302.65,-37.79,-30626348.41,-31.88,8032776.0,82.95,0.1427,0.0849,0.001,0.0009,-6.6311,-5.7578,0.2562,0.2063,0.2642,0.2642,0.0703
127,Rante Angin,Kolaka Utara,2040,17754.64,4558.59,158.4,77.31,2564.01,51.12,97.56,435.06,396.18,289.68,184.67,659264.75,5.67,3.61,12896.42,14257.31,12071.67,26155676.0,5.56,4.71,10201.08,26814940.75,8165358.0,18649582.75,3.284,7735.02,77.2,-154.44,-75.13,-479.52,-15.76,-611.78,-67.87,-390.01,-67.87,-1392356.75,-67.87,1.28,29.16,0.81,28.93,2915.77,29.21,-13408.38,-48.47,-11352.87,-48.47,-24598276.0,-48.47,-3.53,-38.83,-2.99,-38.83,-6474.94,-38.83,-25990632.75,-49.22,3557332.5,77.2,0.427,0.3673,0.0004,0.0004,69.3529,73.9391,0.2742,0.2804,0.2823,0.2823,0.3864
128,Kodeoha,Kolaka Utara,2040,22116.29,6300.36,590.85,3694.14,1297.89,0.18,1655.64,168.57,22.32,1.02,0.65,2321.35,5.67,3.61,12896.42,7579.79,6417.81,13905464.0,5.84,4.94,10713.9,13907785.35,10171279.0,3736506.35,1.3674,10506.83,90.5,-60.03,-99.7,-10.17,-0.78,-263.03,-99.61,-167.68,-99.61,-598613.34,-99.61,1.28,29.16,0.81,28.93,2915.77,29.21,-4310.48,-36.25,-3649.68,-36.25,-7907762.0,-36.25,-3.25,-35.75,-2.76,-35.84,-5962.11,-35.75,-8506375.34,-37.95,4832090.5,90.5,0.342,0.2383,0.0003,0.0008,56.0224,81.5268,0.2463,0.3181,0.2456,0.2456,0.194
129,Ngapa,Kolaka Utara,2040,36872.21,3107.7,3441.78,5493.69,10017.45,0.0,0.0,229.77,3.96,0.0,0.0,0.0,0.0,0.0,0.0,58502.77,49534.29,107325976.0,5.84,4.94,10713.9,107325976.0,16957526.0,90368450.0,6.3291,17337.15,88.75,0.0,0.0,860.04,9.39,0.0,0.0,0.0,0.0,0.0,0.0,0.0,0.0,0.0,0.0,0.0,0.0,-24738.09,-29.72,-20945.74,-29.72,-45383096.0,-29.72,-3.25,-35.75,-2.76,-35.84,-5962.11,-35.75,-45383096.0,-29.72,7973354.0,88.75,0.0,0.2159,0.0,0.0012,0.0,60.92,0.0,0.4435,0.2412,0.2412,0.15
130,Wawo,Kolaka Utara,2040,26434.98,21936.96,121.77,717.75,3334.41,1.53,9.18,348.57,55.17,8.67,5.53,19731.52,5.67,3.61,12896.42,18406.88,15585.11,33768260.0,5.52,4.67,10127.21,33787991.52,12157443.0,21630548.52,2.7792,13402.7,102.84,-73.44,-97.96,-866.16,-20.62,-320.1,-97.36,-204.06,-97.36,-728517.48,-97.36,1.28,29.16,0.81,28.93,2915.77,29.21,-19776.3,-51.79,-16744.59,-51.79,-36280484.0,-51.79,-3.57,-39.27,-3.03,-39.35,-6548.8,-39.27,-37009001.48,-52.27,6163895.5,102.84,0.4488,0.3439,0.0,0.0005,54.9354,68.1916,0.2388,0.3554,0.2062,0.2062,0.2649
131,Lambai,Kolaka Utara,2040,15396.92,6743.7,36.81,158.85,1736.91,0.0,1008.0,104.4,13.32,0.0,0.0,0.0,0.0,0.0,0.0,9493.35,8038.02,17415982.0,5.47,4.63,10026.99,17415982.0,7081043.5,10334938.5,2.4595,7358.48,91.54,0.0,0.0,-995.67,-36.44,0.0,0.0,0.0,0.0,0.0,0.0,0.0,0.0,0.0,0.0,0.0,0.0,-15345.8,-61.78,-12993.29,-61.78,-28152558.0,-61.78,-3.62,-39.82,-3.07,-39.87,-6649.02,-39.87,-28152558.0,-61.78,3384164.5,91.54,0.0,0.367,0.0,0.0002,0.0,85.8766,0.0,0.2231,0.2184,0.2184,0.3303
132,Watunohu,Kolaka Utara,2040,13917.57,45.99,1721.7,6.03,37.8,0.0,0.0,159.3,1370.7,0.0,0.0,0.0,0.0,0.0,0.0,220.76,186.91,404985.5,5.84,4.94,10713.9,404985.5,6400690.0,-5995704.5,0.0633,5875.14,73.05,0.0,0.0,-6.12,-13.93,0.0,0.0,0.0,0.0,0.0,0.0,0.0,0.0,0.0,0.0,0.0,0.0,-178.47,-44.7,-151.12,-44.71,-327425.0,-44.71,-3.25,-35.75,-2.76,-35.84,-5962.11,-35.75,-327425.0,-44.71,2701976.25,73.05,0.0,0.2485,0.0,0.0004,0.0,30.4753,0.0,0.2787,0.5456,0.5456,0.1223
133,Pakue Tengah,Kolaka Utara,2040,26147.19,11474.37,136.98,41.76,4862.07,0.0,0.0,320.85,619.11,0.0,0.0,0.0,0.0,0.0,0.0,28394.9,24041.96,52091736.0,5.84,4.94,10713.9,52091736.0,12025093.0,40066643.0,4.3319,13923.05,113.9,-144.63,-100.0,35.46,0.73,-634.26,-100.0,-404.34,-100.0,-1443500.88,-100.0,-4.39,-100.0,-2.8,-100.0,-9980.65,-100.0,-15478.98,-35.28,-13106.06,-35.28,-28396888.0,-35.28,-3.25,-35.75,-2.76,-35.84,-5962.12,-35.75,-29840388.88,-36.42,6403210.5,113.9,0.0,0.1406,0.0,0.0008,0.0,-6.4667,0.0,0.232,0.2499,0.2499,0.0895
134,Pakue Utara,Kolaka Utara,2040,25190.39,16596.45,368.37,0.0,4633.56,10.8,0.09,337.59,440.55,61.2,39.01,139281.28,5.67,3.61,12896.41,27060.39,22912.03,49643500.0,5.84,4.94,10713.9,49782781.28,11585059.0,38197722.28,4.2972,13310.87,112.05,-105.12,-90.68,-329.58,-6.64,-447.16,-87.96,-285.07,-87.96,-1017675.1,-87.96,1.28,29.16,0.81,28.93,2915.76,29.21,-18054.55,-40.02,-15286.77,-40.02,-33121892.0,-40.02,-3.25,-35.75,-2.76,-35.84,-5962.11,-35.75,-34139567.1,-40.68,6121671.0,112.05,0.1713,0.0766,0.0008,0.001,-9.2494,-1.9691,0.2622,0.1529,0.1583,0.1583,0.085
135,Porehu,Kolaka Utara,2040,36522.72,39936.42,161.64,1947.69,15074.55,0.0,0.0,41.94,18.18,0.0,0.0,0.0,0.0,0.0,0.0,79702.34,67483.98,146217504.0,5.29,4.48,9699.63,146217504.0,16796796.0,129420708.0,8.7051,16274.44,80.37,0.0,0.0,1942.38,14.79,0.0,0.0,0.0,0.0,0.0,0.0,0.0,0.0,0.0,0.0,0.0,0.0,-39669.06,-33.23,-33587.79,-33.23,-72774736.0,-33.23,-3.8,-41.8,-3.22,-41.82,-6976.38,-41.83,-72774736.0,-33.23,7484612.0,80.37,0.0,-0.2097,0.0,0.0027,0.0,-8.0422,0.0,0.3594,0.1666,0.1666,0.0608
136,Katoi,Kolaka Utara,2040,19503.79,8791.47,1.71,2171.43,406.17,0.0,2951.01,134.82,0.0,0.0,0.0,0.0,0.0,0.0,0.0,2372.07,2008.43,4351665.0,5.84,4.94,10713.9,4351665.0,8969793.0,-4618128.0,0.4851,10098.43,107.37,-19.98,-100.0,-565.83,-58.21,-87.62,-100.0,-55.86,-100.0,-199413.31,-100.0,-4.39,-100.0,-2.8,-100.0,-9980.65,-100.0,-6463.41,-73.15,-5472.57,-73.15,-11857419.0,-73.15,-3.25,-35.75,-2.76,-35.84,-5962.11,-35.75,-12056832.31,-73.48,4644268.5,107.37,0.0,0.4021,0.0,0.0,0.0,105.2322,0.0,0.2087,0.2127,0.2127,0.2459
137,Tiwu,Kolaka Utara,2040,8683.01,58.14,1007.73,818.19,1125.54,0.0,316.98,138.42,86.4,0.0,0.0,0.0,0.0,0.0,0.0,6573.25,5565.57,12058923.0,5.84,4.94,10713.9,12058923.0,3993315.0,8065608.0,3.0198,3526.07,68.38,0.0,0.0,817.56,265.46,0.0,0.0,0.0,0.0,0.0,0.0,0.0,0.0,0.0,0.0,0.0,0.0,3773.71,134.8,3195.2,134.8,6923044.5,134.8,-3.25,-35.75,-2.76,-35.84,-5962.11,-35.75,6923044.5,134.8,1621637.0,68.38,0.0,0.0499,0.0,-0.0003,0.0,43.8611,0.0,-0.1256,0.4103,0.4103,0.1583
138,Tolala,Kolaka Utara,2040,30710.01,20947.41,295.2,700.92,5043.15,0.0,1074.06,344.61,183.06,0.0,0.0,0.0,0.0,0.0,0.0,26637.27,22553.78,48867276.0,5.28,4.47,9689.83,48867276.0,14123532.0,34743744.0,3.46,13280.69,76.2,0.0,0.0,475.2,10.4,0.0,0.0,0.0,0.0,0.0,0.0,0.0,0.0,0.0,0.0,0.0,0.0,-14885.4,-35.85,-12603.45,-35.85,-27307916.0,-35.85,-3.81,-41.91,-3.23,-41.95,-6986.18,-41.89,-27307916.0,-35.85,6107790.0,76.2,0.0,-0.1753,0.0,0.0003,0.0,-15.8423,0.0,0.3622,0.3499,0.3499,0.0271
139,Asera,Konawe Utara,2040,20998.21,135311.49,2011.32,7876.89,3289.32,0.0,0.45,443.88,651.24,0.0,0.0,0.0,0.0,0.0,0.0,10455.23,8852.45,19180596.0,3.18,2.69,5831.17,19180596.0,9657075.0,9523521.0,1.9862,8639.29,69.9,0.0,0.0,-1463.49,-30.79,0.0,0.0,0.0,0.0,0.0,0.0,0.0,0.0,0.0,0.0,0.0,0.0,-8175.79,-43.88,-6922.43,-43.88,-14998832.0,-43.88,-0.74,-18.88,-0.63,-18.98,-1360.24,-18.91,-14998832.0,-43.88,3973216.0,69.9,0.0,-1.2412,0.0,-0.0014,0.0,-19.6777,0.0,0.3775,0.0676,0.0676,0.2336
140,Wiwirano,Konawe Utara,2040,7498.23,76633.2,12202.74,888.3,503.82,133.2,42.3,493.38,253.53,704.15,448.9,1602558.88,5.29,3.37,12031.22,1646.68,1394.25,3020913.25,3.27,2.77,5996.02,4623472.12,3448434.75,1175037.38,1.3407,1489.97,24.8,-625.05,-82.43,-1133.55,-69.23,-1868.89,-72.63,-1191.41,-72.63,-4253355.62,-72.63,1.9,56.05,1.21,56.02,4308.29,55.79,-4771.81,-74.34,-4040.29,-74.34,-8754097.75,-74.34,-0.65,-16.58,-0.55,-16.57,-1195.4,-16.62,-13007453.38,-73.78,685238.0,24.8,-0.6044,-1.1109,-0.0044,-0.0075,-8.949,-7.5327,0.396,0.519,0.2423,0.2423,0.1449
141,Langgikima,Konawe Utara,2040,4350.72,3049.11,5697.36,572.49,320.58,0.0,4398.21,29.43,4.59,0.0,0.0,0.0,0.0,0.0,0.0,785.31,664.92,1440690.25,2.45,2.07,4494.01,1440690.25,2000895.88,-560205.62,0.72,1316.17,43.37,0.0,0.0,-1397.25,-81.34,0.0,0.0,0.0,0.0,0.0,0.0,0.0,0.0,0.0,0.0,0.0,0.0,-5948.58,-88.34,-5036.67,-88.34,-10912940.75,-88.34,-1.47,-37.5,-1.25,-37.65,-2697.41,-37.51,-10912940.75,-88.34,605307.63,43.37,0.0,0.5642,0.0,0.0021,0.0,-5.5746,0.0,0.203,0.5956,0.5956,0.2108
142,Molawe,Konawe Utara,2040,5113.79,9962.28,174.24,1948.05,1417.23,0.0,1912.95,331.83,754.11,0.0,0.0,0.0,0.0,0.0,0.0,3209.91,2717.83,5888722.5,2.26,1.92,4155.09,5888722.5,2351831.5,3536891.0,2.5039,1623.94,46.53,0.0,0.0,-1002.87,-41.44,0.0,0.0,0.0,0.0,0.0,0.0,0.0,0.0,0.0,0.0,0.0,0.0,-6276.88,-66.16,-5314.64,-66.16,-11515225.5,-66.16,-1.66,-42.35,-1.4,-42.17,-3036.33,-42.22,-11515225.5,-66.16,746848.38,46.53,0.0,-0.9049,0.0,-0.0027,0.0,-22.0666,0.0,0.3759,0.351,0.351,0.4085
143,Lasolo,Konawe Utara,2040,6887.0,14859.09,123.03,440.28,2428.11,0.0,1268.64,303.57,55.62,0.0,0.0,0.0,0.0,0.0,0.0,6839.58,5791.07,12547518.0,2.82,2.39,5167.61,12547518.0,3167331.0,9380187.0,3.9615,2538.96,58.39,0.0,0.0,446.76,22.55,0.0,0.0,0.0,0.0,0.0,0.0,0.0,0.0,0.0,0.0,0.0,0.0,-927.31,-11.94,-785.16,-11.94,-1701194.0,-11.94,-1.1,-28.06,-0.93,-28.01,-2023.81,-28.14,-1701194.0,-11.94,1167665.38,58.39,0.0,-1.6128,0.0,-0.0074,0.0,-23.8665,0.0,0.4942,0.3348,0.3348,0.466
144,Lembo,Konawe Utara,2040,3189.98,5400.18,40.32,247.41,3789.45,0.0,0.0,259.2,239.4,0.0,0.0,0.0,0.0,0.0,0.0,10396.86,8803.02,19073500.0,2.74,2.32,5033.32,19073500.0,1467073.38,17606426.62,13.0011,1131.71,54.98,0.0,0.0,-256.68,-6.34,0.0,0.0,0.0,0.0,0.0,0.0,0.0,0.0,0.0,0.0,0.0,0.0,-5463.97,-34.45,-4626.35,-34.45,-10023906.0,-34.45,-1.18,-30.1,-1.0,-30.12,-2158.1,-30.01,-10023906.0,-34.45,520473.94,54.98,0.0,-1.5115,0.0,-0.0075,0.0,-26.065,0.0,0.5014,0.3433,0.3433,0.4797
145,Sawa,Konawe Utara,2040,1638.32,132.21,91.26,664.83,2481.57,4.41,0.0,418.95,0.9,14.97,9.54,34072.34,3.39,2.16,7726.15,5925.18,5016.85,10870003.0,2.39,2.02,4380.29,10904075.34,753463.88,10150611.46,14.4719,677.28,70.47,-43.02,-90.7,-10.8,-0.43,-145.98,-90.7,-93.06,-90.7,-332226.41,-90.7,0.0,0.0,0.0,0.0,3.22,0.04,-3844.91,-39.35,-3255.49,-39.35,-7053665.0,-39.35,-1.53,-39.03,-1.3,-39.16,-2811.13,-39.09,-7385891.41,-40.38,311482.26,70.47,-1.2139,-1.1013,-0.0052,0.0015,-25.2402,-23.4831,0.4509,0.425,0.5433,0.5433,0.6289
146,Oheo,Konawe Utara,2040,8304.98,31767.84,3322.26,2785.5,1812.96,813.51,34.29,541.71,374.4,4453.6,2839.17,10135827.0,5.47,3.49,12459.38,5841.56,4946.05,10716604.0,3.22,2.73,5911.11,20852431.0,3819459.0,17032972.0,5.4595,3079.35,58.93,-1630.35,-66.71,-531.99,-22.69,-3839.37,-46.3,-2447.6,-46.3,-8737941.0,-46.3,2.08,61.36,1.33,61.57,4736.45,61.33,-3350.65,-36.45,-2836.99,-36.45,-6146908.0,-36.45,-0.7,-17.86,-0.59,-17.77,-1280.31,-17.8,-14884849.0,-41.65,1416190.5,58.93,-1.1679,-1.0164,-0.0053,-0.0057,-22.1515,-20.0169,0.4597,0.3856,0.2631,0.2631,0.2609
147,Andowia,Konawe Utara,2040,6259.7,9081.72,5050.35,1377.18,797.85,0.0,229.14,432.0,130.77,0.0,0.0,0.0,0.0,0.0,0.0,1684.67,1426.41,3090595.75,2.11,1.79,3873.66,3090595.75,2878837.75,211758.0,1.0736,2145.46,52.15,0.0,0.0,-679.23,-45.98,0.0,0.0,0.0,0.0,0.0,0.0,0.0,0.0,0.0,0.0,0.0,0.0,-4105.48,-70.9,-3476.11,-70.9,-7531701.25,-70.9,-1.81,-46.17,-1.53,-46.08,-3317.76,-46.13,-7531701.25,-70.9,986699.5,52.15,0.0,-1.1626,0.0,-0.018,0.0,-30.3917,0.0,0.4597,0.3873,0.3873,0.4697
148,Motui,Konawe Utara,2040,3464.37,1721.25,311.49,1462.77,1985.76,0.36,422.1,202.05,2215.98,2.04,1.3,4635.69,5.66,3.61,12876.92,5832.42,4938.31,10699837.0,2.94,2.49,5388.28,10704472.69,1593265.38,9111207.32,6.7186,1348.61,63.74,-75.33,-99.52,919.53,86.24,-254.81,-99.21,-162.44,-99.21,-579913.19,-99.21,2.27,66.96,1.45,67.13,5153.99,66.74,1652.8,39.54,1399.42,39.54,3032133.5,39.54,-0.98,-25.0,-0.83,-25.0,-1803.14,-25.07,2452220.31,29.72,620228.63,63.74,-1.8212,-1.5701,-0.0025,-0.0047,-28.9676,-28.787,0.5319,0.4866,0.5695,0.5695,0.6146
149,Wawolesea,Konawe Utara,2040,1794.97,2846.79,4.32,171.81,1662.39,0.0,60.3,79.2,0.0,0.0,0.0,0.0,0.0,0.0,0.0,4688.48,3969.74,8601235.0,2.82,2.39,5174.02,8601235.0,825505.06,7775729.94,10.4194,638.79,55.25,0.0,0.0,-50.76,-2.96,0.0,0.0,0.0,0.0,0.0,0.0,0.0,0.0,0.0,0.0,0.0,0.0,-2027.07,-30.18,-1716.32,-30.18,-3718739.0,-30.18,-1.1,-28.06,-0.93,-28.01,-2017.4,-28.05,-3718739.0,-30.18,293776.18,55.25,0.0,-1.4782,0.0,-0.0074,0.0,-25.3001,0.0,0.4833,0.4882,0.4882,0.4267
150,Lasolo Kepulauan,Konawe Utara,2040,3052.72,18140.04,2607.21,1447.47,339.66,0.0,3259.89,78.21,565.29,0.0,0.0,0.0,0.0,0.0,0.0,614.14,519.99,1126668.12,1.81,1.53,3317.05,1126668.12,1403947.38,-277279.25,0.8025,997.37,48.53,0.0,0.0,150.21,79.29,0.0,0.0,0.0,0.0,0.0,0.0,0.0,0.0,0.0,0.0,0.0,0.0,-128.5,-17.3,-108.81,-17.3,-235745.88,-17.3,-2.11,-53.83,-1.79,-53.92,-3874.37,-53.87,-235745.88,-17.3,458692.19,48.53,0.0,0.6022,0.0,-0.0017,0.0,-16.8445,0.0,0.2603,0.2793,0.2793,0.3007
151,Landawe,Konawe Utara,2040,3824.69,7250.13,6194.16,1790.64,294.48,783.72,2168.28,1.17,278.1,4403.64,2807.32,10022136.0,5.62,3.58,12787.9,917.12,776.53,1682501.75,3.11,2.64,5713.47,11704637.75,1758974.38,9945663.38,6.6542,1199.77,45.71,-1206.0,-60.61,-955.89,-76.45,-2348.26,-34.78,-1497.01,-34.78,-5344340.0,-34.78,2.23,65.78,1.42,65.74,5064.97,65.58,-3984.33,-81.29,-3373.53,-81.29,-7309429.25,-81.29,-0.81,-20.66,-0.68,-20.48,-1477.95,-20.55,-12653769.25,-51.95,551773.0,45.71,-0.5766,0.0457,-0.004,-0.0003,-9.6283,0.0215,0.3487,0.1553,0.3986,0.3986,0.1937
152,Kulisusu,Buton Utara,2040,17751.62,5389.29,41.76,2103.39,6978.69,0.0,0.0,1116.99,62.55,0.0,0.0,0.0,0.0,0.0,0.0,65365.34,55344.84,119915672.0,9.37,7.93,17183.12,119915672.0,8163969.0,111751703.0,14.6884,4616.67,35.15,0.0,0.0,312.03,4.68,0.0,0.0,0.0,0.0,0.0,0.0,0.0,0.0,0.0,0.0,0.0,0.0,-55034.5,-45.71,-46597.73,-45.71,-100963352.0,-45.71,-8.69,-48.12,-7.36,-48.14,-15948.77,-48.14,-100963352.0,-45.71,2123205.0,35.15,0.0,-0.4796,0.0,-0.0002,0.0,-21.6905,0.0,0.388,0.6028,0.6028,0.8454
153,Kambowa,Buton Utara,2040,19031.88,18390.24,5.22,430.29,6856.83,0.0,0.0,333.9,1.44,0.0,0.0,0.0,0.0,0.0,0.0,77246.38,65404.51,141711968.0,11.27,9.54,20667.27,141711968.0,8752759.0,132959209.0,16.1905,7578.2,66.16,0.0,0.0,525.15,8.29,0.0,0.0,0.0,0.0,0.0,0.0,0.0,0.0,0.0,0.0,0.0,0.0,-37103.74,-32.45,-31415.74,-32.45,-68068480.0,-32.45,-6.79,-37.6,-5.75,-37.61,-12464.61,-37.62,-68068480.0,-32.45,3485213.0,66.16,0.0,-0.6302,0.0,-0.0001,0.0,-21.9474,0.0,0.433,0.3585,0.3585,0.4241
154,Bonegunu,Buton Utara,2040,20862.91,27122.22,42.03,5047.83,5485.5,0.0,0.0,619.65,166.59,0.0,0.0,0.0,0.0,0.0,0.0,56508.39,47845.65,103667152.0,10.3,8.72,18898.4,103667152.0,9594849.0,94072303.0,10.8045,7289.65,53.71,0.0,0.0,377.91,7.4,0.0,0.0,0.0,0.0,0.0,0.0,0.0,0.0,0.0,0.0,0.0,0.0,-35734.68,-38.74,-30256.55,-38.74,-65556912.0,-38.74,-7.76,-42.97,-6.57,-42.97,-14233.48,-42.96,-65556912.0,-38.74,3352507.5,53.71,0.0,-0.9499,0.0,0.0045,0.0,-22.5663,0.0,0.4425,0.3861,0.3861,0.6455
155,Kulisusu Barat,Buton Utara,2040,14621.32,20023.38,0.0,147.42,9416.43,19.08,0.0,290.61,24.39,0.0,0.0,0.0,0.0,0.0,0.0,110246.38,93345.62,202251968.0,11.71,9.91,21478.62,202251968.0,6724343.5,195527624.5,30.0776,5514.97,60.56,-206.73,-91.55,1440.72,18.06,0.0,0.0,0.0,0.0,0.0,0.0,0.0,0.0,0.0,0.0,0.0,0.0,-33794.95,-23.46,-28614.18,-23.46,-61998352.0,-23.46,-6.35,-35.16,-5.38,-35.19,-11653.27,-35.17,-61998352.0,-23.46,2536334.0,60.56,-1.0417,-0.9364,0.0014,-0.0042,-21.7591,-21.2501,0.4572,0.46,0.3083,0.3083,0.6126
156,Kulisusu Utara,Buton Utara,2040,16001.78,34689.24,28.62,3789.18,4640.67,0.0,0.0,709.02,3.06,0.0,0.0,0.0,0.0,0.0,0.0,51218.07,43366.34,93961864.0,11.04,9.34,20247.48,93961864.0,7359221.5,86602642.5,12.7679,6063.97,61.02,0.0,0.0,-1668.06,-26.44,0.0,0.0,0.0,0.0,0.0,0.0,0.0,0.0,0.0,0.0,0.0,0.0,-62717.6,-55.05,-53103.0,-55.05,-115058232.0,-55.05,-7.02,-38.87,-5.95,-38.91,-12884.4,-38.89,-115058232.0,-55.05,2788822.5,61.02,0.0,-0.3345,0.0,-0.008,0.0,-15.5979,0.0,0.4199,0.4205,0.4205,0.4888
157,Wakorumba Utara,Buton Utara,2040,8772.39,15427.8,0.0,1617.84,3947.67,0.0,0.0,461.88,15.93,0.0,0.0,0.0,0.0,0.0,0.0,56398.59,47752.7,103465752.0,14.29,12.1,26209.32,103465752.0,4034420.75,99431331.25,25.6458,3102.81,54.73,0.0,0.0,-119.7,-2.94,0.0,0.0,0.0,0.0,0.0,0.0,0.0,0.0,0.0,0.0,0.0,0.0,-17058.11,-23.22,-14443.09,-23.22,-31293880.0,-23.22,-3.77,-20.87,-3.19,-20.86,-6922.56,-20.89,-31293880.0,-23.22,1426981.5,54.73,0.0,-0.9422,0.0,-0.001,0.0,-21.7,0.0,0.5106,0.3607,0.3607,0.5085
158,Tirawuta,Kolaka Timur,2040,31142.73,14205.33,63.09,1360.62,6633.9,256.41,0.0,848.7,0.0,1834.55,1169.53,4175207.75,7.15,4.56,16283.33,56566.72,47895.05,103774192.0,8.53,7.22,15643.01,107949399.75,14322542.0,93626857.75,7.537,12385.82,66.03,-222.03,-46.41,-117.63,-1.74,-323.55,-14.99,-206.26,-14.99,-736367.25,-14.99,2.64,58.54,1.68,58.33,6017.52,58.62,-42208.17,-42.73,-35737.66,-42.73,-77432768.0,-42.73,-6.1,-41.7,-5.17,-41.73,-11196.38,-41.72,-78169135.25,-42.0,5696241.0,66.03,-2.1247,-1.8519,0.0005,0.001,-6.8111,-5.205,0.6315,0.587,0.3488,0.3488,0.5042
159,Loea,Kolaka Timur,2040,13755.0,4628.16,24.39,498.24,3383.01,366.21,24.75,494.91,11.79,2638.28,1681.91,6004406.5,7.2,4.59,16396.07,28861.62,24437.13,52947924.0,8.53,7.22,15651.13,58952330.5,6325922.5,52626408.0,9.3192,5635.74,69.41,-729.18,-66.57,256.68,8.21,-2302.71,-46.6,-1467.97,-46.6,-5240660.5,-46.6,2.69,59.65,1.71,59.38,6130.26,59.72,-16876.59,-36.9,-14289.41,-36.9,-30960868.0,-36.9,-6.1,-41.7,-5.17,-41.73,-11188.26,-41.69,-36201528.5,-38.05,2591876.0,69.41,-2.1044,-1.7944,0.0013,0.0022,-5.3232,-4.0198,0.7091,0.5949,0.2974,0.2974,0.4468
160,Ladongi,Kolaka Timur,2040,30231.59,4303.35,189.0,1951.2,6101.91,2284.74,9.99,1535.22,0.0,16461.15,10493.99,37463532.0,7.2,4.59,16397.28,55150.12,46695.61,101175368.0,9.04,7.65,16580.93,138638900.0,13903508.0,124735392.0,9.9715,10654.52,54.42,-1635.21,-41.72,379.35,6.63,-1220.6,-6.9,-778.13,-6.9,-2777924.0,-6.9,2.69,59.65,1.71,59.38,6131.47,59.73,-28570.93,-34.13,-24191.01,-34.13,-52414664.0,-34.13,-5.59,-38.21,-4.74,-38.26,-10258.46,-38.22,-55192588.0,-28.47,4900013.0,54.42,-2.2666,-1.9075,0.0016,0.0027,-6.6684,-4.8041,0.6256,0.6123,0.3687,0.3687,0.416
161,Poli Polia,Kolaka Timur,2040,26824.04,338.94,61.65,599.04,10452.24,77.31,0.0,598.23,0.0,591.18,376.88,1345446.25,7.65,4.87,17403.26,95491.51,80852.67,175183440.0,9.14,7.74,16760.37,176528886.25,12336377.0,164192509.25,14.3096,12483.74,87.05,-599.58,-88.58,865.62,9.03,-2462.07,-80.64,-1569.57,-80.64,-5603377.75,-80.64,3.14,69.62,1.99,69.1,7137.45,69.53,-44760.74,-31.91,-37898.92,-31.91,-82115600.0,-31.91,-5.49,-37.53,-4.65,-37.53,-10079.02,-37.55,-87718977.75,-33.2,5741274.5,87.05,-2.114,-2.0007,0.0023,0.003,-4.5316,-4.5662,0.6279,0.603,0.4821,0.4821,0.386
162,Lambandia,Kolaka Timur,2040,48113.36,1803.69,89.64,703.26,15683.04,1465.92,0.0,1371.69,0.0,9513.89,6065.11,21652432.0,6.49,4.14,14770.54,137304.2,116255.46,251890720.0,8.75,7.41,16061.35,273543152.0,22127332.0,251415820.0,12.3622,24125.98,100.58,-2676.06,-64.61,2306.88,17.25,-9169.38,-49.08,-5845.47,-49.08,-20868356.0,-49.08,1.98,43.9,1.26,43.75,4504.73,43.88,-58389.05,-29.84,-49437.98,-29.84,-107117248.0,-29.84,-5.88,-40.19,-4.98,-40.19,-10778.04,-40.16,-127985604.0,-31.87,11095536.0,100.58,-1.9348,-1.9224,0.0013,0.0019,-1.1724,-1.4123,0.5951,0.6012,0.4609,0.4609,0.293
163,Lalolae,Kolaka Timur,2040,9583.71,1653.21,1787.04,351.36,881.28,43.38,0.0,290.43,0.0,241.48,153.94,549571.31,5.57,3.55,12668.77,7514.6,6362.61,13785876.0,8.53,7.22,15643.01,14335447.31,4407545.5,9927901.81,3.2525,3877.65,67.96,-679.23,-94.0,155.34,21.4,-3018.0,-92.59,-1923.98,-92.59,-6868605.69,-92.59,1.06,23.5,0.67,23.26,2402.96,23.41,-3105.9,-29.24,-2629.77,-29.24,-5697912.0,-29.24,-6.1,-41.7,-5.17,-41.73,-11196.38,-41.72,-12566517.69,-46.71,1783329.75,67.96,-0.9412,-0.8969,0.0035,0.0035,3.6081,3.9579,0.4873,0.502,0.591,0.591,0.5037
164,Mowewe,Kolaka Timur,2040,22338.09,13684.41,121.05,123.66,2603.52,616.32,0.0,564.03,0.0,3347.87,2134.26,7619325.0,5.43,3.46,12362.61,22239.75,18830.39,40799808.0,8.54,7.23,15671.02,48419133.0,10273289.0,38145844.0,4.7131,8950.26,66.85,-1141.38,-64.94,814.68,45.54,-4580.6,-57.77,-2920.14,-57.77,-10424889.0,-57.77,0.92,20.4,0.58,20.14,2096.8,20.43,-3930.98,-15.02,-3328.37,-15.02,-7211564.0,-15.02,-6.09,-41.63,-5.16,-41.65,-11168.37,-41.61,-17636453.0,-26.7,4116227.0,66.85,-0.4136,-0.374,0.0032,0.0034,9.1175,9.9669,0.4858,0.4084,0.3471,0.3471,0.5348
165,Uluiwoi,Kolaka Timur,2040,16852.28,19645.92,0.0,1047.51,2553.39,0.0,0.0,269.46,92.43,0.0,0.0,0.0,0.0,0.0,0.0,23449.92,19855.05,43019924.0,9.18,7.78,16848.16,43019924.0,7750364.5,35269559.5,5.5507,7218.28,74.93,0.0,0.0,-291.15,-10.24,0.0,0.0,0.0,0.0,0.0,0.0,0.0,0.0,0.0,0.0,0.0,0.0,-18165.7,-43.65,-15380.9,-43.65,-33325796.0,-43.65,-5.45,-37.25,-4.61,-37.21,-9991.23,-37.23,-33325796.0,-43.65,3319687.0,74.93,0.0,-0.6844,0.0,0.0002,0.0,-1.677,0.0,0.4351,0.252,0.252,0.4005
166,Tinondo,Kolaka Timur,2040,31663.65,29553.03,2530.35,52.74,7558.56,0.18,0.0,295.65,1.44,1.04,0.66,2361.21,5.76,3.67,13117.83,65426.62,55396.73,120028048.0,8.66,7.33,15879.75,120030409.21,14562115.0,105468294.21,8.2426,12880.09,68.57,-568.8,-99.97,-454.5,-5.67,-2565.46,-99.96,-1635.49,-99.96,-5838679.79,-99.96,1.25,27.72,0.79,27.43,2852.02,27.78,-51804.45,-44.19,-43862.79,-44.19,-95037648.0,-44.19,-5.97,-40.81,-5.06,-40.84,-10959.65,-40.83,-100876327.79,-45.66,5923557.0,68.57,-1.0099,-0.7246,0.0017,0.002,-2.9612,2.3868,0.7824,0.4674,0.266,0.266,0.485
167,Aere,Kolaka Timur,2040,30549.34,12015.9,0.0,1467.45,17150.67,0.0,0.0,66.87,0.0,0.0,0.0,0.0,0.0,0.0,0.0,164990.8,139697.73,302683104.0,9.62,8.15,17648.47,302683104.0,14049640.0,288633464.0,21.5438,14489.18,90.22,-346.41,-100.0,1379.7,8.75,-1562.55,-100.0,-996.13,-100.0,-3556179.0,-100.0,-4.51,-100.0,-2.88,-100.0,-10265.81,-100.0,-65738.45,-28.49,-55660.72,-28.49,-120600160.0,-28.49,-5.01,-34.24,-4.24,-34.22,-9190.92,-34.24,-124156339.0,-29.09,6663574.0,90.22,0.0,-1.7889,0.0,0.004,0.0,-0.6111,0.0,0.6008,0.3769,0.3769,0.3791
168,Ueesi,Kolaka Timur,2040,38851.58,182905.2,0.0,1332.0,2445.84,0.0,0.0,84.78,394.02,0.0,0.0,0.0,0.0,0.0,0.0,23368.4,19786.03,42870396.0,9.55,8.09,17527.88,42870396.0,17867838.0,25002558.0,2.3993,18928.94,95.01,0.0,0.0,-1075.41,-30.54,0.0,0.0,0.0,0.0,0.0,0.0,0.0,0.0,0.0,0.0,0.0,0.0,-28147.5,-54.64,-23832.46,-54.64,-51637812.0,-54.64,-5.08,-34.72,-4.3,-34.71,-9311.51,-34.69,-51637812.0,-54.64,8705416.0,95.01,0.0,0.0421,0.0,0.0025,0.0,13.7104,0.0,0.266,0.0699,0.0699,0.1765
169,Dangia,Kolaka Timur,2040,17539.17,1917.81,79.38,2352.96,7511.49,129.33,0.0,589.77,0.0,931.8,594.02,2120660.5,7.2,4.59,16397.28,67995.8,57572.04,124741328.0,9.05,7.66,16606.74,126861988.5,8066266.5,118795722.0,15.7275,6610.32,60.49,-432.45,-76.98,573.75,8.27,-1602.23,-63.23,-1021.42,-63.23,-3646467.0,-63.23,2.69,59.65,1.71,59.38,6131.47,59.73,-33503.34,-33.01,-28367.28,-33.01,-61463376.0,-33.01,-5.58,-38.14,-4.73,-38.18,-10232.65,-38.13,-65109843.0,-33.92,3040089.5,60.49,-2.3324,-2.3289,0.0041,0.0017,-7.112,-4.5669,0.653,0.6338,0.4599,0.4599,0.3218
170,Wawonii Barat,Konawe Kepulauan,2040,11090.35,3576.15,139.68,4017.69,2120.22,0.0,0.0,380.34,4.68,0.0,0.0,0.0,0.0,0.0,0.0,27395.13,23195.45,50257592.0,12.92,10.94,23703.95,50257592.0,5100452.0,45157140.0,9.8536,1782.82,19.15,0.0,0.0,-923.4,-30.34,0.0,0.0,0.0,0.0,0.0,0.0,0.0,0.0,0.0,0.0,0.0,0.0,-31072.81,-53.15,-26309.36,-53.15,-57004472.0,-53.15,-6.29,-32.74,-5.33,-32.76,-11537.66,-32.74,-57004472.0,-53.15,819922.0,19.15,0.0,0.5849,0.0,-0.0003,0.0,-1.5012,0.0,0.2191,0.4316,0.4316,0.2541
171,Wawonii Utara,Konawe Kepulauan,2040,8357.81,7057.8,0.0,1262.34,2891.25,0.0,0.0,279.36,0.0,0.0,0.0,0.0,0.0,0.0,0.0,32860.64,27823.1,60284308.0,11.37,9.62,20850.6,60284308.0,3843757.0,56440551.0,15.6837,2637.43,46.11,-114.48,-100.0,-168.48,-5.51,0.0,0.0,0.0,0.0,0.0,0.0,0.0,0.0,0.0,0.0,0.0,0.0,-25916.77,-44.09,-21943.74,-44.09,-47545500.0,-44.09,-7.84,-40.81,-6.65,-40.87,-14391.01,-40.84,-47545500.0,-44.09,1212955.5,46.11,0.0,0.5746,0.0,0.0012,0.0,4.9921,0.0,0.2402,0.3124,0.3124,0.2075
172,Wawonii Timur Laut,Konawe Kepulauan,2040,3593.47,925.29,0.0,509.85,1730.34,0.0,0.0,222.75,190.17,0.0,0.0,0.0,0.0,0.0,0.0,19666.26,16651.42,36078636.0,11.37,9.62,20850.61,36078636.0,1652638.25,34425997.75,21.8309,945.44,35.7,0.0,0.0,87.57,5.33,0.0,0.0,0.0,0.0,0.0,0.0,0.0,0.0,0.0,0.0,0.0,0.0,-11891.35,-37.68,-10068.41,-37.68,-21815216.0,-37.68,-7.84,-40.81,-6.65,-40.87,-14391.0,-40.84,-21815216.0,-37.68,434809.5,35.7,0.0,0.5197,0.0,0.0003,0.0,9.3999,0.0,0.2511,0.4394,0.4394,0.1698
173,Wawonii Timur,Konawe Kepulauan,2040,5590.56,4178.97,0.0,1911.51,2755.8,0.0,0.0,246.06,0.9,0.0,0.0,0.0,0.0,0.0,0.0,31208.03,26423.84,57252524.0,11.32,9.59,20775.28,57252524.0,2571100.75,54681423.25,22.2677,550.69,10.93,0.0,0.0,-967.32,-25.98,0.0,0.0,0.0,0.0,0.0,0.0,0.0,0.0,0.0,0.0,0.0,0.0,-40313.11,-56.37,-34133.11,-56.37,-73956220.0,-56.37,-7.89,-41.07,-6.68,-41.06,-14466.33,-41.05,-73956220.0,-56.37,253264.5,10.93,0.0,0.5206,0.0,0.0007,0.0,11.157,0.0,0.2524,0.2462,0.2462,0.1779
174,Wawonii Tenggara,Konawe Kepulauan,2040,9500.48,9448.56,0.0,5168.97,618.3,0.0,191.16,264.24,2.07,0.0,0.0,0.0,0.0,0.0,0.0,7271.32,6156.62,13339557.0,11.76,9.96,21574.57,13339557.0,4369273.0,8970284.0,3.053,1961.95,26.03,0.0,0.0,-255.15,-29.21,0.0,0.0,0.0,0.0,0.0,0.0,0.0,0.0,0.0,0.0,0.0,0.0,-9507.65,-56.66,-8050.14,-56.66,-17442219.0,-56.66,-7.45,-38.78,-6.31,-38.78,-13667.03,-38.78,-17442219.0,-56.66,902301.75,26.03,0.0,0.6571,0.0,-0.0074,0.0,14.6082,0.0,0.2357,0.316,0.316,0.2158
175,Wawonii Selatan,Konawe Kepulauan,2040,9435.78,6935.94,0.0,3273.3,3319.65,0.0,0.0,223.74,141.03,0.0,0.0,0.0,0.0,0.0,0.0,40631.91,34403.04,74541072.0,12.24,10.36,22454.5,74541072.0,4339515.0,70201557.0,17.1773,3327.07,54.46,-91.44,-100.0,-49.41,-1.47,0.0,0.0,0.0,0.0,0.0,0.0,0.0,0.0,0.0,0.0,0.0,0.0,-24087.72,-37.22,-20395.08,-37.22,-44190024.0,-37.22,-6.97,-36.28,-5.91,-36.32,-12787.11,-36.28,-44190024.0,-37.22,1530118.5,54.46,0.0,0.4054,0.0,-0.0006,0.0,-1.329,0.0,0.2685,0.3964,0.3964,0.2538
176,Wawonii Tengah,Konawe Kepulauan,2040,7797.6,1755.81,0.0,2684.43,1354.05,0.0,0.0,371.34,361.71,0.0,0.0,0.0,0.0,0.0,0.0,16147.96,13672.48,29624150.0,11.93,10.1,21878.18,29624150.0,3586116.75,26038033.25,8.2608,2126.18,37.49,0.0,0.0,-567.63,-29.54,0.0,0.0,0.0,0.0,0.0,0.0,0.0,0.0,0.0,0.0,0.0,0.0,-20767.51,-56.26,-17583.85,-56.26,-38098930.0,-56.26,-7.28,-37.9,-6.17,-37.92,-13363.42,-37.92,-38098930.0,-56.26,977829.5,37.49,0.0,0.4694,0.0,-0.0032,0.0,-2.4667,0.0,0.2352,0.4485,0.4485,0.2817
177,Sawerigadi,Muna Barat,2040,19291.37,506.7,154.71,621.99,8555.67,2.97,0.0,245.34,82.35,15.13,9.65,34436.21,5.09,3.25,11594.68,44223.79,37444.27,81130520.0,5.17,4.38,9482.66,81164956.21,8872100.0,72292856.21,9.1483,6188.44,47.23,-243.36,-98.79,1012.32,13.42,-756.25,-98.04,-482.1,-98.04,-1721122.67,-98.04,1.96,62.62,1.25,62.5,4467.82,62.69,-16273.88,-26.9,-13779.1,-26.9,-29855160.0,-26.9,-2.85,-35.54,-2.41,-35.49,-5230.39,-35.55,-31576282.67,-28.01,2846061.0,47.23,-0.932,-0.898,0.0014,0.001,-12.134,-13.283,0.4591,0.4546,0.4739,0.4739,0.5045
178,Barangka,Muna Barat,2040,10153.89,2.79,0.0,395.19,3887.82,0.0,0.0,396.99,0.0,0.0,0.0,0.0,0.0,0.0,0.0,18888.07,15992.53,34651004.0,4.86,4.11,8912.71,34651004.0,4669776.0,29981228.0,7.4203,3212.93,46.29,0.0,0.0,351.09,9.93,0.0,0.0,0.0,0.0,0.0,0.0,0.0,0.0,0.0,0.0,0.0,0.0,-9476.5,-33.41,-8023.76,-33.41,-17385088.0,-33.41,-3.16,-39.4,-2.68,-39.47,-5800.34,-39.42,-17385088.0,-33.41,1477630.75,46.29,0.0,-1.2011,0.0,0.0005,0.0,-13.9704,0.0,0.5034,0.5871,0.5871,0.4342
179,Lawa,Muna Barat,2040,15774.14,309.42,0.0,1685.97,6345.9,0.0,0.0,351.27,2.16,0.0,0.0,0.0,0.0,0.0,0.0,29284.51,24795.19,53723744.0,4.61,3.91,8465.9,53723744.0,7254526.0,46469218.0,7.4055,5114.45,47.98,0.0,0.0,1306.17,25.92,0.0,0.0,0.0,0.0,0.0,0.0,0.0,0.0,0.0,0.0,0.0,0.0,-11134.12,-27.55,-9427.26,-27.55,-20426064.0,-27.55,-3.41,-42.52,-2.88,-42.42,-6247.15,-42.46,-20426064.0,-27.55,2352135.5,47.98,0.0,-1.108,0.0,-0.0048,0.0,-12.8491,0.0,0.5189,0.4926,0.4926,0.4213
180,Wadaga,Muna Barat,2040,15672.08,789.93,111.6,807.57,12119.85,0.0,0.0,206.73,0.0,0.0,0.0,0.0,0.0,0.0,0.0,60414.19,51152.68,110832536.0,4.98,4.22,9144.71,110832536.0,7207587.0,103624949.0,15.3772,4004.36,34.32,0.0,0.0,2669.13,28.24,0.0,0.0,0.0,0.0,0.0,0.0,0.0,0.0,0.0,0.0,0.0,0.0,-15380.58,-20.29,-13022.75,-20.29,-28216408.0,-20.29,-3.04,-37.91,-2.57,-37.85,-5568.34,-37.85,-28216408.0,-20.29,1841602.0,34.32,0.0,-1.1065,0.0,0.0004,0.0,-15.9528,0.0,0.5143,0.3982,0.3982,0.502
181,Tiworo Selatan,Muna Barat,2040,10986.05,106.02,0.0,130.59,4467.06,1.8,0.0,569.97,311.22,9.17,5.85,20870.43,5.09,3.25,11594.68,23123.66,19578.81,42421400.0,5.18,4.38,9496.49,42442270.43,5052482.5,37389787.93,8.4003,2261.57,25.92,-336.69,-99.47,319.68,7.71,-1050.8,-99.13,-669.88,-99.13,-2391499.57,-99.13,1.96,62.62,1.25,62.5,4467.82,62.69,-10138.32,-30.48,-8584.11,-30.48,-18599212.0,-30.48,-2.84,-35.41,-2.41,-35.49,-5216.56,-35.46,-20990711.57,-33.09,1040091.75,25.92,-0.7679,-0.7819,0.0,-0.0002,-11.2101,-11.2511,0.4506,0.4456,0.5819,0.5819,0.6979
182,Maginti,Muna Barat,2040,6754.37,507.06,0.0,137.43,2460.42,0.0,0.0,236.79,218.52,0.0,0.0,0.0,0.0,0.0,0.0,12736.33,10783.84,23365360.0,5.18,4.38,9496.49,23365360.0,3106335.0,20259025.0,7.5218,1523.42,29.12,-6.75,-100.0,254.79,11.55,-21.14,-100.0,-13.48,-100.0,-48106.29,-100.0,-3.13,-100.0,-2.0,-100.0,-7126.86,-100.0,-4952.82,-28.0,-4193.57,-28.0,-9086186.0,-28.0,-2.84,-35.41,-2.41,-35.49,-5216.56,-35.46,-9134292.29,-28.11,700620.5,29.12,0.0,-0.6042,0.0,-0.0012,0.0,-10.7015,0.0,0.4177,0.4699,0.4699,0.7653
183,Tiworo Tengah,Muna Barat,2040,15298.48,446.31,0.0,24.03,4948.83,0.0,0.0,859.68,247.5,0.0,0.0,0.0,0.0,0.0,0.0,25597.04,21673.01,46958912.0,5.17,4.38,9488.89,46958912.0,7035770.0,39923142.0,6.6743,2765.73,22.07,-59.04,-100.0,-151.83,-2.98,-184.88,-100.0,-117.86,-100.0,-420769.69,-100.0,-3.13,-100.0,-2.0,-100.0,-7126.86,-100.0,-15310.25,-37.43,-12963.19,-37.43,-28087360.0,-37.43,-2.85,-35.54,-2.41,-35.49,-5224.16,-35.51,-28508129.69,-37.78,1271959.0,22.07,0.0,-0.5389,0.0,-0.0004,0.0,-11.4579,0.0,0.412,0.5732,0.5732,0.7795
184,Tiworo Utara,Muna Barat,2040,5322.47,3670.74,0.0,546.66,538.56,0.0,49.5,207.63,216.18,0.0,0.0,0.0,0.0,0.0,0.0,2493.84,2111.53,4575059.5,4.63,3.92,8494.99,4575059.5,2447806.0,2127253.5,1.869,1459.12,37.77,0.0,0.0,26.55,5.19,0.0,0.0,0.0,0.0,0.0,0.0,0.0,0.0,0.0,0.0,0.0,0.0,-1612.48,-39.27,-1365.29,-39.27,-2958170.0,-39.27,-3.39,-42.27,-2.87,-42.27,-6218.06,-42.26,-2958170.0,-39.27,671052.25,37.77,0.0,-0.372,0.0,0.0,0.0,-12.0185,0.0,0.3842,0.2278,0.2278,0.5043
185,Tiworo Kepulauan,Muna Barat,2040,16137.07,412.92,0.0,0.0,5345.91,0.0,0.0,404.1,646.38,0.0,0.0,0.0,0.0,0.0,0.0,27348.4,23155.89,50171872.0,5.12,4.33,9385.09,50171872.0,7421437.5,42750434.5,6.7604,3215.64,24.89,-200.88,-100.0,-22.59,-0.42,-629.05,-100.0,-401.02,-100.0,-1431643.12,-100.0,-3.13,-100.0,-2.0,-100.0,-7126.86,-100.0,-15706.97,-36.48,-13299.09,-36.48,-28815144.0,-36.48,-2.9,-36.16,-2.46,-36.23,-5327.96,-36.21,-30246787.12,-37.61,1478871.0,24.89,0.0,-0.6543,0.0,0.001,0.0,-12.6163,0.0,0.4188,0.5212,0.5212,0.6421
186,Kusambi,Muna Barat,2040,20631.35,1030.59,0.0,345.15,5634.54,0.0,0.0,902.7,60.03,0.0,0.0,0.0,0.0,0.0,0.0,28937.75,24501.59,53087600.0,5.14,4.35,9421.82,53087600.0,9488356.0,43599244.0,5.595,8957.93,76.74,0.0,0.0,410.4,7.86,0.0,0.0,0.0,0.0,0.0,0.0,0.0,0.0,0.0,0.0,0.0,0.0,-12959.85,-30.93,-10973.11,-30.93,-23775440.0,-30.93,-2.88,-35.91,-2.44,-35.94,-5291.23,-35.96,-23775440.0,-30.93,4119748.5,76.74,0.0,-0.7962,0.0,-0.0003,0.0,-14.8616,0.0,0.4424,0.4682,0.4682,0.3963
187,Napano Kusambi,Muna Barat,2040,12497.54,1040.85,571.77,2171.43,4383.9,0.0,0.0,164.43,214.29,0.0,0.0,0.0,0.0,0.0,0.0,22146.06,18751.07,40627944.0,5.05,4.28,9267.53,40627944.0,5747617.5,34880326.5,7.0687,2637.36,26.75,0.0,0.0,1257.03,40.2,0.0,0.0,0.0,0.0,0.0,0.0,0.0,0.0,0.0,0.0,0.0,0.0,-2931.44,-11.69,-2482.05,-11.69,-5377856.0,-11.69,-2.97,-37.03,-2.51,-36.97,-5445.52,-37.01,-5377856.0,-11.69,1212918.5,26.75,0.0,-0.602,0.0,0.0008,0.0,-15.8759,0.0,0.4193,0.3249,0.3249,0.3359
188,Lakudo,Buton Tengah,2040,47215.69,155.16,0.0,19381.05,56.88,0.0,0.0,1024.83,0.81,0.0,0.0,0.0,0.0,0.0,0.0,777.68,658.46,1426683.88,13.67,11.58,25082.35,1426683.88,21714496.0,-20287812.12,0.0657,14692.04,45.17,0.0,0.0,-84.51,-59.77,0.0,0.0,0.0,0.0,0.0,0.0,0.0,0.0,0.0,0.0,0.0,0.0,-1867.73,-70.6,-1581.41,-70.6,-3426434.12,-70.6,-5.04,-26.94,-4.26,-26.89,-9241.99,-26.93,-3426434.12,-70.6,6756870.0,45.17,0.0,-0.4614,0.0,0.0013,0.0,-14.8219,0.0,0.6159,0.4584,0.4584,0.7358
189,Mawasangka Timur,Buton Tengah,2040,23003.82,83.61,0.0,8446.77,112.77,0.0,0.0,612.0,79.38,0.0,0.0,0.0,0.0,0.0,0.0,1348.01,1141.36,2472990.0,11.95,10.12,21929.5,2472990.0,10579459.0,-8106469.0,0.2338,7260.11,46.11,0.0,0.0,112.77,0.0,0.0,0.0,0.0,0.0,0.0,0.0,0.0,0.0,0.0,0.0,0.0,0.0,1348.01,0.0,1141.36,0.0,2472990.0,0.0,11.95,0.0,10.12,0.0,21929.5,0.0,2472990.0,0.0,3338925.0,46.11,0.0,0.0,0.0,0.0,0.0,0.0,0.0,0.0,0.4787,0.4787,0.795
190,Mawasangka Tengah,Buton Tengah,2040,23045.21,55.08,0.0,11327.58,99.0,0.0,0.0,677.88,37.71,0.0,0.0,0.0,0.0,0.0,0.0,1203.34,1018.87,2207581.25,12.15,10.29,22298.8,2207581.25,10598493.0,-8390911.75,0.2083,8241.55,55.67,0.0,0.0,85.86,653.42,0.0,0.0,0.0,0.0,0.0,0.0,0.0,0.0,0.0,0.0,0.0,0.0,957.49,389.46,810.71,389.46,1756559.47,389.46,-6.56,-35.06,-5.55,-35.04,-12025.54,-35.04,1756559.47,389.46,3790291.5,55.67,0.0,0.0814,0.0,-0.001,0.0,-39.2603,0.0,0.2972,0.4456,0.4456,0.7136
191,Mawasangka,Buton Tengah,2040,49201.61,2032.29,19.08,15303.87,4058.1,0.0,0.0,1406.88,46.89,0.0,0.0,0.0,0.0,0.0,0.0,49572.55,41973.1,90943080.0,12.22,10.34,22410.26,90943080.0,22627822.0,68315258.0,4.0191,11622.67,30.93,-85.05,-100.0,1381.05,51.59,-238.65,-100.0,-152.14,-100.0,-543136.69,-100.0,-2.81,-100.0,-1.79,-100.0,-6386.09,-100.0,-515.06,-1.03,-436.08,-1.03,-944880.0,-1.03,-6.49,-34.69,-5.5,-34.72,-11914.07,-34.71,-1488016.69,-1.61,5345264.0,30.93,0.0,-0.0052,0.0,0.0045,0.0,-18.6375,0.0,0.3226,0.4557,0.4557,0.6846
192,Talaga Raya,Buton Tengah,2040,10797.13,950.76,39.15,5639.76,41.22,0.0,2018.43,253.62,3.42,0.0,0.0,0.0,0.0,0.0,0.0,400.5,339.1,734731.5,9.72,8.23,17824.64,734731.5,4965602.0,-4230870.5,0.148,4583.32,73.76,0.0,0.0,-457.65,-91.74,0.0,0.0,0.0,0.0,0.0,0.0,0.0,0.0,0.0,0.0,0.0,0.0,-8933.36,-95.71,-7563.88,-95.71,-16388648.5,-95.71,-8.99,-48.05,-7.61,-48.04,-16499.69,-48.07,-16388648.5,-95.71,2107870.25,73.76,0.0,0.0996,0.0,0.0057,0.0,-37.6291,0.0,0.2359,0.2041,0.2041,0.4225
193,Gu,Buton Tengah,2040,30232.43,34.47,0.0,7103.61,865.35,0.0,0.0,728.19,0.09,0.0,0.0,0.0,0.0,0.0,0.0,12144.65,10282.87,22279908.0,14.03,11.88,25746.7,22279908.0,13903894.0,8376014.0,1.6024,11101.46,58.03,0.0,0.0,37.26,4.5,0.0,0.0,0.0,0.0,0.0,0.0,0.0,0.0,0.0,0.0,0.0,0.0,-3348.91,-21.61,-2835.53,-21.61,-6143728.0,-21.61,-4.68,-25.01,-3.96,-25.0,-8577.63,-24.99,-6143728.0,-21.61,5105559.0,58.03,0.0,-0.3322,0.0,-0.0003,0.0,-23.3072,0.0,0.3684,0.6362,0.6362,0.7592
194,Sangia Wambulu,Buton Tengah,2040,7259.35,0.36,0.0,696.33,0.9,0.0,0.0,246.96,0.63,0.0,0.0,0.0,0.0,0.0,0.0,12.63,10.69,23172.03,14.03,11.88,25746.7,23172.03,3338573.75,-3315401.72,0.0069,3454.57,90.8,0.0,0.0,-117.09,-99.24,0.0,0.0,0.0,0.0,0.0,0.0,0.0,0.0,0.0,0.0,0.0,0.0,-2194.96,-99.43,-1858.48,-99.43,-4026756.22,-99.43,-4.68,-25.01,-3.96,-25.0,-8577.63,-24.99,-4026756.22,-99.43,1588756.25,90.8,0.0,-0.6237,0.0,-0.0118,0.0,-5.7733,0.0,0.4892,0.7426,0.7426,0.8801
195,Batauga,Buton Selatan,2040,50277.76,6551.46,0.0,3957.48,3589.92,0.0,0.0,577.44,0.0,0.0,0.0,0.0,0.0,0.0,0.0,46237.11,39148.97,84824064.0,12.88,10.91,23628.4,84824064.0,23122740.0,61701324.0,3.6684,24078.2,91.9,0.0,0.0,-448.83,-11.11,0.0,0.0,0.0,0.0,0.0,0.0,0.0,0.0,0.0,0.0,0.0,0.0,-29327.91,-38.81,-24831.93,-38.81,-53803328.0,-38.81,-5.83,-31.16,-4.93,-31.12,-10695.93,-31.16,-53803328.0,-38.81,11073559.0,91.9,0.0,0.2772,0.0,0.0008,0.0,-26.2929,0.0,0.321,0.4077,0.4077,0.6644
196,Sampolawa,Buton Selatan,2040,43175.32,10444.59,0.0,10301.4,1690.47,0.0,0.0,510.48,44.55,0.0,0.0,0.0,0.0,0.0,0.0,22985.2,19461.57,42167388.0,13.6,11.51,24944.18,42167388.0,19856326.0,22311062.0,2.1236,12145.71,39.14,0.0,0.0,-390.33,-18.76,0.0,0.0,0.0,0.0,0.0,0.0,0.0,0.0,0.0,0.0,0.0,0.0,-15946.56,-40.96,-13501.96,-40.96,-29254676.0,-40.96,-5.11,-27.31,-4.33,-27.34,-9380.15,-27.33,-29254676.0,-40.96,5585808.0,39.14,0.0,0.2143,0.0,-0.0001,0.0,-16.0206,0.0,0.2985,0.429,0.429,0.6814
197,Lapandewa,Buton Selatan,2040,13197.84,300.69,0.0,4825.71,11.61,0.0,0.0,303.66,18.0,0.0,0.0,0.0,0.0,0.0,0.0,148.56,125.79,272538.72,12.8,10.83,23474.48,272538.72,6069688.0,-5797149.28,0.0449,5188.65,64.78,0.0,0.0,11.61,0.0,0.0,0.0,0.0,0.0,0.0,0.0,0.0,0.0,0.0,0.0,0.0,0.0,148.56,0.0,125.79,0.0,272538.72,0.0,12.8,0.0,10.83,0.0,23474.48,0.0,272538.72,0.0,2386262.75,64.78,0.0,0.0,0.0,0.0,0.0,0.0,0.0,0.0,0.4818,0.4818,0.4485
198,Batu Atas,Buton Selatan,2040,2949.35,0.45,0.0,1.17,667.44,0.0,0.0,202.86,0.0,0.0,0.0,0.0,0.0,0.0,0.0,8155.8,6905.51,14962177.0,12.22,10.35,22417.26,14962177.0,1356404.5,13605772.5,11.0308,1233.8,71.92,0.0,0.0,-145.98,-17.95,0.0,0.0,0.0,0.0,0.0,0.0,0.0,0.0,0.0,0.0,0.0,0.0,-7063.29,-46.41,-5980.49,-46.41,-12957923.0,-46.41,-6.49,-34.69,-5.49,-34.66,-11907.07,-34.69,-12957923.0,-46.41,567422.94,71.92,0.0,0.35,0.0,0.0,0.0,-91.3162,0.0,0.2918,0.6073,0.6073,0.094
199,Siompu Barat,Buton Selatan,2040,9019.47,2.52,0.0,1448.55,1.53,0.0,0.0,255.42,0.0,0.0,0.0,0.0,0.0,0.0,0.0,19.82,16.78,36362.26,12.95,10.97,23766.18,36362.26,4148052.75,-4111690.49,0.0088,2085.78,30.08,0.0,0.0,-127.35,-98.81,0.0,0.0,0.0,0.0,0.0,0.0,0.0,0.0,0.0,0.0,0.0,0.0,-2391.52,-99.18,-2024.91,-99.18,-4387358.24,-99.18,-5.76,-30.79,-4.87,-30.74,-10558.16,-30.76,-4387358.24,-99.18,959247.75,30.08,0.0,0.588,0.0,0.0005,0.0,-67.0467,0.0,0.2359,0.5336,0.5336,0.4434
200,Siompu,Buton Selatan,2040,17415.03,7.56,0.0,3375.72,0.09,0.0,0.0,225.45,0.0,0.0,0.0,0.0,0.0,0.0,0.0,1.07,0.9,1960.71,11.88,10.05,21785.66,1960.71,8009175.0,-8007214.29,0.0002,5844.63,50.51,0.0,0.0,0.09,0.0,0.0,0.0,0.0,0.0,0.0,0.0,0.0,0.0,0.0,0.0,0.0,0.0,1.07,0.0,0.9,0.0,1960.71,0.0,11.88,0.0,10.05,0.0,21785.66,0.0,1960.71,0.0,2687950.0,50.51,0.0,0.0,0.0,0.0,0.0,0.0,0.0,0.0,0.566,0.566,0.5008
201,Kadatua,Buton Selatan,2040,11200.19,30.42,0.0,2161.08,0.0,0.0,0.0,210.15,0.72,0.0,0.0,0.0,0.0,0.0,0.0,0.0,0.0,0.0,0.0,0.0,0.0,0.0,5150966.0,-5150966.0,0.0,3516.72,45.77,0.0,0.0,0.0,0.0,0.0,0.0,0.0,0.0,0.0,0.0,0.0,0.0,0.0,0.0,0.0,0.0,0.0,0.0,0.0,0.0,0.0,0.0,0.0,0.0,0.0,0.0,0.0,0.0,0.0,0.0,1617337.5,45.77,0.0,0.0,0.0,0.0,0.0,0.0,0.0,0.0,0.5971,0.5971,0.7962
202,Mandonga,Kota Kendari,2040,77927.35,23.67,0.0,1561.68,305.46,0.0,0.0,608.49,108.0,0.0,0.0,0.0,0.0,0.0,0.0,4800.7,4064.75,8807099.0,15.72,13.31,28832.25,8807099.0,35838788.0,-27031689.0,0.2457,29894.54,62.24,0.0,0.0,284.94,1388.6,0.0,0.0,0.0,0.0,0.0,0.0,0.0,0.0,0.0,0.0,0.0,0.0,4394.61,1082.18,3720.91,1082.16,8062107.25,1082.17,-4.07,-20.57,-3.45,-20.58,-7473.39,-20.58,8062107.25,1082.17,13748500.0,62.24,0.0,-1.9297,0.0,0.0003,0.0,-25.1452,0.0,0.5847,0.7254,0.7254,0.9585
203,Kendari,Kota Kendari,2040,26574.05,11.88,0.0,787.41,125.73,0.0,0.0,512.01,5.76,0.0,0.0,0.0,0.0,0.0,0.0,1976.01,1673.09,3625078.5,15.72,13.31,28832.25,3625078.5,12221403.0,-8596324.5,0.2966,10668.76,67.08,0.0,0.0,-376.11,-74.95,0.0,0.0,0.0,0.0,0.0,0.0,0.0,0.0,0.0,0.0,0.0,0.0,-7955.4,-80.1,-6735.84,-80.1,-14594545.5,-80.1,-4.07,-20.57,-3.45,-20.58,-7473.39,-20.58,-14594545.5,-80.1,4906560.5,67.08,0.0,-1.0444,0.0,-0.0017,0.0,-22.612,0.0,0.4388,0.5961,0.5961,1.0
204,Baruga,Kota Kendari,2040,79616.34,0.0,0.0,260.91,1591.83,89.46,0.0,1632.87,49.68,484.72,309.01,1103158.75,5.42,3.45,12331.31,26968.69,22834.39,49475268.0,16.94,14.34,31080.75,50578426.75,36615552.0,13962874.75,1.3813,30587.71,62.39,-319.86,-78.14,-157.86,-9.02,-878.49,-64.44,-560.04,-64.44,-1999337.75,-64.44,2.09,62.76,1.33,62.74,4751.67,62.69,-7657.67,-22.12,-6483.75,-22.12,-14048352.0,-22.12,-2.85,-14.4,-2.42,-14.44,-5224.89,-14.39,-16047689.75,-24.09,14067286.0,62.39,-1.8036,-1.8631,-0.0033,-0.0035,-26.1973,-27.6906,0.539,0.5531,0.7667,0.7667,0.9832
205,Poasia,Kota Kendari,2040,89018.38,534.96,0.0,0.0,1333.98,0.0,0.0,1076.85,218.16,0.0,0.0,0.0,0.0,0.0,0.0,20965.22,17751.25,38461640.0,15.72,13.31,28832.25,38461640.0,40939552.0,-2477912.0,0.9395,37089.01,71.42,0.0,0.0,-244.89,-15.51,0.0,0.0,0.0,0.0,0.0,0.0,0.0,0.0,0.0,0.0,0.0,0.0,-10280.62,-32.9,-8704.6,-32.9,-18860252.0,-32.9,-4.07,-20.57,-3.45,-20.58,-7473.39,-20.58,-18860252.0,-32.9,17057236.0,71.42,0.0,-1.4639,0.0,-0.0026,0.0,-23.598,0.0,0.4919,0.6993,0.6993,0.9878
206,Kendari Barat,Kota Kendari,2040,75844.66,2.25,0.0,1483.29,104.04,0.0,0.0,640.71,14.22,0.0,0.0,0.0,0.0,0.0,0.0,1635.12,1384.46,2999707.25,15.72,13.31,28832.25,2999707.25,34880964.0,-31881256.75,0.086,30995.09,69.11,0.0,0.0,-98.73,-48.69,0.0,0.0,0.0,0.0,0.0,0.0,0.0,0.0,0.0,0.0,0.0,0.0,-2377.7,-59.25,-2013.19,-59.25,-4361987.75,-59.25,-4.07,-20.57,-3.45,-20.58,-7473.39,-20.58,-4361987.75,-59.25,14254650.0,69.11,0.0,-1.4352,0.0,-0.002,0.0,-23.519,0.0,0.4877,0.515,0.515,1.0
207,Abeli,Kota Kendari,2040,29083.7,344.16,0.0,4.32,627.84,0.0,0.0,389.79,13.14,0.0,0.0,0.0,0.0,0.0,0.0,9867.32,8354.66,18102038.0,15.72,13.31,28832.25,18102038.0,13375593.0,4726445.0,1.3534,12211.73,72.38,0.0,0.0,-166.23,-20.93,0.0,0.0,0.0,0.0,0.0,0.0,0.0,0.0,0.0,0.0,0.0,0.0,-5847.33,-37.21,-4950.93,-37.21,-10727184.0,-37.21,-4.07,-20.57,-3.45,-20.58,-7473.39,-20.58,-10727184.0,-37.21,5616173.5,72.38,0.0,-1.3062,0.0,-0.0022,0.0,-22.8179,0.0,0.4741,0.6072,0.6072,0.9758
208,Wua-Wua,Kota Kendari,2040,87569.15,0.0,0.0,527.94,105.66,0.0,0.0,810.0,13.23,0.0,0.0,0.0,0.0,0.0,0.0,1881.81,1593.33,3452258.25,17.81,15.08,32673.28,3452258.25,40273052.0,-36820793.75,0.0857,42901.54,96.05,0.0,0.0,62.91,147.16,0.0,0.0,0.0,0.0,0.0,0.0,0.0,0.0,0.0,0.0,0.0,0.0,1035.79,122.43,877.0,122.43,1900192.13,122.43,-1.98,-10.01,-1.68,-10.02,-3632.36,-10.0,1900192.13,122.43,19730424.0,96.05,0.0,-1.7608,0.0,-0.0,0.0,-18.3503,0.0,0.4888,0.8441,0.8441,1.0
209,Kadia,Kota Kendari,2040,89126.61,0.0,0.0,0.0,0.36,0.0,0.0,630.36,32.13,0.0,0.0,0.0,0.0,0.0,0.0,5.66,4.79,10379.61,15.72,13.31,28832.25,10379.61,40989328.0,-40978948.39,0.0003,38119.25,74.73,0.0,0.0,0.09,33.33,0.0,0.0,0.0,0.0,0.0,0.0,0.0,0.0,0.0,0.0,0.0,0.0,0.32,5.99,0.27,5.97,577.09,5.89,-4.07,-20.57,-3.45,-20.58,-7473.39,-20.58,577.09,5.89,17531044.0,74.73,0.0,-2.2323,0.0,-0.0038,0.0,-31.6959,0.0,0.608,0.945,0.945,1.0
210,Puuwatu,Kota Kendari,2040,65151.84,0.0,15.12,2552.22,288.18,0.0,0.0,1157.94,0.0,0.0,0.0,0.0,0.0,0.0,0.0,4835.78,4094.45,8871451.0,16.78,14.21,30784.41,8871451.0,29963326.0,-21091875.0,0.2961,23734.32,57.31,0.0,0.0,207.0,254.99,0.0,0.0,0.0,0.0,0.0,0.0,0.0,0.0,0.0,0.0,0.0,0.0,3229.23,201.0,2734.18,201.0,5924159.0,201.0,-3.01,-15.21,-2.55,-15.21,-5521.23,-15.21,5924159.0,201.0,10915406.0,57.3,0.0,-2.7345,0.0,-0.0045,0.0,-40.3382,0.0,0.7971,0.7303,0.7303,0.9883
211,Kambu,Kota Kendari,2040,110687.44,159.03,0.0,80.55,1416.15,0.0,0.0,1184.58,273.33,0.0,0.0,0.0,0.0,0.0,0.0,22256.63,18844.69,40830788.0,15.72,13.31,28832.25,40830788.0,50905152.0,-10074364.0,0.8021,50039.65,82.51,0.0,0.0,123.93,9.59,0.0,0.0,0.0,0.0,0.0,0.0,0.0,0.0,0.0,0.0,0.0,0.0,-3316.4,-12.97,-2808.0,-12.97,-6084092.0,-12.97,-4.07,-20.57,-3.45,-20.58,-7473.39,-20.58,-6084092.0,-12.97,23013230.0,82.51,0.0,-1.6515,0.0,-0.0029,0.0,-25.227,0.0,0.5246,0.761,0.761,0.9916
212,Nambo,Kota Kendari,2040,28736.59,527.49,0.0,342.81,1171.35,0.0,0.0,645.93,75.33,0.0,0.0,0.0,0.0,0.0,0.0,18409.28,15587.14,33772656.0,15.72,13.31,28832.25,33772656.0,13215957.0,20556699.0,2.5554,13192.12,84.87,0.0,0.0,-376.2,-24.31,0.0,0.0,0.0,0.0,0.0,0.0,0.0,0.0,0.0,0.0,0.0,0.0,-12216.74,-39.89,-10343.91,-39.89,-22412144.0,-39.89,-4.07,-20.57,-3.45,-20.58,-7473.39,-20.58,-22412144.0,-39.89,6067056.0,84.87,0.0,-1.1358,0.0,-0.002,0.0,-22.1586,0.0,0.4508,0.5396,0.5396,0.9865
213,Betoambari,Kota Bau Bau,2040,41162.19,0.18,0.0,2165.58,526.41,0.0,0.0,466.11,0.18,0.0,0.0,0.0,0.0,0.0,0.0,4427.8,3749.02,8123003.0,8.41,7.12,15430.94,8123003.0,18930490.0,-10807487.0,0.4291,10635.13,34.84,0.0,0.0,-192.69,-26.8,0.0,0.0,0.0,0.0,0.0,0.0,0.0,0.0,0.0,0.0,0.0,0.0,-6739.82,-60.35,-5706.61,-60.35,-12364503.0,-60.35,-7.12,-45.85,-6.03,-45.86,-13059.54,-45.84,-12364503.0,-60.35,4891095.0,34.84,0.0,0.0339,0.0,0.001,0.0,-17.757,0.0,0.3363,0.7685,0.7685,0.9992
214,Wolio,Kota Bau Bau,2040,55919.25,1166.76,0.0,941.49,521.1,0.0,0.0,614.52,0.0,0.0,0.0,0.0,0.0,0.0,0.0,5107.52,4324.53,9369967.0,9.8,8.3,17981.13,9369967.0,25717266.0,-16347299.0,0.3643,19647.72,54.17,0.0,0.0,-530.19,-50.43,0.0,0.0,0.0,0.0,0.0,0.0,0.0,0.0,0.0,0.0,0.0,0.0,-11219.01,-68.72,-9499.15,-68.72,-20581791.0,-68.72,-5.73,-36.9,-4.85,-36.88,-10509.35,-36.89,-20581791.0,-68.72,9035991.0,54.17,0.0,-0.1296,0.0,0.0015,0.0,-14.8258,0.0,0.4351,0.7203,0.7203,0.981
215,Sorawolio,Kota Bau Bau,2040,33397.78,6066.81,0.0,1546.38,2646.72,0.0,108.27,582.48,0.0,0.0,0.0,0.0,0.0,0.0,0.0,24364.75,20629.64,44698240.0,9.21,7.79,16888.16,44698240.0,15359639.0,29338601.0,2.9101,13731.77,69.82,-44.37,-100.0,421.38,18.94,-165.08,-100.0,-105.24,-100.0,-375698.06,-100.0,-3.72,-100.0,-2.37,-100.0,-8467.39,-100.0,-10194.78,-29.5,-8631.91,-29.5,-18702772.0,-29.5,-6.32,-40.7,-5.36,-40.76,-11602.32,-40.72,-19078470.06,-29.91,6315239.0,69.82,0.0,-0.1841,0.0,0.0017,0.0,-10.2017,0.0,0.3873,0.4513,0.4513,0.8659
216,Bungi,Kota Bau Bau,2040,31333.84,1478.97,0.0,960.84,2418.57,515.88,0.0,811.71,25.47,3013.19,1920.91,6857642.5,5.84,3.72,13293.1,24296.15,20571.56,44572388.0,10.05,8.51,18429.23,51430030.5,14410431.0,37019599.5,3.5689,13690.62,77.6,-1167.84,-69.36,1021.23,73.08,-3251.09,-51.9,-2072.57,-51.9,-7399070.5,-51.9,2.12,56.99,1.35,56.96,4825.71,56.99,2595.46,11.96,2197.59,11.96,4761496.0,11.96,-5.48,-35.29,-4.64,-35.29,-10061.25,-35.31,-2637574.5,-4.88,6296313.0,77.6,-0.6726,-0.605,0.0018,0.0036,-7.8983,-7.4652,0.4285,0.4164,0.5521,0.5521,0.9405
217,Kokalukuna,Kota Bau Bau,2040,19181.61,78.03,0.0,1161.54,89.91,0.0,0.0,412.02,0.0,0.0,0.0,0.0,0.0,0.0,0.0,881.24,746.15,1616683.25,9.8,8.3,17981.13,1616683.25,8821621.0,-7204937.75,0.1833,6411.57,50.21,0.0,0.0,-109.89,-55.0,0.0,0.0,0.0,0.0,0.0,0.0,0.0,0.0,0.0,0.0,0.0,0.0,-2221.65,-71.6,-1881.07,-71.6,-4075714.75,-71.6,-5.73,-36.9,-4.85,-36.88,-10509.35,-36.89,-4075714.75,-71.6,2948680.5,50.21,0.0,-0.2306,0.0,0.0008,0.0,-4.9544,0.0,0.3329,0.7912,0.7912,1.0
218,Murhum,Kota Bau Bau,2040,26659.65,0.0,0.0,196.29,64.44,0.0,0.0,342.9,0.0,0.0,0.0,0.0,0.0,0.0,0.0,631.6,534.78,1158703.88,9.8,8.3,17981.13,1158703.88,12260771.0,-11102067.12,0.0945,8077.96,43.47,0.0,0.0,-111.06,-63.28,0.0,0.0,0.0,0.0,0.0,0.0,0.0,0.0,0.0,0.0,0.0,0.0,-2093.91,-76.83,-1772.91,-76.83,-3841375.62,-76.83,-5.73,-36.9,-4.85,-36.88,-10509.35,-36.89,-3841375.62,-76.83,3715053.0,43.47,0.0,-0.0305,0.0,0.0011,0.0,-15.922,0.0,0.3287,0.8698,0.8698,1.0
219,Lea-Lea,Kota Bau Bau,2040,21180.23,135.0,0.0,1711.89,1011.87,6.21,0.0,423.72,4.5,37.64,24.0,85670.09,6.06,3.86,13795.5,9993.35,8461.37,18333240.0,9.88,8.36,18118.18,18418910.09,9740787.0,8678123.09,1.8909,9139.91,75.91,-71.1,-91.97,-210.24,-17.2,-249.99,-86.91,-159.37,-86.91,-568943.85,-86.91,2.34,62.9,1.49,62.87,5328.11,62.93,-8986.02,-47.35,-7608.46,-47.35,-16485264.0,-47.35,-5.65,-36.38,-4.79,-36.43,-10372.3,-36.41,-17054207.85,-48.08,4203444.0,75.91,-0.7935,-0.7342,0.0021,0.0033,-8.7719,-9.8747,0.4474,0.4166,0.6824,0.6824,0.9934
220,Batupoaro,Kota Bau Bau,2040,18128.38,0.0,0.0,0.0,0.0,0.0,0.0,190.26,0.0,0.0,0.0,0.0,0.0,0.0,0.0,0.0,0.0,0.0,0.0,0.0,0.0,0.0,8337243.5,-8337243.5,0.0,5982.23,49.25,0.0,0.0,0.0,0.0,0.0,0.0,0.0,0.0,0.0,0.0,0.0,0.0,0.0,0.0,0.0,0.0,0.0,0.0,0.0,0.0,0.0,0.0,0.0,0.0,0.0,0.0,0.0,0.0,0.0,0.0,2751230.5,49.25,0.0,0.0,0.0,0.0,0.0,0.0,0.0,0.0,0.971,0.971,1.0
0,Wundulako,Kolaka,2045,33705.07,6020.64,794.61,3666.51,3478.23,48.69,85.5,809.19,1075.59,286.57,182.69,652186.19,5.89,3.75,13394.66,50160.91,42471.26,92022472.0,14.42,12.21,26456.7,92674658.19,15500953.0,77173705.19,5.9786,11327.52,50.62,-987.48,-95.3,233.46,7.19,-4580.51,-94.11,-2920.07,-94.11,-10424686.81,-94.11,1.19,25.32,0.76,25.42,2704.45,25.3,-28751.9,-36.44,-24344.21,-36.43,-52746600.0,-36.43,-9.9,-40.71,-8.38,-40.7,-18159.43,-40.7,-63171286.81,-40.53,5209516.0,50.62,0.3334,0.5338,0.0019,0.0033,18.5614,22.4049,0.5676,0.5863,0.3804,0.3804,0.6994
1,Kolaka,Kolaka,2045,64184.02,6075.99,488.88,588.69,5647.59,37.17,0.0,893.07,244.98,218.76,139.46,497879.66,5.89,3.75,13394.66,77662.89,65757.17,142476032.0,13.75,11.64,25227.76,142973911.66,29518232.0,113455679.66,4.8436,19098.41,42.36,-345.24,-90.28,791.28,16.29,-1577.49,-87.82,-1005.65,-87.82,-3590162.84,-87.82,1.19,25.32,0.76,25.42,2704.45,25.3,-40442.58,-34.24,-34242.71,-34.24,-74193728.0,-34.24,-10.57,-43.46,-8.95,-43.47,-19388.37,-43.46,-77783890.84,-35.23,8783362.0,42.36,0.5598,0.6971,0.0028,0.0034,22.6271,26.8122,0.5631,0.5806,0.3613,0.3613,0.8265
2,Pomalaa,Kolaka,2045,65772.94,6252.93,871.29,3145.77,4497.03,62.73,5573.7,1210.59,741.6,369.2,235.36,840247.25,5.89,3.75,13394.66,62363.53,52803.2,114408672.0,13.87,11.74,25440.94,115248919.25,30248974.0,84999945.25,3.81,19969.26,43.6,-1092.42,-94.57,-1433.79,-24.18,-5056.75,-93.2,-3223.69,-93.2,-11508547.75,-93.2,1.19,25.32,0.76,25.42,2704.45,25.3,-81874.03,-56.76,-69322.71,-56.76,-150201536.0,-56.76,-10.45,-42.97,-8.85,-42.98,-19175.19,-42.98,-161710083.75,-58.39,9183862.0,43.6,0.4641,0.5897,0.0029,0.0047,4.0624,13.6179,0.5236,0.4174,0.3819,0.3819,0.5863
3,Watubangga,Kolaka,2045,35409.56,3420.18,3966.93,4476.78,10395.27,66.96,0.0,1070.46,1370.16,457.73,291.8,1041741.31,6.84,4.36,15557.67,156540.0,132542.39,287179520.0,15.06,12.75,27625.98,288221261.31,16284858.0,271936403.31,17.6987,14507.6,69.41,-1014.39,-93.81,-84.24,-0.8,-4621.57,-90.99,-2946.25,-90.99,-10518113.69,-90.99,2.14,45.53,1.37,45.82,4867.46,45.53,-98321.69,-38.58,-83249.03,-38.58,-180375648.0,-38.58,-9.26,-38.08,-7.84,-38.08,-16990.15,-38.08,-190893761.69,-39.84,6672048.0,69.41,0.1852,0.437,0.0002,0.0037,6.1293,12.9367,0.6233,0.5596,0.4544,0.4544,0.384
4,Wolo,Kolaka,2045,42815.57,38771.01,636.84,1218.42,8282.43,115.83,1604.25,873.99,933.12,890.8,567.88,2027340.0,7.69,4.9,17502.72,146694.38,124206.12,269117344.0,17.71,15.0,32492.56,271144684.0,19690884.0,251453800.0,13.7701,22511.23,110.87,-951.48,-89.15,525.06,6.77,-4122.55,-82.23,-2628.13,-82.23,-9382424.0,-82.23,2.99,63.62,1.91,63.88,6812.51,63.73,-41964.82,-22.24,-35531.66,-22.24,-76986592.0,-22.24,-6.61,-27.18,-5.59,-27.15,-12123.58,-27.17,-86369016.0,-24.16,10352914.0,110.87,0.9641,0.6022,0.0043,0.0023,69.9442,73.3965,0.4987,0.5934,0.1753,0.1753,0.2669
5,Baula,Kolaka,2045,29657.58,4267.71,723.78,877.59,6593.85,122.94,0.0,717.03,67.86,725.3,462.38,1650701.0,5.9,3.76,13426.88,97289.93,82375.4,178482752.0,14.75,12.49,27068.06,180133453.0,13639522.0,166493931.0,13.2067,12821.82,76.16,-858.06,-87.47,916.02,16.13,-3882.64,-84.26,-2475.18,-84.26,-8836393.0,-84.26,1.2,25.53,0.77,25.75,2736.67,25.6,-40794.93,-29.54,-34541.03,-29.54,-74840064.0,-29.54,-9.57,-39.35,-8.1,-39.34,-17548.07,-39.33,-83676457.0,-31.72,5896753.5,76.16,0.2979,0.3556,0.0017,0.0039,13.9831,15.5471,0.6117,0.6105,0.3755,0.3755,0.6578
6,Latambaga,Kolaka,2045,37706.67,11606.04,0.0,741.42,8559.54,0.0,26.64,595.8,399.24,0.0,0.0,0.0,0.0,0.0,0.0,126742.6,107312.96,232514992.0,14.81,12.54,27164.43,232514992.0,17341298.0,215173694.0,13.4082,14141.01,60.01,-96.57,-100.0,4.23,0.05,-453.61,-100.0,-289.17,-100.0,-1032353.44,-100.0,-4.7,-100.0,-2.99,-100.0,-10690.21,-100.0,-81322.56,-39.09,-68855.81,-39.09,-149189808.0,-39.09,-9.51,-39.1,-8.05,-39.1,-17451.7,-39.12,-150222161.44,-39.25,6503451.0,60.01,0.0,0.9078,0.0,0.0045,0.0,31.1518,0.0,0.5825,0.2768,0.2768,0.6614
7,Tanggetada,Kolaka,2045,32670.35,7832.25,8712.63,2706.12,6238.17,62.73,397.08,888.03,703.17,370.33,236.09,842830.5,5.9,3.76,13435.84,88182.58,74664.22,161774880.0,14.14,11.97,25933.07,162617710.5,15025093.0,147592617.5,10.8231,11928.88,57.51,-709.56,-91.88,-957.78,-13.31,-3257.26,-89.79,-2076.5,-89.79,-7413109.5,-89.79,1.2,25.53,0.77,25.75,2745.63,25.68,-86822.97,-49.61,-73512.92,-49.61,-159280576.0,-49.61,-10.18,-41.86,-8.62,-41.86,-18683.06,-41.88,-166693685.5,-50.62,5486090.0,57.51,0.3184,0.1814,-0.002,-0.0006,0.5012,5.4107,0.4082,0.6296,0.4337,0.4337,0.4961
8,Samaturu,Kolaka,2045,53420.53,31249.71,670.41,585.63,17612.64,176.58,9.99,934.92,1948.05,1054.47,672.23,2399845.5,5.97,3.81,13590.7,257805.73,218284.22,472956128.0,14.64,12.39,26853.22,475355973.5,24568094.0,450787879.5,19.3485,27838.22,108.82,-1166.22,-86.85,-491.49,-2.71,-5252.91,-83.28,-3348.73,-83.28,-11954965.5,-83.28,1.27,27.02,0.82,27.42,2900.49,27.13,-182486.74,-41.45,-154511.34,-41.45,-334780000.0,-41.45,-9.68,-39.8,-8.2,-39.83,-17762.91,-39.81,-346734965.5,-42.18,12802787.0,108.82,0.8751,0.8353,0.0019,0.0027,24.0283,30.8581,0.5183,0.5638,0.231,0.231,0.4147
9,Toari,Kolaka,2045,20439.21,33.21,136.98,3446.1,5158.89,0.0,22.5,610.56,269.73,0.0,0.0,0.0,0.0,0.0,0.0,69831.14,59126.05,128108360.0,13.54,11.46,24832.54,128108360.0,9399996.0,118708364.0,13.6286,9768.73,91.55,0.0,0.0,293.22,6.03,0.0,0.0,0.0,0.0,0.0,0.0,0.0,0.0,0.0,0.0,0.0,0.0,-48501.95,-40.99,-41066.58,-40.99,-88979048.0,-40.99,-10.78,-44.33,-9.13,-44.34,-19783.6,-44.34,-88979048.0,-40.99,4492641.5,91.55,0.0,0.5208,0.0,0.0034,0.0,14.9847,0.0,0.5398,0.4946,0.4946,0.3725
10,Polinggona,Kolaka,2045,19621.52,6651.81,7541.1,558.36,5475.6,0.0,0.0,480.96,0.0,0.0,0.0,0.0,0.0,0.0,0.0,78370.48,66356.28,143774160.0,14.31,12.12,26257.24,143774160.0,9023939.0,134750221.0,15.9325,7573.95,62.87,-413.01,-100.0,-2229.57,-28.94,-1939.98,-100.0,-1236.74,-100.0,-4415163.0,-100.0,-4.7,-100.0,-2.99,-100.0,-10690.21,-100.0,-109019.3,-58.18,-92306.61,-58.18,-200000720.0,-58.18,-10.01,-41.16,-8.47,-41.14,-18358.89,-41.15,-204415883.0,-58.71,3483264.0,62.87,0.0,0.1338,0.0,0.0007,0.0,5.9936,0.0,0.6173,0.3464,0.3464,0.3879
11,Iwoimendaa,Kolaka,2045,15548.04,15842.79,0.18,189.18,3376.53,8.37,3.15,428.49,73.44,77.41,49.35,176178.09,9.25,5.9,21048.76,67726.65,57344.14,124247544.0,20.06,16.98,36797.41,124423722.09,7150543.5,117273178.59,17.4006,8678.54,126.33,-200.07,-95.98,-444.24,-11.63,-901.67,-92.09,-574.81,-92.09,-2052088.66,-92.09,4.55,96.81,2.91,97.32,10358.55,96.9,-25194.48,-27.11,-21332.16,-27.11,-46220424.0,-27.11,-4.26,-17.52,-3.61,-17.53,-7818.72,-17.52,-48272512.66,-27.95,3991260.75,126.33,0.9269,0.7556,0.0029,0.0016,85.1541,83.055,0.38,0.5555,0.265,0.265,0.2316
12,Lambuya,Konawe,2045,12167.81,3895.83,645.84,2422.71,1304.01,1077.93,0.0,424.44,44.1,7644.68,4873.48,17398324.0,7.09,4.52,16140.5,8480.61,7180.53,15558059.0,6.5,5.51,11930.94,32956383.0,5595975.5,27360407.5,5.8893,3094.59,34.11,-1039.59,-49.09,-15.3,-1.16,-841.32,-9.91,-536.34,-9.91,-1914750.0,-9.91,3.08,76.81,1.97,77.25,7019.89,76.97,-5477.69,-39.24,-4637.96,-39.24,-10049071.0,-39.24,-4.08,-38.56,-3.45,-38.5,-7478.55,-38.53,-11963821.0,-26.63,1423199.5,34.11,-0.5846,-0.5111,-0.0004,0.0005,-7.5581,-2.5983,0.6811,0.6866,0.4534,0.4534,0.6654
13,Unaaha,Konawe,2045,24959.44,8.46,0.0,185.22,879.93,142.2,0.0,1449.09,50.94,813.38,518.53,1851153.75,5.72,3.65,13017.96,5358.98,4537.45,9831291.0,6.09,5.16,11172.81,11682444.75,11478848.0,203596.75,1.0177,10728.56,75.39,-744.66,-83.97,553.05,169.19,-2740.73,-77.11,-1747.21,-77.11,-6237550.25,-77.11,1.71,42.64,1.1,43.14,3897.35,42.73,1900.59,54.96,1609.23,54.96,3486718.5,54.96,-4.49,-42.44,-3.8,-42.41,-8236.68,-42.44,-2750831.75,-19.06,4934068.0,75.39,-0.3334,-0.3249,-0.0022,-0.0011,-15.7882,-11.4688,0.6298,0.6504,0.6973,0.6973,0.9992
14,Wawotobi,Konawe,2045,17145.85,92.34,2261.97,1078.47,2706.48,331.29,0.0,924.03,0.0,2349.51,1497.81,5347185.5,7.09,4.52,16140.5,18445.3,15617.63,33838724.0,6.82,5.77,12502.85,39185909.5,7885377.5,31300532.0,4.9694,5766.69,50.68,-1579.5,-82.66,173.52,6.85,-5308.01,-69.32,-3383.86,-69.32,-12080384.5,-69.32,3.08,76.81,1.97,77.25,7019.89,76.97,-8353.42,-31.17,-7072.84,-31.17,-15324724.0,-31.17,-3.76,-35.54,-3.19,-35.6,-6906.63,-35.58,-27405108.5,-41.15,2652101.5,50.68,-0.6779,-0.6565,-0.0028,-0.0022,-19.3969,-16.8718,0.6659,0.6831,0.6299,0.6299,0.7727
15,Pondidaha,Konawe,2045,20090.08,718.38,1843.29,5363.1,1312.38,239.13,0.0,675.18,45.72,1837.24,1171.24,4181316.5,7.68,4.9,17485.54,9134.52,7734.2,16757683.0,6.96,5.89,12768.93,20938999.5,9239425.0,11699574.5,2.2663,8685.44,76.16,-873.18,-78.5,-902.07,-40.74,-2620.36,-58.78,-1670.48,-58.78,-5963628.5,-58.78,3.67,91.52,2.35,92.16,8364.93,91.71,-14294.36,-61.01,-12103.03,-61.01,-26223653.0,-61.01,-3.62,-34.22,-3.07,-34.26,-6640.56,-34.21,-32187281.5,-60.59,3994432.5,76.16,-1.0434,-1.0289,-0.0023,-0.0022,-22.5643,-23.1346,0.7108,0.7259,0.6315,0.6315,0.5494
16,Sampara,Konawe,2045,3458.83,428.04,583.74,3408.3,20.16,0.0,0.0,136.62,92.43,0.0,0.0,0.0,0.0,0.0,0.0,140.32,118.81,257421.53,6.96,5.89,12768.93,257421.53,1590714.25,-1333292.72,0.1618,986.84,39.92,0.0,0.0,-121.5,-85.77,0.0,0.0,0.0,0.0,0.0,0.0,0.0,0.0,0.0,0.0,0.0,0.0,-1358.44,-90.64,-1150.19,-90.64,-2492126.22,-90.64,-3.62,-34.22,-3.07,-34.26,-6640.56,-34.21,-2492126.22,-90.64,453845.25,39.92,0.0,-0.7019,0.0,-0.0016,0.0,-17.652,0.0,0.6845,0.6277,0.6277,0.8408
17,Abuki,Konawe,2045,15487.01,13354.11,822.51,2087.28,3177.72,194.76,0.0,746.01,100.26,1070.45,682.41,2436206.5,5.5,3.5,12508.76,18094.19,15320.35,33194600.0,5.69,4.82,10446.04,35630806.5,7122476.0,28508330.5,5.0026,6230.31,67.31,-786.33,-80.15,144.72,4.77,-2861.29,-72.77,-1824.07,-72.77,-6511933.5,-72.77,1.49,37.16,0.95,37.25,3388.15,37.15,-13994.95,-43.61,-11849.53,-43.61,-25674372.0,-43.61,-4.89,-46.22,-4.14,-46.21,-8963.45,-46.18,-32186305.5,-47.46,2865317.5,67.31,0.3707,0.2779,-0.0008,-0.001,-14.7049,-13.9714,0.5712,0.5998,0.3002,0.3002,0.5353
18,Soropia,Konawe,2045,8233.58,138.69,0.0,4431.15,47.52,0.0,0.0,453.33,101.34,0.0,0.0,0.0,0.0,0.0,0.0,310.08,262.54,568855.62,6.53,5.52,11970.87,568855.62,3786623.0,-3217767.38,0.1502,1774.35,27.47,0.0,0.0,-1198.71,-96.19,0.0,0.0,0.0,0.0,0.0,0.0,0.0,0.0,0.0,0.0,0.0,0.0,-12875.04,-97.65,-10901.3,-97.65,-23619826.38,-97.65,-4.05,-38.28,-3.44,-38.39,-7438.61,-38.32,-23619826.38,-97.65,816022.75,27.47,0.0,0.4637,0.0,-0.0009,0.0,-1.1189,0.0,0.4278,0.6611,0.6611,0.8379
19,Tongauna,Konawe,2045,8130.34,832.32,0.0,592.29,1196.82,1161.0,0.0,921.06,22.59,6180.04,3939.77,14064990.0,5.32,3.39,12114.55,7288.72,6171.36,13371482.0,6.09,5.16,11172.51,27436472.0,3739143.5,23697328.5,7.3376,2140.91,35.74,-841.95,-42.04,581.13,94.39,-1846.82,-23.01,-1177.35,-23.01,-4203136.0,-23.01,1.31,32.67,0.84,32.94,2993.94,32.83,774.72,11.89,655.96,11.89,1421256.0,11.89,-4.49,-42.44,-3.8,-42.41,-8236.98,-42.44,-2781880.0,-9.21,984606.25,35.74,-0.1511,-0.0979,-0.0014,-0.0007,-13.8373,-11.7463,0.6435,0.6749,0.5251,0.5251,0.91
20,Latoma,Konawe,2045,20509.92,91122.21,0.0,2180.52,1038.6,0.0,0.0,461.25,101.07,0.0,0.0,0.0,0.0,0.0,0.0,6777.13,5738.19,12432944.0,6.53,5.52,11970.87,12432944.0,9432515.0,3000429.0,1.3181,9478.57,85.92,0.0,0.0,-1081.08,-51.0,0.0,0.0,0.0,0.0,0.0,0.0,0.0,0.0,0.0,0.0,0.0,0.0,-15649.08,-69.78,-13250.09,-69.78,-28708956.0,-69.78,-4.05,-38.28,-3.44,-38.39,-7438.62,-38.32,-28708956.0,-69.78,4359193.0,85.92,0.0,0.6387,0.0,0.0006,0.0,22.7423,0.0,0.5411,0.1344,0.1344,0.1967
21,Puriala,Konawe,2045,15020.4,1780.92,637.2,8465.04,1150.29,1118.16,0.0,688.41,52.56,7364.74,4695.02,16761219.0,6.59,4.2,14990.0,7573.0,6412.06,13893007.0,6.58,5.57,12077.83,30654226.0,6907879.0,23746347.0,4.4376,4745.5,46.19,-3657.78,-76.59,147.96,14.76,-11774.92,-61.52,-7506.52,-61.52,-26798261.0,-61.52,2.58,64.34,1.65,64.71,5869.39,64.35,-3031.65,-28.59,-2566.9,-28.59,-5561701.0,-28.59,-4.0,-37.81,-3.39,-37.83,-7331.65,-37.77,-32359962.0,-51.35,2182452.0,46.19,-0.6153,-0.589,-0.0012,-0.0006,-10.0794,-6.3933,0.7051,0.6946,0.4974,0.4974,0.4845
22,Uepai,Konawe,2045,16185.02,7097.31,110.07,1520.1,2537.28,534.24,0.0,1232.73,207.18,3539.85,2256.65,8056246.5,6.63,4.22,15079.83,15454.9,13085.67,28352716.0,6.09,5.16,11174.45,36408962.5,7443489.5,28965473.0,4.8914,2674.73,19.8,-785.25,-59.51,229.59,9.95,-1748.03,-33.06,-1114.37,-33.06,-3978306.5,-33.06,2.62,65.34,1.67,65.49,5959.22,65.34,-8960.46,-36.7,-7586.82,-36.7,-16438356.0,-36.7,-4.49,-42.44,-3.8,-42.41,-8235.03,-42.43,-20416662.5,-35.93,1230105.0,19.8,-0.4248,-0.2581,0.0002,0.0003,-4.2215,-5.1573,0.6801,0.683,0.3626,0.3626,0.877
23,Wonggeduku,Konawe,2045,14181.64,0.0,1350.72,1796.94,1054.17,1020.6,0.0,1286.46,44.91,7829.46,4991.28,17818866.0,7.67,4.89,17459.21,7337.31,6212.5,13460618.0,6.96,5.89,12768.93,31279484.0,6522136.0,24757348.0,4.7959,5969.78,72.7,-1534.68,-60.06,346.86,49.04,-2410.87,-23.54,-1536.93,-23.54,-5486846.0,-23.54,3.66,91.27,2.34,91.76,8338.6,91.43,-146.03,-1.95,-123.64,-1.95,-267906.0,-1.95,-3.62,-34.22,-3.07,-34.26,-6640.56,-34.21,-5754752.0,-15.54,2745502.25,72.7,-0.9345,-1.0046,-0.0015,-0.0018,-15.492,-18.0699,0.7016,0.7016,0.6171,0.6171,0.5598
24,Besulutu,Konawe,2045,6147.52,1848.69,2985.3,2567.79,2087.82,0.0,0.0,133.29,81.27,0.0,0.0,0.0,0.0,0.0,0.0,14531.79,12304.07,26659218.0,6.96,5.89,12768.93,26659218.0,2827243.25,23831974.75,9.4294,2749.7,80.93,-0.18,-100.0,-374.67,-15.22,-0.72,-100.0,-0.46,-100.0,-1641.71,-100.0,-4.01,-100.0,-2.55,-100.0,-9120.61,-100.0,-11521.35,-44.22,-9755.13,-44.22,-21136454.0,-44.22,-3.62,-34.22,-3.07,-34.26,-6640.56,-34.21,-21138095.71,-44.22,1264585.75,80.93,0.0,-0.8917,0.0,-0.0021,0.0,-21.8212,0.0,0.7015,0.5716,0.5716,0.6214
25,Bondoala,Konawe,2045,2367.77,0.0,0.18,736.02,387.27,0.0,6.48,568.53,1081.35,0.0,0.0,0.0,0.0,0.0,0.0,2758.03,2335.22,5059727.0,7.12,6.03,13065.11,5059727.0,1088937.88,3970789.12,4.6465,944.39,66.35,0.0,0.0,36.54,10.42,0.0,0.0,0.0,0.0,0.0,0.0,0.0,0.0,0.0,0.0,0.0,0.0,-952.69,-25.67,-806.65,-25.67,-1747762.0,-25.67,-3.46,-32.7,-2.93,-32.7,-6344.38,-32.69,-1747762.0,-25.67,434327.63,66.35,0.0,-0.7002,0.0,-0.0025,0.0,-18.7325,0.0,0.646,0.6366,0.6366,0.7697
26,Routa,Konawe,2045,11316.68,153885.33,3207.69,6596.28,5495.76,0.0,87.57,54.81,499.14,0.0,0.0,0.0,0.0,0.0,0.0,41911.35,35486.36,76888264.0,7.63,6.46,13990.47,76888264.0,5204542.5,71683721.5,14.7733,2808.19,33.0,0.0,0.0,-2238.75,-28.94,0.0,0.0,0.0,0.0,0.0,0.0,0.0,0.0,0.0,0.0,0.0,0.0,-39919.77,-48.78,-33800.03,-48.78,-73234536.0,-48.78,-2.95,-27.88,-2.5,-27.9,-5419.01,-27.92,-73234536.0,-48.78,1291493.75,33.0,0.0,-0.0039,0.0,0.0001,0.0,-7.0828,0.0,0.527,0.1278,0.1278,0.1017
27,Anggaberi,Konawe,2045,10082.67,6023.61,2768.04,1266.48,1184.31,72.45,0.0,357.57,0.0,496.9,316.77,1130884.0,6.86,4.37,15609.16,7212.73,6107.02,13232071.0,6.09,5.16,11172.81,14362955.0,4637019.5,9725935.5,3.0975,3808.64,60.7,-345.6,-82.67,-603.27,-33.75,-1178.44,-70.34,-751.26,-70.34,-2681986.75,-70.34,2.85,71.07,1.82,71.37,6488.55,71.14,-11699.87,-61.86,-9906.28,-61.86,-21463933.0,-61.86,-4.49,-42.44,-3.8,-42.41,-8236.67,-42.44,-24145919.75,-62.7,1751593.25,60.7,-0.4375,-0.349,-0.0025,-0.0012,-17.219,-13.2878,0.6415,0.7181,0.315,0.315,0.7118
28,Meluhu,Konawe,2045,11378.03,5854.77,5292.36,528.12,644.31,130.77,0.0,479.43,0.0,850.14,541.96,1934801.62,6.5,4.14,14795.45,4074.5,3449.88,7474850.0,6.32,5.35,11601.33,9409651.62,5232755.0,4176896.62,1.7982,2772.51,32.22,-743.04,-85.03,-667.98,-50.9,-2651.67,-75.72,-1690.44,-75.72,-6034878.38,-75.72,2.49,62.09,1.59,62.35,5674.84,62.22,-9809.53,-70.65,-8305.73,-70.65,-17996022.0,-70.65,-4.26,-40.26,-3.61,-40.29,-7808.15,-40.23,-24030900.38,-71.86,1275077.5,32.22,-0.8581,-0.8312,-0.0035,-0.0039,-23.5132,-25.6868,0.6902,0.6726,0.4974,0.4974,0.6353
29,Amonggedo,Konawe,2045,19285.13,7846.02,5178.24,1621.8,1000.71,40.05,37.35,1151.73,0.0,302.92,193.11,689401.0,7.56,4.82,17213.51,6965.21,5897.44,12777992.0,6.96,5.89,12768.93,13467393.0,8869231.0,4598162.0,1.5184,5880.0,43.86,-1615.77,-97.58,-604.89,-37.67,-6332.81,-95.44,-4037.17,-95.44,-14412686.0,-95.44,3.55,88.53,2.27,89.02,8092.9,88.73,-10022.04,-59.0,-8485.66,-59.0,-18385878.0,-59.0,-3.62,-34.22,-3.07,-34.26,-6640.56,-34.21,-32798564.0,-70.89,2704211.5,43.86,-0.9728,-0.9947,-0.0013,-0.0036,-9.9998,-27.7187,0.7547,0.6744,0.3694,0.3694,0.5954
30,Asinua,Konawe,2045,16018.04,32046.75,0.0,3272.49,1248.3,0.0,0.0,289.62,135.63,0.0,0.0,0.0,0.0,0.0,0.0,7375.05,6244.45,13529859.0,5.91,5.0,10838.63,13529859.0,7366697.0,6163162.0,1.8366,7012.94,77.88,-179.19,-100.0,-778.5,-38.41,-718.11,-100.0,-457.79,-100.0,-1634322.12,-100.0,-4.01,-100.0,-2.55,-100.0,-9120.61,-100.0,-14068.49,-65.61,-11911.8,-65.61,-25809281.0,-65.61,-4.67,-44.14,-3.96,-44.2,-8570.85,-44.16,-27443603.12,-66.98,3225255.25,77.88,0.0,0.6704,0.0,-0.0006,0.0,-9.6976,0.0,0.6531,0.214,0.214,0.383
31,Konawe,Konawe,2045,7463.4,0.0,20.7,342.72,1422.27,47.25,0.0,502.29,80.64,335.1,213.62,762638.5,7.09,4.52,16140.5,9481.48,8027.97,17394196.0,6.67,5.64,12229.88,18156834.5,3432419.5,14724415.0,5.2898,2412.66,47.77,-299.79,-86.38,150.75,11.86,-1055.67,-75.91,-673.0,-75.91,-2402577.75,-75.91,3.08,76.81,1.97,77.25,7019.89,76.97,-3971.2,-29.52,-3362.42,-29.52,-7285352.0,-29.52,-3.91,-36.96,-3.32,-37.05,-7179.6,-36.99,-9687929.75,-34.79,1109584.5,47.77,-0.6714,-0.5875,-0.0005,-0.0011,-8.1128,-10.9752,0.6962,0.6778,0.6418,0.6418,0.8033
32,Kapoiala,Konawe,2045,2429.96,3.87,0.36,239.49,872.37,0.0,0.0,246.24,2160.45,0.0,0.0,0.0,0.0,0.0,0.0,5692.43,4819.78,10443024.0,6.53,5.52,11970.87,10443024.0,1117540.88,9325483.12,9.3446,1040.65,74.9,0.0,0.0,582.21,200.65,0.0,0.0,0.0,0.0,0.0,0.0,0.0,0.0,0.0,0.0,0.0,0.0,2622.54,85.43,2220.5,85.43,4811168.0,85.43,-4.05,-38.28,-3.44,-38.39,-7438.61,-38.32,4811168.0,85.43,478595.69,74.9,0.0,-0.0381,0.0,-0.0041,0.0,-8.0246,0.0,0.5429,0.6249,0.6249,0.7796
33,Lalonggasumeeto,Konawe,2045,8053.26,338.85,0.0,2283.3,183.87,0.0,0.0,400.95,0.18,0.0,0.0,0.0,0.0,0.0,0.0,1199.8,1015.87,2201083.25,6.53,5.52,11970.87,2201083.25,3703695.5,-1502612.25,0.5943,2933.42,57.3,0.0,0.0,-50.4,-21.51,0.0,0.0,0.0,0.0,0.0,0.0,0.0,0.0,0.0,0.0,0.0,0.0,-1278.78,-51.59,-1082.74,-51.59,-2345976.75,-51.59,-4.05,-38.28,-3.44,-38.39,-7438.61,-38.32,-2345976.75,-51.59,1349079.75,57.3,0.0,0.3249,0.0,0.0067,0.0,5.8327,0.0,0.554,0.5654,0.5654,0.8921
34,Onembute,Konawe,2045,15267.45,6795.36,348.21,4476.69,2974.5,362.61,0.0,253.44,0.0,2209.41,1408.5,5028329.5,6.09,3.88,13867.05,18115.41,15338.31,33233522.0,6.09,5.16,11172.81,38261851.5,7021501.0,31240350.5,5.4492,6116.84,66.85,-1619.1,-81.7,780.57,35.58,-5732.33,-72.18,-3654.36,-72.18,-13046074.5,-72.18,2.08,51.87,1.33,52.16,4746.44,52.04,-5096.37,-21.96,-4315.1,-21.96,-9349530.0,-21.96,-4.49,-42.44,-3.8,-42.41,-8236.68,-42.44,-22395604.5,-36.92,2813136.5,66.85,-0.3055,-0.3194,0.001,0.0008,1.0891,1.4497,0.6527,0.7004,0.3535,0.3535,0.4966
35,Padangguni,Konawe,2045,14446.4,15898.68,221.31,1085.85,3616.47,190.53,0.0,842.22,0.0,1110.18,707.74,2526633.5,5.83,3.71,13261.08,20451.93,17316.65,37519992.0,5.66,4.79,10374.76,40046625.5,6643901.5,33402724.0,6.0276,5941.36,69.86,-1876.95,-90.78,1357.56,60.1,-7175.28,-86.6,-4574.24,-86.6,-16330044.5,-86.6,1.82,45.39,1.16,45.49,4140.47,45.4,-3447.34,-14.42,-2918.86,-14.42,-6324292.0,-14.42,-4.92,-46.5,-4.17,-46.54,-9034.73,-46.55,-22654336.5,-36.13,2732434.5,69.86,0.4829,0.443,-0.0004,-0.0018,-10.9135,-16.0692,0.5739,0.596,0.2424,0.2424,0.4054
36,Morosi,Konawe,2045,4438.35,5501.88,698.58,1623.24,1028.52,131.49,1306.71,375.48,1263.78,854.82,544.95,1945454.75,6.5,4.14,14795.46,7161.32,6063.49,13137764.0,6.96,5.9,12773.46,15083218.75,2041198.12,13042020.62,7.3894,1229.28,38.31,-874.08,-86.92,-329.31,-24.25,-3175.02,-78.79,-2024.07,-78.79,-7225956.25,-78.79,2.49,62.09,1.59,62.35,5674.85,62.22,-7204.52,-50.15,-6100.07,-50.15,-13217016.0,-50.15,-3.62,-34.22,-3.06,-34.15,-6636.02,-34.19,-20442972.25,-57.54,565345.62,38.31,-0.3988,-0.5405,-0.002,-0.0019,-14.3335,-15.186,0.5827,0.6093,0.4911,0.4911,0.6184
37,Anggalomoare,Konawe,2045,1962.98,0.0,38.97,1492.38,133.47,0.0,0.0,168.57,42.48,0.0,0.0,0.0,0.0,0.0,0.0,929.1,786.67,1704484.0,6.96,5.89,12770.54,1704484.0,902773.94,801710.06,1.8881,384.96,24.4,0.0,0.0,133.11,36975.0,0.0,0.0,0.0,0.0,0.0,0.0,0.0,0.0,0.0,0.0,0.0,0.0,925.29,24285.83,783.45,24330.75,1697496.59,24293.65,-3.62,-34.22,-3.07,-34.26,-6638.94,-34.2,1697496.59,24293.65,177041.75,24.39,0.0,-0.3026,0.0,-0.0011,0.0,-8.144,0.0,0.5572,0.6305,0.6305,0.871
38,Wonggeduku Barat,Konawe,2045,8747.4,0.0,43.11,346.23,1790.91,791.55,0.0,571.23,82.35,5782.23,3686.17,13159631.0,7.3,4.66,16625.14,12465.22,10554.3,22867994.0,6.96,5.89,12768.92,36027625.0,4022929.25,32004695.75,8.9556,3532.72,67.75,-1574.64,-66.55,1066.5,147.22,-3700.32,-39.02,-2358.95,-39.02,-8421465.0,-39.02,3.29,82.04,2.11,82.75,7504.53,82.28,4800.96,62.64,4064.97,62.64,8807569.0,62.64,-3.62,-34.22,-3.07,-34.26,-6640.56,-34.21,386104.0,1.08,1624696.0,67.75,-0.8195,-0.7867,-0.0013,-0.0009,-13.5047,-11.5926,0.6966,0.7002,0.5961,0.5961,0.6443
39,Tongauna Utara,Konawe,2045,10381.36,9485.19,1608.84,2069.82,888.39,2091.42,0.0,725.31,12.87,11124.26,7091.71,25317418.0,5.32,3.39,12105.37,5257.38,4451.43,9644904.0,5.92,5.01,10856.61,34962322.0,4774385.5,30187936.5,7.3229,3658.81,54.43,-1684.62,-44.61,441.27,98.69,-4008.29,-26.49,-2555.29,-26.49,-9122370.0,-26.49,1.31,32.67,0.84,32.94,2984.76,32.73,526.85,11.14,446.09,11.14,966535.0,11.14,-4.66,-44.05,-3.95,-44.08,-8552.88,-44.07,-8155835.0,-18.92,1682682.75,54.43,-0.0487,-0.0605,-0.002,-0.0018,-18.17,-14.3693,0.6055,0.7664,0.2745,0.2745,0.614
40,Napabalano,Muna,2045,13819.43,1558.26,33.93,43.38,5175.18,0.0,0.0,319.86,739.26,0.0,0.0,0.0,0.0,0.0,0.0,24173.1,20467.36,44346628.0,4.67,3.95,8569.1,44346628.0,6355554.5,37991073.5,6.9776,3132.48,29.31,0.0,0.0,291.87,5.98,0.0,0.0,0.0,0.0,0.0,0.0,0.0,0.0,0.0,0.0,0.0,0.0,-14991.04,-38.28,-12692.92,-38.28,-27501764.0,-38.28,-3.35,-41.77,-2.84,-41.83,-6143.95,-41.76,-27501764.0,-38.28,1440628.0,29.31,0.0,0.2658,0.0,0.0014,0.0,9.0899,0.0,0.526,0.5029,0.5029,0.3268
41,Maligano,Muna,2045,8385.69,6928.38,0.0,146.43,4189.05,0.0,0.0,456.39,45.09,0.0,0.0,0.0,0.0,0.0,0.0,23209.56,19651.53,42578972.0,5.54,4.69,10164.35,42578972.0,3856577.5,38722394.5,11.0406,4064.07,94.04,0.0,0.0,393.48,10.37,0.0,0.0,0.0,0.0,0.0,0.0,0.0,0.0,0.0,0.0,0.0,0.0,-7230.91,-23.75,-6122.42,-23.75,-13265448.0,-23.75,-2.48,-30.92,-2.1,-30.93,-4548.7,-30.92,-13265448.0,-23.75,1869062.62,94.04,0.0,-0.3603,0.0,0.0016,0.0,7.3342,0.0,0.6228,0.434,0.434,0.4539
42,Wakorumba Selatan,Muna,2045,5275.38,5432.67,0.0,2290.5,1362.87,0.0,0.0,288.27,26.28,0.0,0.0,0.0,0.0,0.0,0.0,7982.16,6758.5,14643638.0,5.86,4.96,10744.71,14643638.0,2426148.75,12217489.25,6.0358,2395.06,83.15,0.0,0.0,225.9,19.87,0.0,0.0,0.0,0.0,0.0,0.0,0.0,0.0,0.0,0.0,0.0,0.0,-1136.34,-12.46,-962.13,-12.46,-2084660.0,-12.46,-2.16,-26.93,-1.83,-26.95,-3968.34,-26.97,-2084660.0,-12.46,1101487.5,83.15,0.0,0.0965,0.0,-0.0009,0.0,7.64,0.0,0.5747,0.5047,0.5047,0.4196
43,Lasalepa,Muna,2045,16995.95,461.52,16.65,603.9,7733.79,0.0,0.0,791.64,321.66,0.0,0.0,0.0,0.0,0.0,0.0,37077.42,31393.45,68020192.0,4.79,4.06,8795.2,68020192.0,7816440.0,60203752.0,8.7022,1138.59,7.18,0.0,0.0,-637.74,-7.62,0.0,0.0,0.0,0.0,0.0,0.0,0.0,0.0,0.0,0.0,0.0,0.0,-30062.25,-44.78,-25453.7,-44.78,-55150544.0,-44.78,-3.23,-40.27,-2.73,-40.21,-5917.85,-40.22,-55150544.0,-44.78,523638.5,7.18,0.0,-0.0018,0.0,0.0018,0.0,7.0299,0.0,0.5875,0.5526,0.5526,0.3229
44,Batalaiworu,Muna,2045,9800.41,0.0,0.0,167.31,970.02,0.0,0.0,648.18,225.81,0.0,0.0,0.0,0.0,0.0,0.0,4210.79,3565.27,7724878.5,4.34,3.68,7963.63,7724878.5,4507206.0,3217672.5,1.7139,-561.41,-5.42,0.0,0.0,-274.32,-22.05,0.0,0.0,0.0,0.0,0.0,0.0,0.0,0.0,0.0,0.0,0.0,0.0,-5768.82,-57.81,-4884.46,-57.81,-10583159.5,-57.81,-3.68,-45.89,-3.11,-45.8,-6749.42,-45.87,-10583159.5,-57.81,-258194.0,-5.42,0.0,-0.1556,0.0,0.0012,0.0,6.8206,0.0,0.6213,0.707,0.707,0.3286
45,Katobu,Muna,2045,12971.33,0.0,0.0,191.52,49.95,0.0,0.0,515.16,110.43,0.0,0.0,0.0,0.0,0.0,0.0,213.82,181.04,392264.44,4.28,3.62,7853.14,392264.44,5965513.5,-5573249.06,0.0658,-977.79,-7.01,0.0,0.0,-155.88,-75.73,0.0,0.0,0.0,0.0,0.0,0.0,0.0,0.0,0.0,0.0,0.0,0.0,-1436.94,-87.05,-1216.66,-87.05,-2636122.56,-87.05,-3.74,-46.63,-3.17,-46.69,-6859.91,-46.62,-2636122.56,-87.05,-449688.5,-7.01,0.0,-0.2201,0.0,0.0017,0.0,6.2394,0.0,0.6363,0.8435,0.8435,0.3344
46,Duruka,Muna,2045,7670.77,16.65,0.0,636.39,317.52,0.0,0.0,314.91,61.11,0.0,0.0,0.0,0.0,0.0,0.0,1367.54,1157.9,2508821.5,4.31,3.65,7901.3,2508821.5,3527786.0,-1018964.5,0.7112,1347.38,21.31,0.0,0.0,-416.88,-56.76,0.0,0.0,0.0,0.0,0.0,0.0,0.0,0.0,0.0,0.0,0.0,0.0,-4522.35,-76.78,-3829.07,-76.78,-8296444.5,-76.78,-3.71,-46.26,-3.14,-46.24,-6811.75,-46.3,-8296444.5,-76.78,619658.5,21.31,0.0,-0.2618,0.0,-0.0018,0.0,5.1537,0.0,0.6474,0.7142,0.7142,0.3454
47,Lohia,Muna,2045,14748.59,2430.18,0.0,4490.1,943.92,0.0,0.0,532.53,26.64,0.0,0.0,0.0,0.0,0.0,0.0,4424.29,3746.05,8116564.5,4.69,3.97,8598.78,8116564.5,6782878.0,1333686.5,1.1966,3515.06,31.29,0.0,0.0,-734.13,-43.75,0.0,0.0,0.0,0.0,0.0,0.0,0.0,0.0,0.0,0.0,0.0,0.0,-9033.67,-67.13,-7648.81,-67.13,-16572671.5,-67.13,-3.33,-41.52,-2.82,-41.53,-6114.27,-41.56,-16572671.5,-67.13,1616575.5,31.29,0.0,-0.0373,0.0,0.0005,0.0,7.3245,0.0,0.6062,0.4811,0.4811,0.3571
48,Watopute,Muna,2045,17759.87,43.74,253.62,446.22,8900.28,0.0,0.0,724.86,0.0,0.0,0.0,0.0,0.0,0.0,0.0,37070.45,31387.55,68007400.0,4.17,3.53,7641.04,68007400.0,8167766.0,59839634.0,8.3263,4836.38,37.42,0.0,0.0,61.65,0.7,0.0,0.0,0.0,0.0,0.0,0.0,0.0,0.0,0.0,0.0,0.0,0.0,-33815.35,-47.7,-28631.47,-47.7,-62035832.0,-47.7,-3.85,-48.0,-3.26,-48.01,-7072.01,-48.07,-62035832.0,-47.7,2224252.0,37.42,0.0,-0.0674,0.0,0.0046,0.0,5.9665,0.0,0.6092,0.4451,0.4451,0.3489
49,Kontunaga,Muna,2045,8181.26,0.0,30.87,844.74,2895.57,0.0,0.0,390.51,0.0,0.0,0.0,0.0,0.0,0.0,0.0,10040.21,8501.04,18419208.0,3.47,2.94,6361.17,18419208.0,3762560.75,14656647.25,4.8954,1786.41,27.94,0.0,0.0,125.37,4.53,0.0,0.0,0.0,0.0,0.0,0.0,0.0,0.0,0.0,0.0,0.0,0.0,-12176.79,-54.81,-10310.09,-54.81,-22338888.0,-54.81,-4.55,-56.73,-3.85,-56.7,-8351.88,-56.77,-22338888.0,-54.81,821568.5,27.94,0.0,-0.2273,0.0,0.0025,0.0,6.1516,0.0,0.6319,0.5722,0.5722,0.3593
50,Kabangka,Muna,2045,20569.74,259.47,0.0,109.98,6186.78,0.0,0.0,1037.25,786.96,0.0,0.0,0.0,0.0,0.0,0.0,29548.78,25018.95,54208560.0,4.78,4.04,8762.0,54208560.0,9460022.0,44748538.0,5.7303,8777.37,74.43,-82.89,-100.0,-176.49,-2.77,-259.57,-100.0,-165.47,-100.0,-590745.19,-100.0,-3.13,-100.0,-2.0,-100.0,-7126.86,-100.0,-21484.64,-42.1,-18191.05,-42.1,-39414560.0,-42.1,-3.24,-40.4,-2.75,-40.5,-5951.05,-40.45,-40005305.19,-42.46,4036710.5,74.43,0.0,0.3427,0.0,0.0016,0.0,8.9892,0.0,0.5547,0.5517,0.5517,0.7346
51,Kabawo,Muna,2045,24459.02,981.45,0.0,896.22,11820.15,0.0,29.25,769.23,1313.64,0.0,0.0,0.0,0.0,0.0,0.0,59641.69,50498.62,109415368.0,5.05,4.27,9256.68,109415368.0,11248706.0,98166662.0,9.7269,9593.72,64.54,-70.83,-100.0,1533.78,14.91,-221.8,-100.0,-141.4,-100.0,-504795.34,-100.0,-3.13,-100.0,-2.0,-100.0,-7126.86,-100.0,-22854.99,-27.7,-19351.3,-27.7,-41928520.0,-27.7,-2.97,-37.03,-2.52,-37.11,-5456.37,-37.09,-42433315.34,-27.94,4412153.0,64.54,0.0,0.393,0.0,0.0007,0.0,7.9943,0.0,0.562,0.501,0.501,0.5344
52,Parigi,Muna,2045,23665.94,800.1,0.0,1512.27,8328.69,0.0,0.0,847.17,1830.87,0.0,0.0,0.0,0.0,0.0,0.0,44574.4,37741.14,81773744.0,5.35,4.53,9818.32,81773744.0,10883965.0,70889779.0,7.5132,7812.23,49.28,-73.35,-100.0,1076.67,14.85,-229.69,-100.0,-146.43,-100.0,-522754.97,-100.0,-3.13,-100.0,-2.0,-100.0,-7126.86,-100.0,-13586.8,-23.36,-11503.94,-23.36,-24925592.0,-23.36,-2.67,-33.29,-2.26,-33.28,-4894.73,-33.27,-25448346.97,-23.73,3592845.0,49.28,0.0,0.5463,0.0,0.0005,0.0,8.2994,0.0,0.5328,0.5259,0.5259,0.5444
53,Bone,Muna,2045,15533.82,308.97,0.0,1829.34,8947.08,0.0,0.0,216.27,0.0,0.0,0.0,0.0,0.0,0.0,0.0,47940.3,40591.05,87948640.0,5.36,4.54,9829.87,87948640.0,7144003.0,80804637.0,12.3108,4704.4,43.44,0.0,0.0,2162.52,31.87,0.0,0.0,0.0,0.0,0.0,0.0,0.0,0.0,0.0,0.0,0.0,0.0,-6471.86,-11.89,-5479.73,-11.89,-11872952.0,-11.89,-2.66,-33.17,-2.25,-33.14,-4883.18,-33.19,-11872952.0,-11.89,2163553.0,43.44,0.0,0.6801,0.0,0.0006,0.0,8.4608,0.0,0.5077,0.5334,0.5334,0.5586
54,Tongkuno,Muna,2045,41149.35,10031.49,0.0,14234.85,10338.12,0.0,0.0,761.22,0.0,0.0,0.0,0.0,0.0,0.0,0.0,54340.07,46009.75,99689328.0,5.26,4.45,9642.89,99689328.0,18924588.0,80764740.0,5.2677,10365.28,33.67,0.0,0.0,229.23,2.27,0.0,0.0,0.0,0.0,0.0,0.0,0.0,0.0,0.0,0.0,0.0,0.0,-26733.25,-32.97,-22635.02,-32.97,-49043312.0,-32.97,-2.76,-34.41,-2.34,-34.46,-5070.16,-34.46,-49043312.0,-32.97,4766992.0,33.67,0.0,0.4955,0.0,0.001,0.0,10.0658,0.0,0.5259,0.4247,0.4247,0.5103
55,Pasir Putih,Muna,2045,5726.6,5817.24,0.0,2327.85,1665.9,0.0,0.0,210.15,0.0,0.0,0.0,0.0,0.0,0.0,0.0,9388.62,7949.34,17223844.0,5.64,4.77,10339.06,17223844.0,2633663.75,14590180.25,6.5399,2371.27,70.67,0.0,0.0,-162.0,-8.86,0.0,0.0,0.0,0.0,0.0,0.0,0.0,0.0,0.0,0.0,0.0,0.0,-5271.14,-35.96,-4463.08,-35.96,-9670144.0,-35.96,-2.38,-29.68,-2.02,-29.75,-4373.99,-29.73,-9670144.0,-35.96,1090548.5,70.67,0.0,0.5483,0.0,-0.0007,0.0,9.7777,0.0,0.4889,0.5055,0.5055,0.4187
56,Kontu Kowuna,Muna,2045,6315.63,0.0,0.0,0.0,3194.64,0.0,0.0,381.15,0.0,0.0,0.0,0.0,0.0,0.0,0.0,14933.57,12644.26,27396310.0,4.67,3.96,8575.71,27396310.0,2904557.0,24491753.0,9.4322,2490.63,65.11,0.0,0.0,63.36,2.02,0.0,0.0,0.0,0.0,0.0,0.0,0.0,0.0,0.0,0.0,0.0,0.0,-10179.29,-40.53,-8618.8,-40.53,-18674374.0,-40.53,-3.35,-41.77,-2.83,-41.68,-6137.34,-41.71,-18674374.0,-40.53,1145438.5,65.11,0.0,0.3065,0.0,0.0022,0.0,9.3711,0.0,0.5579,0.5272,0.5272,0.5562
57,Marobo,Muna,2045,11305.63,402.75,0.0,1085.94,2421.54,0.0,0.0,262.98,58.77,0.0,0.0,0.0,0.0,0.0,0.0,11741.77,9941.76,21540810.0,4.85,4.11,8895.5,21540810.0,5199457.5,16341352.5,4.1429,4048.05,55.78,0.0,0.0,7.92,0.33,0.0,0.0,0.0,0.0,0.0,0.0,0.0,0.0,0.0,0.0,0.0,0.0,-7615.46,-39.34,-6448.01,-39.34,-13970906.0,-39.34,-3.17,-39.53,-2.68,-39.47,-5817.55,-39.54,-13970906.0,-39.34,1861694.25,55.78,0.0,0.689,0.0,-0.0008,0.0,8.735,0.0,0.5098,0.619,0.619,0.5149
58,Tongkuno Selatan,Muna,2045,13688.02,68.76,0.0,1665.0,2930.31,0.0,0.0,142.65,0.0,0.0,0.0,0.0,0.0,0.0,0.0,15381.15,13023.21,28217402.0,5.25,4.44,9629.49,28217402.0,6295119.0,21922283.0,4.4824,5734.17,72.09,0.0,0.0,166.86,6.04,0.0,0.0,0.0,0.0,0.0,0.0,0.0,0.0,0.0,0.0,0.0,0.0,-6781.72,-30.6,-5742.09,-30.6,-12441378.0,-30.6,-2.77,-34.54,-2.35,-34.61,-5083.56,-34.55,-12441378.0,-30.6,2637142.0,72.09,0.0,0.615,0.0,0.0008,0.0,11.1868,0.0,0.5031,0.4757,0.4757,0.6339
59,Pasi Kolaga,Muna,2045,2944.36,61.92,0.0,42.66,1269.0,0.0,0.0,284.94,0.27,0.0,0.0,0.0,0.0,0.0,0.0,7857.97,6653.34,14415799.0,6.19,5.24,11359.97,14415799.0,1354109.12,13061689.88,10.646,1592.42,117.79,0.0,0.0,-187.83,-12.89,0.0,0.0,0.0,0.0,0.0,0.0,0.0,0.0,0.0,0.0,0.0,0.0,-3825.81,-32.74,-3239.31,-32.74,-7018615.0,-32.74,-1.83,-22.82,-1.55,-22.83,-3353.08,-22.79,-7018615.0,-32.74,732354.18,117.79,0.0,0.5231,0.0,0.0002,0.0,9.0244,0.0,0.5128,0.5239,0.5239,0.4472
60,Batukara,Muna,2045,4681.81,5667.03,0.0,413.46,1940.31,0.0,0.0,247.68,6.3,0.0,0.0,0.0,0.0,0.0,0.0,11942.81,10111.98,21909624.0,6.16,5.21,11291.82,21909624.0,2153165.0,19756459.0,10.1755,2207.2,89.19,0.0,0.0,-203.4,-9.49,0.0,0.0,0.0,0.0,0.0,0.0,0.0,0.0,0.0,0.0,0.0,0.0,-5249.74,-30.53,-4444.95,-30.53,-9630892.0,-30.53,-1.86,-23.19,-1.58,-23.27,-3421.23,-23.25,-9630892.0,-30.53,1015093.75,89.19,0.0,-0.0542,0.0,0.001,0.0,8.4616,0.0,0.5802,0.4668,0.4668,0.4626
61,Towea,Muna,2045,8573.59,1428.3,0.0,465.21,569.79,0.0,0.0,120.6,195.3,0.0,0.0,0.0,0.0,0.0,0.0,2768.05,2343.7,5078105.5,4.86,4.11,8912.24,5078105.5,3942994.75,1135110.75,1.2879,4214.31,96.67,0.0,0.0,-122.4,-17.68,0.0,0.0,0.0,0.0,0.0,0.0,0.0,0.0,0.0,0.0,0.0,0.0,-2783.31,-50.14,-2356.64,-50.14,-5106121.5,-50.14,-3.16,-39.4,-2.68,-39.47,-5800.81,-39.43,-5106121.5,-50.14,1938163.25,96.67,0.0,0.4789,0.0,0.0011,0.0,0.6179,0.0,0.4804,0.3255,0.3255,0.3745
62,Pasarwajo,Buton,2045,69252.72,19185.21,0.0,6351.39,5448.51,0.0,0.0,2006.01,22.5,0.0,0.0,0.0,0.0,0.0,0.0,69666.75,58986.86,127806816.0,12.79,10.83,23457.2,127806816.0,31849312.0,95957504.0,4.0129,27101.07,64.29,0.0,0.0,-1883.79,-25.69,0.0,0.0,0.0,0.0,0.0,0.0,0.0,0.0,0.0,0.0,0.0,0.0,-67520.58,-49.22,-57169.65,-49.22,-123869504.0,-49.22,-5.92,-31.64,-5.01,-31.63,-10867.13,-31.66,-123869504.0,-49.22,12463766.0,64.29,0.0,1.0085,0.0,0.0016,0.0,17.6524,0.0,0.4655,0.3361,0.3361,0.558
63,Kapontori,Buton,2045,59508.99,35571.69,0.0,5939.46,4274.73,0.0,165.33,894.15,20.97,0.0,0.0,0.0,0.0,0.0,0.0,58784.16,49772.54,107842160.0,13.75,11.64,25227.83,107842160.0,27368180.0,80473980.0,3.9404,25859.79,76.85,-492.12,-100.0,-721.08,-14.43,-1380.88,-100.0,-880.31,-100.0,-3142721.25,-100.0,-2.81,-100.0,-1.79,-100.0,-6386.09,-100.0,-34687.45,-37.11,-29369.87,-37.11,-63635760.0,-37.11,-4.96,-26.51,-4.2,-26.52,-9096.52,-26.5,-66778481.25,-38.24,11892913.0,76.85,0.0,0.6794,0.0,-0.0011,0.0,17.1158,0.0,0.5146,0.3808,0.3808,0.4812
64,Lasalimu,Buton,2045,43167.63,18490.5,7.38,3334.41,9100.44,22.23,0.0,515.16,72.81,99.86,63.66,227274.56,4.49,2.86,10223.78,102997.53,87208.02,188953584.0,11.32,9.58,20763.13,189180858.56,19852794.0,169328064.56,9.5292,19471.54,82.17,-107.73,-82.89,1437.39,18.76,-264.81,-72.62,-168.82,-72.62,-602661.25,-72.62,1.68,59.79,1.07,59.78,3837.69,60.09,-40378.11,-28.16,-34188.16,-28.16,-74075552.0,-28.16,-7.39,-39.5,-6.26,-39.52,-13561.21,-39.51,-74678213.25,-28.3,8954961.0,82.17,0.5658,0.6483,-0.0023,-0.001,11.678,6.7796,0.5424,0.5151,0.4918,0.4918,0.2938
65,Lasalimu Selatan,Buton,2045,12354.15,3189.06,0.0,1312.02,9366.3,0.0,0.0,783.45,48.06,0.0,0.0,0.0,0.0,0.0,0.0,83898.19,71036.59,153914992.0,8.96,7.58,16432.85,153914992.0,5681675.5,148233316.5,27.0897,5343.21,76.21,-227.07,-100.0,2002.59,27.2,-637.16,-100.0,-406.19,-100.0,-1450089.0,-100.0,-2.81,-100.0,-1.79,-100.0,-6386.09,-100.0,-53876.83,-39.1,-45617.52,-39.1,-98839456.0,-39.1,-9.75,-52.11,-8.26,-52.15,-17891.48,-52.12,-100289545.0,-39.45,2457343.75,76.21,0.0,0.8785,0.0,-0.0032,0.0,6.8749,0.0,0.4596,0.4696,0.4696,0.2024
66,Siotapina,Buton,2045,20640.66,15453.63,0.0,3462.75,4997.61,0.0,0.0,964.26,1.53,0.0,0.0,0.0,0.0,0.0,0.0,50474.21,42736.53,92597232.0,10.1,8.55,18528.3,92597232.0,9492643.0,83104589.0,9.7546,8608.55,71.55,0.0,0.0,-628.2,-11.17,0.0,0.0,0.0,0.0,0.0,0.0,0.0,0.0,0.0,0.0,0.0,0.0,-54784.68,-52.05,-46386.18,-52.05,-100504960.0,-52.05,-8.61,-46.02,-7.29,-46.02,-15796.04,-46.02,-100504960.0,-52.05,3959076.5,71.55,0.0,0.7865,0.0,-0.0082,0.0,5.6288,0.0,0.4681,0.3206,0.3206,0.2566
67,Wolowa,Buton,2045,12453.67,6271.56,0.0,1425.96,1306.62,0.0,0.0,416.61,33.3,0.0,0.0,0.0,0.0,0.0,0.0,17162.19,14531.23,31484810.0,13.13,11.12,24096.38,31484810.0,5727444.0,25757366.0,5.4972,6004.96,93.12,0.0,0.0,-360.72,-21.63,0.0,0.0,0.0,0.0,0.0,0.0,0.0,0.0,0.0,0.0,0.0,0.0,-14033.75,-44.99,-11882.37,-44.99,-25745530.0,-44.99,-5.58,-29.82,-4.72,-29.8,-10227.96,-29.8,-25745530.0,-44.99,2761679.75,93.12,0.0,0.9767,0.0,-0.0007,0.0,12.7441,0.0,0.4416,0.2853,0.2853,0.3615
68,Wabula,Buton,2045,7685.68,2935.08,0.0,3086.1,31.77,0.0,0.0,286.02,0.0,0.0,0.0,0.0,0.0,0.0,0.0,417.29,353.32,765542.12,13.13,11.12,24096.38,765542.12,3534644.25,-2769102.12,0.2166,2664.82,53.07,0.0,0.0,-212.85,-87.01,0.0,0.0,0.0,0.0,0.0,0.0,0.0,0.0,0.0,0.0,0.0,0.0,-4159.55,-90.88,-3521.89,-90.88,-7630875.88,-90.88,-5.58,-29.82,-4.72,-29.8,-10227.95,-29.8,-7630875.88,-90.88,1225553.0,53.08,0.0,1.5854,0.0,0.0038,0.0,14.1977,0.0,0.3896,0.3184,0.3184,0.4612
69,Tinanggea,Konawe Selatan,2045,48743.23,4300.29,2340.27,7152.21,12525.21,11.34,1158.21,1414.98,4605.57,35.3,22.51,80343.72,3.11,1.98,7084.98,128490.39,108792.82,235721456.0,10.26,8.69,18819.76,235801799.72,22417010.0,213384789.72,10.5189,17030.24,53.7,-759.06,-98.53,-1818.54,-12.68,-2434.92,-98.57,-1552.26,-98.57,-5541572.28,-98.57,-0.1,-3.12,-0.06,-2.94,-212.42,-2.91,-146048.95,-53.2,-123659.68,-53.2,-267933424.0,-53.2,-8.88,-46.39,-7.52,-46.39,-16293.43,-46.4,-273474996.28,-53.7,7832203.0,53.7,0.1,0.2369,-0.0074,-0.0118,-15.3563,-22.8829,0.6117,0.5489,0.4312,0.4312,0.6065
70,Angata,Konawe Selatan,2045,28301.28,2517.84,48.87,16939.44,6158.25,461.07,0.0,1580.31,0.0,3048.04,1943.12,6936952.0,6.61,4.21,15045.33,93140.77,78862.29,170870928.0,15.12,12.81,27746.67,177807880.0,13015761.0,164792119.0,13.661,10165.37,56.05,-4081.59,-89.85,1119.69,22.22,-11517.61,-79.07,-7342.48,-79.07,-26212652.0,-79.07,3.4,105.92,2.17,106.37,7747.93,106.17,-3297.28,-3.42,-2791.8,-3.42,-6048976.0,-3.42,-4.02,-21.0,-3.4,-20.97,-7366.52,-20.98,-32261628.0,-15.36,4675051.0,56.05,-0.4055,-0.3809,0.0008,0.001,-0.0067,-0.1644,0.6295,0.6499,0.396,0.396,0.3827
71,Andoolo,Konawe Selatan,2045,37259.19,0.0,3002.13,270.09,6386.4,0.0,0.0,194.04,0.0,0.0,0.0,0.0,0.0,0.0,0.0,81776.82,69240.44,150023248.0,12.8,10.84,23491.05,150023248.0,17135498.0,132887750.0,8.7551,18945.41,103.45,0.0,0.0,-1325.52,-17.19,0.0,0.0,0.0,0.0,0.0,0.0,0.0,0.0,0.0,0.0,0.0,0.0,-65829.32,-44.6,-55737.7,-44.6,-120766864.0,-44.6,-6.34,-33.12,-5.37,-33.13,-11622.14,-33.1,-120766864.0,-44.6,8712990.0,103.45,0.0,0.1919,0.0,-0.0054,0.0,-15.2703,0.0,0.5518,0.5647,0.5647,0.6593
72,Palangga,Konawe Selatan,2045,33310.87,102.78,4002.3,1887.12,9548.46,4.23,0.0,274.23,94.68,21.3,13.58,48481.3,5.04,3.21,11461.3,97355.36,82430.77,178602768.0,10.2,8.63,18704.88,178651249.3,15319671.0,163331578.3,11.6616,14808.63,80.04,-947.61,-99.56,1711.8,21.84,-3030.69,-99.3,-1932.07,-99.3,-6897473.7,-99.3,1.83,57.01,1.17,57.35,4163.9,57.06,-52638.3,-35.09,-44568.87,-35.09,-96567344.0,-35.09,-8.94,-46.71,-7.58,-46.76,-16408.31,-46.73,-103464817.7,-36.67,6810490.0,80.04,0.8258,0.4997,0.0249,-0.0046,-3.8661,-22.2376,0.3402,0.5014,0.4855,0.4855,0.6074
73,Landono,Konawe Selatan,2045,19960.32,5333.67,2010.69,3236.04,879.57,77.31,0.0,1120.05,13.68,522.69,333.21,1189568.25,6.76,4.31,15386.99,14171.35,11998.88,25997978.0,16.11,13.64,29557.6,27187546.25,9179752.0,18007794.25,2.9617,7557.51,60.93,-1499.85,-95.1,46.35,5.56,-4534.34,-89.66,-2890.65,-89.66,-10319597.75,-89.66,3.55,110.59,2.27,111.27,8089.59,110.86,-1776.48,-11.14,-1504.15,-11.14,-3259036.0,-11.14,-3.03,-15.83,-2.57,-15.85,-5555.59,-15.82,-13578633.75,-33.31,3475698.5,60.93,-0.4726,-0.5242,-0.0014,-0.0017,-12.9708,-13.9081,0.6431,0.6418,0.4022,0.4022,0.608
74,Lainea,Konawe Selatan,2045,27436.15,6432.12,2010.15,5843.97,5395.86,2.43,1048.77,847.17,1825.56,6.85,4.37,15587.37,2.82,1.8,6414.55,45576.21,38589.37,83611600.0,8.45,7.15,15495.51,83627187.37,12617887.0,71009300.37,6.6277,9285.64,51.16,-1284.57,-99.81,1020.33,23.32,-4119.81,-99.83,-2626.37,-99.83,-9376163.63,-99.83,-0.39,-12.15,-0.24,-11.76,-882.85,-12.1,-38171.43,-45.58,-32319.77,-45.58,-70027184.0,-45.58,-10.69,-55.85,-9.06,-55.89,-19617.67,-55.87,-79403347.63,-48.7,4270465.0,51.16,1.0131,0.805,0.0056,0.0096,-30.403,-23.7777,0.3673,0.3957,0.3882,0.3882,0.5372
75,Konda,Konawe Selatan,2045,42585.15,3904.92,12.87,678.24,4712.49,1080.09,0.0,2189.34,0.0,6177.66,3938.26,14059577.0,5.72,3.65,13017.04,73153.45,61939.02,134203272.0,15.52,13.14,28478.21,148262849.0,19584904.0,128677945.0,7.5703,16473.48,63.09,-1325.25,-55.1,513.99,12.24,-1534.86,-19.9,-978.47,-19.9,-3493147.0,-19.9,2.51,78.19,1.61,78.92,5719.64,78.38,-7205.83,-8.97,-6101.19,-8.97,-13219432.0,-8.97,-3.62,-18.91,-3.07,-18.94,-6634.97,-18.9,-16712579.0,-10.13,7576149.0,63.09,-0.323,-0.1477,-0.0033,-0.0012,-16.4979,-10.0914,0.6406,0.5864,0.5193,0.5193,0.8616
76,Ranomeeto,Konawe Selatan,2045,40719.71,3150.0,83.88,2562.84,1898.91,0.0,0.0,1500.48,0.0,0.0,0.0,0.0,0.0,0.0,0.0,30594.63,25904.47,56127216.0,16.11,13.64,29557.6,56127216.0,18727000.0,37400216.0,2.9971,13483.1,49.5,-281.7,-100.0,205.92,12.16,-903.25,-100.0,-575.82,-100.0,-2055677.12,-100.0,-3.21,-100.0,-2.04,-100.0,-7297.4,-100.0,-1809.2,-5.58,-1531.85,-5.58,-3319064.0,-5.58,-3.03,-15.83,-2.57,-15.85,-5555.59,-15.82,-5374741.12,-8.74,6200884.0,49.5,0.0,-0.2862,0.0,-0.0016,0.0,-11.8032,0.0,0.5958,0.5453,0.5453,0.8634
77,Kolono,Konawe Selatan,2045,26427.52,10590.75,1291.23,9676.71,5649.57,46.98,103.32,975.33,1441.53,129.07,82.28,293753.12,2.75,1.75,6252.73,59572.27,50439.85,109288048.0,10.54,8.93,19344.49,109581801.12,12154017.0,97427784.12,9.0161,10774.56,68.83,-231.93,-83.16,1296.72,29.79,-765.23,-85.57,-487.84,-85.57,-1741564.26,-85.57,-0.46,-14.33,-0.29,-14.22,-1044.67,-14.32,-23741.28,-28.5,-20101.74,-28.5,-43554368.0,-28.5,-8.6,-44.93,-7.28,-44.91,-15768.69,-44.91,-45295932.26,-29.25,4955221.0,68.83,0.5158,0.4394,-0.0002,0.0112,-17.9216,-18.3361,0.4713,0.4031,0.3804,0.3804,0.5427
78,Moramo,Konawe Selatan,2045,48361.11,7416.0,743.31,11413.53,4611.33,34.65,2.43,759.78,729.0,113.76,72.52,258910.78,3.28,2.09,7472.17,57648.42,48810.91,105758608.0,12.5,10.58,22934.51,106017518.78,22241278.0,83776240.78,4.7667,22762.56,88.92,-729.72,-95.47,2722.95,144.2,-2337.13,-95.36,-1489.92,-95.36,-5319001.72,-95.36,0.07,2.18,0.05,2.45,174.77,2.39,21504.82,59.5,18208.12,59.5,39451564.0,59.5,-6.64,-34.69,-5.63,-34.73,-12178.68,-34.68,34132562.28,47.48,10468508.0,88.92,0.0196,-0.2421,0.0019,0.0003,-6.5282,-14.7196,0.6272,0.4916,0.4306,0.4306,0.532
79,Laonti,Konawe Selatan,2045,17300.25,29415.15,0.0,3144.6,4252.23,0.0,103.05,354.78,201.06,0.0,0.0,0.0,0.0,0.0,0.0,42149.36,35687.86,77324888.0,9.91,8.39,18184.55,77324888.0,7956383.0,69368505.0,9.7186,5993.31,53.01,0.0,0.0,366.66,9.44,0.0,0.0,0.0,0.0,0.0,0.0,0.0,0.0,0.0,0.0,0.0,0.0,-32220.44,-43.32,-27281.07,-43.32,-59109864.0,-43.32,-9.23,-48.22,-7.82,-48.24,-16928.64,-48.21,-59109864.0,-43.32,2756320.5,53.01,0.0,0.622,0.0,-0.0027,0.0,-12.7079,0.0,0.4474,0.1972,0.1972,0.4022
80,Lalembuu,Konawe Selatan,2045,22144.25,4932.72,1224.0,1264.77,8952.21,924.75,408.87,1199.43,0.0,3588.3,2287.54,8166518.5,3.88,2.47,8831.06,91244.92,77257.09,167392896.0,10.19,8.63,18698.5,175559414.5,10184142.0,165375272.5,17.2385,6708.65,43.46,-1729.62,-65.16,1307.79,17.11,-4922.71,-57.84,-3138.23,-57.84,-11203475.5,-57.84,0.67,20.87,0.43,21.08,1533.66,21.02,-55069.3,-37.64,-46627.15,-37.64,-101027072.0,-37.64,-8.95,-46.76,-7.58,-46.76,-16414.69,-46.75,-112230547.5,-39.0,3085308.0,43.46,0.0375,-0.17,0.0029,-0.0092,-7.0227,-8.9366,0.5826,0.6436,0.4259,0.4259,0.3756
81,Benua,Konawe Selatan,2045,13804.86,1197.81,128.25,225.36,8676.0,0.0,0.0,365.4,0.0,0.0,0.0,0.0,0.0,0.0,0.0,126680.12,107260.03,232400320.0,14.6,12.36,26786.57,232400320.0,6348855.0,226051465.0,36.6051,5469.6,65.62,0.0,0.0,736.38,9.27,0.0,0.0,0.0,0.0,0.0,0.0,0.0,0.0,0.0,0.0,0.0,0.0,-25284.16,-16.64,-21408.17,-16.64,-46385024.0,-16.64,-4.54,-23.72,-3.85,-23.75,-8326.61,-23.71,-46385024.0,-16.64,2515467.75,65.62,0.0,-0.2691,0.0,-0.0022,0.0,-4.915,0.0,0.6469,0.5457,0.5457,0.3583
82,Palangga Selatan,Konawe Selatan,2045,20452.59,331.2,1269.09,106.74,6899.49,0.54,822.78,373.05,1028.88,1.51,0.96,3438.39,2.8,1.78,6367.39,49662.36,42049.11,91107808.0,7.2,6.09,13205.01,91111246.39,9406145.0,81705101.39,9.6864,8363.54,69.18,-657.63,-99.92,757.17,12.33,-2108.86,-99.93,-1344.4,-99.93,-4799490.11,-99.93,-0.41,-12.77,-0.26,-12.75,-930.01,-12.74,-67901.65,-57.76,-57492.32,-57.76,-124568624.0,-57.76,-11.94,-62.38,-10.12,-62.43,-21908.18,-62.39,-129368114.11,-58.68,3846390.0,69.18,0.3262,0.8791,0.0087,-0.0055,-57.8668,-35.3626,0.4928,0.4437,0.5513,0.5513,0.5686
83,Mowila,Konawe Selatan,2045,24633.33,3250.44,416.34,4264.65,3124.62,800.82,0.0,960.57,16.29,5816.12,3707.78,13236769.0,7.26,4.63,16529.02,50342.87,42625.32,92356264.0,16.11,13.64,29557.6,105593033.0,11328869.0,94264164.0,9.3207,9724.85,65.23,-1968.84,-71.09,791.64,33.93,-3064.56,-34.51,-1953.65,-34.51,-6974547.0,-34.51,4.05,126.17,2.59,126.96,9231.62,126.51,5689.63,12.74,4817.43,12.74,10437896.0,12.74,-3.03,-15.83,-2.57,-15.85,-5555.59,-15.82,3463349.0,3.39,4472458.5,65.23,-0.6182,-0.4569,-0.0012,-0.0012,-12.4252,-11.756,0.6709,0.6563,0.4814,0.4814,0.4788
84,Moramo Utara,Konawe Selatan,2045,38818.4,7165.26,9.81,891.99,7833.15,7.38,37.98,562.77,107.1,41.3,26.33,93982.66,5.6,3.57,12734.78,115340.04,97658.45,211596544.0,14.72,12.47,27012.96,211690526.66,17852580.0,193837946.66,11.8577,21269.28,121.2,-86.67,-92.15,1677.87,27.26,-260.26,-86.3,-165.92,-86.3,-592337.72,-86.31,2.39,74.45,1.53,75.0,5437.38,74.51,-2472.01,-2.1,-2093.03,-2.1,-4535008.0,-2.1,-4.42,-23.09,-3.74,-23.07,-8100.24,-23.07,-5127345.72,-2.36,9781741.0,121.2,-0.1037,0.0347,-0.0004,0.0,-8.061,-7.5093,0.5576,0.5491,0.399,0.399,0.7573
85,Buke,Konawe Selatan,2045,22206.66,615.51,27.09,1645.74,11919.24,0.0,0.0,920.61,0.0,0.0,0.0,0.0,0.0,0.0,0.0,190423.78,161231.83,349341024.0,15.98,13.53,29309.0,349341024.0,10212840.0,339128184.0,34.2061,9669.37,77.12,0.0,0.0,1126.17,10.43,0.0,0.0,0.0,0.0,0.0,0.0,0.0,0.0,0.0,0.0,0.0,0.0,-16155.6,-7.82,-13678.94,-7.82,-29638144.0,-7.82,-3.16,-16.51,-2.68,-16.53,-5804.19,-16.53,-29638144.0,-7.82,4446941.0,77.12,0.0,-0.1235,0.0,-0.0049,0.0,-10.9613,0.0,0.611,0.4777,0.4777,0.4594
86,Wolasi,Konawe Selatan,2045,18750.22,10249.11,18.9,549.45,4493.52,0.0,0.0,39.33,0.0,0.0,0.0,0.0,0.0,0.0,0.0,64992.74,55029.36,119232080.0,14.46,12.25,26534.23,119232080.0,8623229.0,110608851.0,13.8268,8692.95,86.43,-136.89,-100.0,1247.58,38.44,-438.93,-100.0,-279.82,-100.0,-998940.88,-100.0,-3.21,-100.0,-2.04,-100.0,-7297.4,-100.0,2865.45,4.61,2426.18,4.61,5256768.0,4.61,-4.68,-24.45,-3.96,-24.43,-8578.96,-24.43,4257827.12,3.7,3997888.5,86.43,0.0,0.2354,0.0,-0.0003,0.0,-9.9255,0.0,0.5247,0.324,0.324,0.6806
87,Laeya,Konawe Selatan,2045,56731.41,8458.29,2588.49,1253.97,12062.07,675.9,152.64,1087.92,1289.25,2570.88,1638.93,5850993.0,3.8,2.42,8656.6,111357.05,94285.99,204289536.0,9.23,7.82,16936.52,210140529.0,26090772.0,184049757.0,8.0542,24328.29,75.08,-1634.49,-70.75,592.74,5.17,-4837.19,-65.3,-3083.71,-65.3,-11008843.0,-65.3,0.59,18.38,0.38,18.63,1359.2,18.63,-108165.9,-49.27,-91584.15,-49.27,-198435296.0,-49.27,-9.91,-51.78,-8.39,-51.76,-18176.68,-51.77,-209444139.0,-49.92,11188581.0,75.08,0.8648,0.7424,0.0063,-0.0027,-16.5354,-25.8821,0.4228,0.459,0.4116,0.4116,0.7237
88,Baito,Konawe Selatan,2045,20035.48,7806.78,2.79,3894.93,6770.61,13.32,0.0,133.65,16.47,81.99,52.27,186589.97,6.16,3.92,14008.26,103742.81,87839.05,190320848.0,15.32,12.97,28109.85,190507437.97,9214319.0,181293118.97,20.6752,8364.64,71.67,-546.03,-97.62,1448.73,27.22,-1711.52,-95.43,-1091.09,-95.43,-3895209.78,-95.43,2.95,91.9,1.88,92.16,6710.86,91.96,1882.04,1.85,1593.53,1.85,3452672.0,1.85,-3.82,-19.96,-3.24,-19.99,-7003.34,-19.95,-442537.78,-0.23,3846900.0,71.67,0.1248,0.096,-0.0021,-0.0065,-10.9633,-14.5913,0.5661,0.5775,0.3186,0.3186,0.5466
89,Basala,Konawe Selatan,2045,11953.51,31.23,0.0,69.03,6736.5,908.37,0.0,481.95,0.0,4182.14,2666.12,9518036.0,4.6,2.94,10478.15,80751.54,68372.34,148142336.0,11.99,10.15,21990.99,157660372.0,5497417.0,152162955.0,28.679,3658.69,44.11,-727.29,-44.46,1360.26,25.3,-1062.46,-20.26,-677.32,-20.26,-2418026.0,-20.26,1.39,43.3,0.9,44.12,3180.75,43.59,-22149.7,-21.53,-18754.14,-21.53,-40634608.0,-21.53,-7.15,-37.36,-6.06,-37.38,-13122.2,-37.37,-43052634.0,-21.45,1682631.75,44.11,-0.1352,-0.2876,-0.0018,-0.0036,-4.368,-3.8873,0.6316,0.6623,0.5782,0.5782,0.3321
90,Ranomeeto Barat,Konawe Selatan,2045,12353.72,0.0,2097.45,4121.28,20.61,0.0,0.0,285.21,34.2,0.0,0.0,0.0,0.0,0.0,0.0,332.06,281.16,609182.19,16.11,13.64,29557.6,609182.19,5681476.5,-5072294.31,0.1072,4529.91,57.9,-457.92,-100.0,-122.22,-85.57,-1468.28,-100.0,-936.03,-100.0,-3341624.75,-100.0,-3.21,-100.0,-2.04,-100.0,-7297.4,-100.0,-2401.71,-87.85,-2033.52,-87.85,-4406034.81,-87.85,-3.03,-15.83,-2.57,-15.85,-5555.59,-15.82,-7747659.56,-92.71,2083306.75,57.9,0.0,-0.5872,0.0,-0.004,0.0,-23.6319,0.0,0.5951,0.5644,0.5644,0.7939
91,Kolono Timur,Konawe Selatan,2045,13437.79,7291.44,0.0,2513.7,1802.34,0.0,0.36,306.99,31.68,0.0,0.0,0.0,0.0,0.0,0.0,20189.06,17094.08,37037744.0,11.2,9.48,20549.81,37037744.0,6180040.0,30857704.0,5.9931,4729.67,54.31,0.0,0.0,-275.22,-13.25,0.0,0.0,0.0,0.0,0.0,0.0,0.0,0.0,0.0,0.0,0.0,0.0,-19575.44,-49.23,-16574.52,-49.23,-35912024.0,-49.23,-7.94,-41.48,-6.73,-41.52,-14563.38,-41.48,-35912024.0,-49.23,2175174.0,54.31,0.0,0.6994,0.0,-0.003,0.0,-13.0554,0.0,0.4307,0.321,0.321,0.5194
92,Sabulakoa,Konawe Selatan,2045,11448.21,0.0,2269.98,1236.06,1061.46,1.08,0.0,567.0,121.32,7.86,5.01,17879.63,7.27,4.64,16555.21,17101.9,14480.18,31374210.0,16.11,13.64,29557.6,31392089.63,5265029.0,26127060.63,5.9624,5459.25,91.16,-833.67,-99.87,-330.57,-23.75,-2668.69,-99.71,-1701.29,-99.71,-6073623.37,-99.71,4.06,126.48,2.6,127.45,9257.81,126.86,-9541.55,-35.81,-8078.83,-35.81,-17504406.0,-35.81,-3.03,-15.83,-2.57,-15.85,-5555.59,-15.82,-23578029.37,-42.89,2510707.75,91.16,-0.7144,-0.6964,-0.0029,-0.0017,-17.8743,-17.3206,0.5493,0.641,0.5523,0.5523,0.616
93,Andoolo Barat,Konawe Selatan,2045,12519.95,0.0,317.61,1071.81,5280.93,0.0,0.0,571.86,0.0,0.0,0.0,0.0,0.0,0.0,0.0,67410.89,57076.8,123668288.0,12.76,10.81,23417.9,123668288.0,5757926.5,117910361.5,21.4779,4958.09,65.57,0.0,0.0,827.1,18.57,0.0,0.0,0.0,0.0,0.0,0.0,0.0,0.0,0.0,0.0,0.0,0.0,-17835.41,-20.92,-15101.25,-20.92,-32719888.0,-20.92,-6.38,-33.33,-5.4,-33.31,-11695.29,-33.31,-32719888.0,-20.92,2280226.5,65.57,0.0,-0.0604,0.0,-0.0051,0.0,-9.5965,0.0,0.6043,0.5421,0.5421,0.449
94,Poleang,Bombana,2045,23711.3,1883.07,324.81,353.7,6584.31,0.63,20.43,442.26,132.84,6.05,3.86,13773.95,9.61,6.12,21863.41,36042.5,30517.18,66121584.0,5.47,4.63,10042.3,66135357.95,10904827.0,55230530.95,6.0648,13146.78,124.44,0.63,0.0,71.28,1.09,6.05,0.0,3.86,0.0,13773.95,0.0,9.61,0.0,6.12,0.0,21863.41,0.0,-17364.35,-32.51,-14702.39,-32.51,-31855688.0,-32.51,-2.73,-33.29,-2.31,-33.29,-5000.97,-33.24,-31841914.05,-32.5,6046206.5,124.44,0.0,0.7871,0.0,0.0037,0.0,21.5589,0.0,0.5027,0.505,0.505,0.5125
95,Poleang Timur,Bombana,2045,32173.47,2640.69,320.67,1840.5,2431.53,964.44,1.44,731.88,1119.78,7092.15,4521.25,16140852.0,7.35,4.69,16735.98,13229.69,11201.57,24270446.0,5.44,4.61,9981.55,40411298.0,14796576.0,25614722.0,2.7311,18077.79,128.25,-1156.77,-54.53,1880.73,341.45,-2069.67,-22.59,-1319.41,-22.59,-4710304.0,-22.59,3.03,70.14,1.94,70.55,6906.14,70.26,8713.13,192.92,7377.4,192.92,15984613.5,192.91,-2.76,-33.66,-2.33,-33.57,-5061.72,-33.65,11274309.5,38.69,8313971.0,128.25,0.9785,0.5582,0.0061,0.0002,21.3783,16.6226,0.5031,0.3968,0.4621,0.4621,0.7506
96,Rarowatu,Bombana,2045,32414.1,7685.82,1126.44,10121.31,1440.27,7.38,619.47,324.45,0.0,35.45,22.6,80675.98,4.8,3.06,10931.7,5751.29,4869.61,10550990.0,3.99,3.38,7325.7,10631665.98,14907250.0,-4275584.02,0.7132,16488.21,103.53,-151.02,-95.34,423.09,41.59,-648.7,-94.82,-413.55,-94.82,-1476370.64,-94.82,0.48,11.11,0.31,11.27,1101.86,11.21,-2589.59,-31.05,-2192.61,-31.05,-4750722.0,-31.05,-4.21,-51.34,-3.56,-51.3,-7717.57,-51.3,-6227092.64,-36.94,7582930.0,103.53,0.7265,0.6453,-0.0021,-0.0086,10.1898,4.2166,0.4857,0.5187,0.4675,0.4675,0.648
97,Rumbia,Bombana,2045,16500.97,919.8,345.87,505.26,1413.27,34.02,4.05,439.29,324.9,163.41,104.17,371896.56,4.8,3.06,10931.7,6075.58,5144.2,11145931.0,4.3,3.64,7886.63,11517827.56,7588797.0,3929030.56,1.5177,8003.01,94.18,-889.02,-96.31,917.91,185.3,-3823.34,-95.9,-2437.38,-95.9,-8701439.44,-95.9,0.48,11.11,0.31,11.27,1101.86,11.21,2013.63,49.57,1704.95,49.57,3694097.5,49.57,-3.9,-47.56,-3.3,-47.55,-7156.64,-47.57,-5007341.94,-30.3,3680585.0,94.18,0.715,0.5511,-0.0128,-0.0037,1.0491,0.4314,0.4619,0.5767,0.5051,0.5051,0.798
98,Kabaena,Bombana,2045,8588.32,2963.07,23.31,6333.48,467.28,0.0,221.76,91.44,1.26,0.0,0.0,0.0,0.0,0.0,0.0,2327.34,1970.56,4269618.0,4.98,4.22,9137.17,4269618.0,3949769.5,319848.5,1.081,3789.97,78.98,0.0,0.0,467.28,0.0,0.0,0.0,0.0,0.0,0.0,0.0,0.0,0.0,0.0,0.0,0.0,0.0,2327.34,0.0,1970.56,0.0,4269618.0,0.0,4.98,0.0,4.22,0.0,9137.17,0.0,4269618.0,0.0,1743010.0,78.99,0.0,0.0,0.0,0.0,0.0,0.0,0.0,0.0,0.4383,0.4383,0.6861
99,Kabaena Timur,Bombana,2045,20726.37,6889.68,72.54,2594.88,1824.21,0.0,160.2,342.99,75.6,0.0,0.0,0.0,0.0,0.0,0.0,6416.34,5432.72,11771066.0,3.52,2.98,6452.69,11771066.0,9532059.0,2239007.0,1.2349,10077.79,94.64,0.0,0.0,-31.05,-1.67,0.0,0.0,0.0,0.0,0.0,0.0,0.0,0.0,0.0,0.0,0.0,0.0,-8796.79,-57.82,-7448.24,-57.82,-16138106.0,-57.82,-4.68,-57.07,-3.96,-57.06,-8590.58,-57.11,-16138106.0,-57.82,4634778.0,94.64,0.0,0.7043,0.0,-0.0059,0.0,2.6568,0.0,0.4911,0.3095,0.3095,0.6753
100,Poleang Barat,Bombana,2045,48253.28,3606.75,2041.65,5444.1,18613.71,0.0,132.39,414.54,322.74,0.0,0.0,0.0,0.0,0.0,0.0,99830.48,84526.43,183143392.0,5.36,4.54,9839.17,183143392.0,22191680.0,160951712.0,8.2528,28552.91,144.94,0.0,0.0,-730.17,-3.77,0.0,0.0,0.0,0.0,0.0,0.0,0.0,0.0,0.0,0.0,0.0,0.0,-58789.33,-37.06,-49776.98,-37.06,-107851808.0,-37.06,-2.84,-34.63,-2.4,-34.58,-5204.1,-34.59,-107851808.0,-37.06,13131479.0,144.94,0.0,0.6624,0.0,0.0046,0.0,19.1567,0.0,0.5303,0.405,0.405,0.3978
101,Mata Oleo,Bombana,2045,20517.07,3059.28,48.51,5191.11,2258.46,1.98,64.98,271.89,98.28,14.27,9.09,32467.16,7.2,4.59,16397.55,11473.24,9714.39,21048168.0,5.08,4.3,9319.7,21080635.16,9435800.0,11644835.16,2.2341,12274.06,148.9,-615.6,-99.68,1249.02,123.73,-2653.15,-99.47,-1691.39,-99.47,-6038245.84,-99.47,2.88,66.67,1.84,66.91,6567.71,66.81,3195.83,38.61,2705.91,38.61,5862889.0,38.61,-3.12,-38.05,-2.64,-38.04,-5723.57,-38.05,-175356.84,-0.82,5644839.0,148.9,0.8873,0.9085,0.0016,-0.0009,14.0629,12.8322,0.422,0.4736,0.5338,0.5338,0.5819
102,Rarowatu Utara,Bombana,2045,49914.61,1552.86,1185.21,9105.66,5207.4,243.9,2585.16,515.97,1563.39,878.64,560.14,1999681.88,3.6,2.3,8198.78,20756.13,17574.21,38078048.0,3.99,3.37,7312.3,40077729.88,22955732.0,17121997.88,1.7459,28300.48,130.94,-1913.22,-88.69,1586.16,43.8,-8438.28,-90.57,-5379.4,-90.57,-19204466.12,-90.57,-0.72,-16.67,-0.45,-16.36,-1631.06,-16.59,-8938.04,-30.1,-7567.84,-30.1,-16397232.0,-30.1,-4.21,-51.34,-3.57,-51.44,-7730.97,-51.39,-35601698.12,-47.04,13015396.0,130.94,0.3647,-0.2206,-0.0216,-0.0214,-2.718,-6.0116,0.5699,0.589,0.3948,0.3948,0.5044
103,Poleang Utara,Bombana,2045,50103.08,3028.32,651.33,10183.32,7581.06,702.63,0.72,561.6,0.0,5534.05,3527.95,12594796.0,7.88,5.02,17925.22,41479.73,35120.88,76096424.0,5.47,4.63,10037.7,88691220.0,23042406.0,65648814.0,3.849,27983.3,126.51,-1181.79,-62.71,607.14,8.71,-2605.04,-32.01,-1660.72,-32.01,-5928750.0,-32.01,3.56,82.41,2.27,82.55,8095.38,82.36,-15706.41,-27.47,-13298.63,-27.47,-28814128.0,-27.47,-2.73,-33.29,-2.31,-33.29,-5005.57,-33.27,-34742878.0,-28.15,12869521.0,126.51,0.8174,0.7777,0.0049,0.0049,19.6769,19.7704,0.4999,0.5201,0.4661,0.4661,0.7056
104,Poleang Selatan,Bombana,2045,28469.94,148.95,101.52,699.39,3884.49,0.0,2388.87,322.74,606.42,0.0,0.0,0.0,0.0,0.0,0.0,21253.59,17995.41,38990652.0,5.47,4.63,10037.52,38990652.0,13093327.0,25897325.0,2.9779,16927.01,146.64,-424.08,-100.0,-772.11,-16.58,-1831.66,-100.0,-1167.69,-100.0,-4168638.75,-100.0,-4.32,-100.0,-2.75,-100.0,-9829.84,-100.0,-16930.53,-44.34,-14335.08,-44.34,-31059828.0,-44.34,-2.73,-33.29,-2.31,-33.29,-5005.75,-33.28,-35228466.75,-47.47,7784733.5,146.64,0.0,0.9167,0.0,0.0055,0.0,21.8666,0.0,0.464,0.5753,0.5753,0.7922
105,Poleang Tenggara,Bombana,2045,13661.22,6349.5,1.53,3224.97,2482.38,0.0,0.0,223.2,320.22,0.0,0.0,0.0,0.0,0.0,0.0,12589.29,10659.35,23095608.0,5.07,4.29,9303.82,23095608.0,6282794.0,16812814.0,3.676,7986.12,140.72,-398.52,-100.0,2243.07,937.31,-1721.27,-100.0,-1097.31,-100.0,-3917388.0,-100.0,-4.32,-100.0,-2.75,-100.0,-9829.84,-100.0,10626.95,541.54,8997.84,541.55,19495603.25,541.54,-3.13,-38.17,-2.65,-38.18,-5739.45,-38.15,15578215.25,207.23,3672813.75,140.72,0.0,0.9706,0.0,0.0018,0.0,17.284,0.0,0.4469,0.3486,0.3486,0.6012
106,Kabaena Selatan,Bombana,2045,14478.35,6268.59,7.02,3859.11,292.5,0.0,1209.78,353.88,0.72,0.0,0.0,0.0,0.0,0.0,0.0,1485.65,1257.9,2725488.25,5.08,4.3,9317.91,2725488.25,6658592.5,-3933104.25,0.4093,8487.46,141.67,0.0,0.0,280.89,2419.38,0.0,0.0,0.0,0.0,0.0,0.0,0.0,0.0,0.0,0.0,0.0,0.0,1390.45,1460.56,1177.29,1460.48,2550835.91,1460.52,-3.12,-38.05,-2.64,-38.04,-5725.36,-38.06,2550835.91,1460.52,3903380.75,141.67,0.0,0.6422,0.0,0.0117,0.0,0.599,0.0,0.2911,0.3446,0.3446,0.5721
107,Kabaena Barat,Bombana,2045,7949.29,1511.64,6.03,2305.08,750.42,0.0,36.36,259.74,107.37,0.0,0.0,0.0,0.0,0.0,0.0,3561.29,3015.35,6533352.5,4.75,4.02,8706.26,6533352.5,3655879.75,2877472.75,1.7871,4660.21,141.69,0.0,0.0,-136.98,-15.44,0.0,0.0,0.0,0.0,0.0,0.0,0.0,0.0,0.0,0.0,0.0,0.0,-3715.39,-51.06,-3145.81,-51.06,-6816043.5,-51.06,-3.45,-42.07,-2.92,-42.07,-6337.01,-42.13,-6816043.5,-51.06,2143234.13,141.69,0.0,0.7157,0.0,-0.0041,0.0,6.6375,0.0,0.4364,0.5248,0.5248,0.5377
108,Kabaena Utara,Bombana,2045,14281.23,3248.73,373.05,3528.63,4484.34,7.56,0.0,843.66,55.35,36.31,23.15,82643.68,4.8,3.06,10931.7,18901.41,16003.82,34675484.0,4.21,3.57,7732.57,34758127.68,6567936.0,28190191.68,5.2921,7864.12,122.55,-126.45,-94.36,1567.98,53.76,-542.5,-93.73,-345.84,-93.73,-1234653.2,-93.73,0.48,11.11,0.31,11.27,1101.86,11.21,-5012.74,-20.96,-4244.29,-20.96,-9196108.0,-20.96,-3.99,-48.66,-3.37,-48.56,-7310.7,-48.6,-10430761.2,-23.08,3616709.0,122.55,0.8016,0.7211,-0.0025,-0.0078,6.4084,6.3566,0.4687,0.3666,0.5074,0.5074,0.5599
109,Kabaena Tengah,Bombana,2045,24292.81,17782.65,278.37,7611.93,1824.93,0.0,752.04,595.44,0.0,0.0,0.0,0.0,0.0,0.0,0.0,6482.12,5488.41,11891732.0,3.55,3.01,6516.27,11891732.0,11172263.0,719469.0,1.0644,10756.07,79.46,0.0,0.0,310.41,20.5,0.0,0.0,0.0,0.0,0.0,0.0,0.0,0.0,0.0,0.0,0.0,0.0,-5936.94,-47.81,-5026.81,-47.81,-10891598.0,-47.81,-4.65,-56.71,-3.93,-56.63,-8527.0,-56.68,-10891598.0,-47.81,4946715.0,79.46,0.0,0.7448,0.0,-0.009,0.0,3.4097,0.0,0.4907,0.3265,0.3265,0.7047
110,Kep. Masaloka Raya,Bombana,2045,302.02,11.34,0.0,65.16,139.23,0.0,0.0,64.62,0.0,0.0,0.0,0.0,0.0,0.0,0.0,657.7,556.88,1206589.12,4.72,4.0,8666.16,1206589.12,138899.58,1067689.55,8.6868,175.34,138.41,0.0,0.0,139.23,0.0,0.0,0.0,0.0,0.0,0.0,0.0,0.0,0.0,0.0,0.0,0.0,0.0,657.7,0.0,556.88,0.0,1206589.12,0.0,4.72,0.0,4.0,0.0,8666.16,0.0,1206589.12,0.0,80638.88,138.41,0.0,0.0,0.0,0.0,0.0,0.0,0.0,0.0,0.7187,0.7187,0.5155
111,Rumbia Tengah,Bombana,2045,10060.21,621.0,0.0,706.68,699.12,0.0,0.0,241.56,73.62,0.0,0.0,0.0,0.0,0.0,0.0,3014.63,2552.49,5530474.5,4.31,3.65,7910.62,5530474.5,4626690.5,903784.0,1.1953,5181.0,106.19,-117.54,-100.0,215.01,44.41,-507.67,-100.0,-323.64,-100.0,-1155399.38,-100.0,-4.32,-100.0,-2.75,-100.0,-9829.84,-100.0,-955.07,-24.06,-808.66,-24.06,-1752122.5,-24.06,-3.89,-47.44,-3.29,-47.41,-7132.65,-47.41,-2907521.88,-34.46,2382744.0,106.19,0.0,0.7814,0.0,-0.0052,0.0,2.9642,0.0,0.48,0.6153,0.6153,0.8037
112,Poleang Tengah,Bombana,2045,11828.58,6.3,453.24,11.97,2438.64,0.0,2.61,171.27,244.17,0.0,0.0,0.0,0.0,0.0,0.0,13342.77,11297.32,24477902.0,5.47,4.63,10037.52,24477902.0,5439964.5,19037937.5,4.4996,6878.44,138.95,-84.69,-100.0,-437.76,-15.22,-365.79,-100.0,-233.19,-100.0,-832489.12,-100.0,-4.32,-100.0,-2.75,-100.0,-9829.84,-100.0,-10243.71,-43.43,-8673.35,-43.43,-18792554.0,-43.43,-2.73,-33.29,-2.31,-33.29,-5005.75,-33.28,-19625043.12,-44.5,3163395.0,138.95,0.0,0.7917,0.0,0.0039,0.0,20.8618,0.0,0.511,0.6297,0.6297,0.6177
113,Tontonunu,Bombana,2045,23963.29,6464.61,1030.59,2063.88,6656.4,0.0,0.0,74.88,44.82,0.0,0.0,0.0,0.0,0.0,0.0,36310.31,30743.94,66612880.0,5.45,4.62,10007.34,66612880.0,11020720.0,55592160.0,6.0443,13733.83,134.26,-196.47,-100.0,353.52,5.61,-848.58,-100.0,-540.97,-100.0,-1931268.75,-100.0,-4.32,-100.0,-2.75,-100.0,-9829.84,-100.0,-15373.31,-29.75,-13016.58,-29.75,-28203048.0,-29.75,-2.75,-33.54,-2.32,-33.43,-5035.93,-33.48,-30134316.75,-31.15,6316191.5,134.26,0.0,0.8148,0.0,0.0048,0.0,22.464,0.0,0.4974,0.406,0.406,0.5309
114,Lantari Jaya,Bombana,2045,49201.57,7802.46,1529.73,20119.32,3370.41,2545.83,0.18,648.36,2845.53,14103.25,8990.82,32097232.0,5.54,3.53,12607.77,12517.32,10598.42,22963586.0,3.71,3.14,6813.29,55060818.0,22627804.0,32433014.0,2.4333,25573.48,108.23,-3833.19,-60.09,525.42,18.47,-13448.68,-48.81,-8573.53,-48.81,-30607508.0,-48.81,1.22,28.24,0.78,28.36,2777.93,28.26,-10811.6,-46.34,-9154.18,-46.34,-19834358.0,-46.34,-4.49,-54.76,-3.8,-54.76,-8229.98,-54.71,-50441866.0,-47.81,11761244.0,108.23,0.4105,-0.1722,-0.0103,-0.0202,1.2221,-5.7149,0.6249,0.6122,0.3289,0.3289,0.3798
115,Mata Usu,Bombana,2045,14394.83,21014.37,25.29,9468.72,5063.4,0.0,0.0,0.0,0.0,0.0,0.0,0.0,0.0,0.0,0.0,30524.91,25845.44,55999308.0,6.03,5.1,11059.63,55999308.0,6620180.0,49379128.0,8.4589,6300.58,77.84,0.0,0.0,-953.19,-15.84,0.0,0.0,0.0,0.0,0.0,0.0,0.0,0.0,0.0,0.0,0.0,0.0,-18811.13,-38.13,-15927.39,-38.13,-34509884.0,-38.13,-2.17,-26.46,-1.84,-26.51,-3983.64,-26.48,-34509884.0,-38.13,2897636.25,77.84,0.0,0.2545,0.0,0.0045,0.0,10.6197,0.0,0.5891,0.1935,0.1935,0.3269
116,Wangi-Wangi,Wakatobi,2045,10384.65,399.51,0.0,2985.39,2119.32,0.0,0.0,1280.7,0.0,0.0,0.0,0.0,0.0,0.0,0.0,25987.17,22003.33,47674624.0,12.26,10.38,22495.25,47674624.0,4775899.5,42898724.5,9.9823,-6979.24,-40.19,0.0,0.0,-291.06,-12.08,0.0,0.0,0.0,0.0,0.0,0.0,0.0,0.0,0.0,0.0,0.0,0.0,-23281.0,-47.25,-19712.03,-47.25,-42710032.0,-47.25,-8.18,-40.02,-6.93,-40.03,-15002.84,-40.01,-42710032.0,-47.25,-3209753.5,-40.19,0.0,0.9703,0.0,0.0023,0.0,40.7119,0.0,0.4229,0.6567,0.6567,0.4492
117,Kaledupa,Wakatobi,2045,7386.38,293.22,0.0,234.09,2646.27,0.0,0.0,271.08,3.06,0.0,0.0,0.0,0.0,0.0,0.0,35086.64,29707.86,64368016.0,13.26,11.23,24324.05,64368016.0,3396995.75,60971020.25,18.9485,1488.75,25.24,0.0,0.0,85.32,3.33,0.0,0.0,0.0,0.0,0.0,0.0,0.0,0.0,0.0,0.0,0.0,0.0,-17259.18,-32.97,-14613.34,-32.97,-31662728.0,-32.97,-7.18,-35.13,-6.08,-35.12,-13174.04,-35.13,-31662728.0,-32.97,684674.25,25.24,0.0,1.2591,0.0,0.0004,0.0,61.8085,0.0,0.3638,0.5732,0.5732,0.2214
118,Tomia,Wakatobi,2045,6513.02,9.0,0.0,419.94,2084.49,0.0,0.0,457.56,0.0,0.0,0.0,0.0,0.0,0.0,0.0,24456.9,20707.66,44867276.0,11.73,9.93,21524.34,44867276.0,2995336.75,41871939.25,14.979,1233.82,23.37,0.0,0.0,274.59,15.17,0.0,0.0,0.0,0.0,0.0,0.0,0.0,0.0,0.0,0.0,0.0,0.0,-12537.46,-33.89,-10615.46,-33.89,-23000524.0,-33.89,-8.71,-42.61,-7.38,-42.63,-15973.75,-42.6,-23000524.0,-33.89,567433.25,23.37,0.0,1.4468,0.0,-0.0,0.0,30.7929,0.0,0.2866,0.4812,0.4812,0.6351
119,Binongko,Wakatobi,2045,11136.5,281.25,0.0,4498.2,920.07,0.0,0.0,555.3,37.17,0.0,0.0,0.0,0.0,0.0,0.0,10322.33,8739.92,18936776.0,11.22,9.5,20581.89,18936776.0,5121668.5,13815107.5,3.6974,2345.74,26.68,0.0,0.0,-454.05,-33.04,0.0,0.0,0.0,0.0,0.0,0.0,0.0,0.0,0.0,0.0,0.0,0.0,-17764.69,-63.25,-15041.34,-63.25,-32590108.0,-63.25,-9.22,-45.11,-7.81,-45.12,-16916.21,-45.11,-32590108.0,-63.25,1078800.25,26.68,0.0,1.2812,0.0,0.0,0.0,10.703,0.0,0.3437,0.4819,0.4819,0.3161
120,Wangi Wangi Selatan,Wakatobi,2045,15280.46,81.72,0.0,5775.48,5036.94,0.0,0.0,1256.13,1.71,0.0,0.0,0.0,0.0,0.0,0.0,66784.3,56546.28,122518800.0,13.26,11.23,24324.05,122518800.0,7027483.5,115491316.5,17.4342,-7382.75,-32.58,0.0,0.0,-293.85,-5.51,0.0,0.0,0.0,0.0,0.0,0.0,0.0,0.0,0.0,0.0,0.0,0.0,-42177.04,-38.71,-35711.3,-38.71,-77375696.0,-38.71,-7.18,-35.13,-6.08,-35.12,-13174.05,-35.13,-77375696.0,-38.71,-3395328.5,-32.58,0.0,1.0405,0.0,0.0023,0.0,46.243,0.0,0.411,0.5064,0.5064,0.2976
121,Kaledupa Selatan,Wakatobi,2045,11461.05,1820.7,0.0,317.25,3016.17,0.0,0.0,311.04,1.44,0.0,0.0,0.0,0.0,0.0,0.0,39991.11,33860.48,73365488.0,13.26,11.23,24324.06,73365488.0,5270938.0,68094550.0,13.9189,2905.75,33.96,0.0,0.0,698.22,30.12,0.0,0.0,0.0,0.0,0.0,0.0,0.0,0.0,0.0,0.0,0.0,0.0,-7387.78,-15.59,-6255.23,-15.59,-13553232.0,-15.59,-7.18,-35.13,-6.08,-35.12,-13174.04,-35.13,-13553232.0,-15.59,1336355.25,33.96,0.0,1.2831,0.0,-0.0,0.0,56.1644,0.0,0.3562,0.3894,0.3894,0.269
122,Tomia Timur,Wakatobi,2045,7514.27,711.09,0.0,1053.09,1961.73,0.0,0.0,369.63,0.0,0.0,0.0,0.0,0.0,0.0,0.0,22008.8,18634.85,40376116.0,11.22,9.5,20581.89,40376116.0,3455815.5,36920300.5,11.6835,305.84,4.24,0.0,0.0,80.55,4.28,0.0,0.0,0.0,0.0,0.0,0.0,0.0,0.0,0.0,0.0,0.0,0.0,-16442.52,-42.76,-13921.88,-42.76,-30164532.0,-42.76,-9.22,-45.11,-7.81,-45.12,-16916.2,-45.11,-30164532.0,-42.76,140657.75,4.24,0.0,1.2859,0.0,-0.0,0.0,23.559,0.0,0.347,0.4955,0.4955,0.777
123,Togo Binongko,Wakatobi,2045,5892.84,0.0,0.0,3219.3,352.26,0.0,0.0,259.2,0.0,0.0,0.0,0.0,0.0,0.0,0.0,3952.03,3346.18,7250177.5,11.22,9.5,20581.89,7250177.5,2710118.5,4540059.0,2.6752,916.33,18.41,0.0,0.0,-346.5,-49.59,0.0,0.0,0.0,0.0,0.0,0.0,0.0,0.0,0.0,0.0,0.0,0.0,-10330.62,-72.33,-8746.94,-72.33,-18951994.5,-72.33,-9.22,-45.11,-7.81,-45.12,-16916.21,-45.11,-18951994.5,-72.33,421424.0,18.41,0.0,1.2806,0.0,-0.0,0.0,8.4252,0.0,0.3447,0.4624,0.4624,0.2589
124,Lasusua,Kolaka Utara,2045,49364.64,13315.95,191.61,2087.01,7784.19,0.0,2266.83,1197.18,106.02,0.0,0.0,0.0,0.0,0.0,0.0,44531.38,37704.71,81694832.0,5.72,4.84,10494.97,81694832.0,22702794.0,58992038.0,3.5984,27355.42,124.29,0.0,0.0,-316.26,-3.9,0.0,0.0,0.0,0.0,0.0,0.0,0.0,0.0,0.0,0.0,0.0,0.0,-29101.7,-39.52,-24640.42,-39.52,-53388384.0,-39.52,-3.37,-37.07,-2.86,-37.14,-6181.04,-37.07,-53388384.0,-39.52,12580752.0,124.29,0.0,0.859,0.0,0.001,0.0,103.5518,0.0,0.5056,0.2626,0.2626,0.3663
125,Pakue,Kolaka Utara,2045,31062.05,7969.77,1164.51,20.07,4527.45,0.0,29.25,218.52,1143.54,0.0,0.0,0.0,0.0,0.0,0.0,26327.39,22291.39,48298772.0,5.82,4.92,10667.99,48298772.0,14285437.0,34013335.0,3.381,17073.71,122.06,0.0,0.0,39.78,0.89,0.0,0.0,0.0,0.0,0.0,0.0,0.0,0.0,0.0,0.0,0.0,0.0,-14465.53,-35.46,-12247.98,-35.46,-26537676.0,-35.46,-3.27,-35.97,-2.78,-36.1,-6008.02,-36.03,-26537676.0,-35.46,7852199.5,122.06,0.0,0.6439,0.0,0.0019,0.0,100.6864,0.0,0.4659,0.2939,0.2939,0.1091
126,Batu Putih,Kolaka Utara,2045,42935.16,14138.82,222.03,328.68,6224.13,20.34,1968.84,214.38,548.91,110.32,70.33,251069.41,5.42,3.46,12343.63,35726.26,30249.41,65541404.0,5.74,4.86,10530.21,65792473.41,19745880.0,46046593.41,3.332,21878.19,103.9,-79.29,-79.58,523.71,9.19,-326.6,-74.75,-208.21,-74.75,-743302.34,-74.75,1.03,23.46,0.66,23.57,2362.98,23.68,-16090.56,-31.05,-13623.89,-31.05,-29518876.0,-31.05,-3.35,-36.85,-2.84,-36.88,-6145.8,-36.85,-30262178.34,-31.51,10061780.0,103.9,0.4666,0.4154,0.0019,0.0017,59.1742,54.7862,0.4178,0.3747,0.2642,0.2642,0.0703
127,Rante Angin,Kolaka Utara,2045,19689.69,4576.77,174.87,65.43,2492.19,40.5,105.48,479.34,403.65,219.66,140.03,499917.0,5.42,3.46,12343.63,13802.12,11686.26,25320616.0,5.54,4.69,10159.99,25820533.0,9055289.0,16765244.0,2.8514,9670.07,96.51,-165.06,-80.3,-551.34,-18.12,-681.8,-75.63,-434.65,-75.63,-1551704.5,-75.63,1.03,23.46,0.66,23.57,2362.98,23.68,-13863.57,-50.11,-11738.28,-50.11,-25433336.0,-50.11,-3.55,-39.05,-3.01,-39.09,-6516.03,-39.07,-26985040.5,-51.1,4447263.5,96.51,0.9266,0.9073,0.0007,0.0008,57.8444,62.2602,0.529,0.525,0.2823,0.2823,0.3864
128,Kodeoha,Kolaka Utara,2045,24735.04,6373.62,622.08,3518.64,1282.77,0.0,1735.47,174.96,22.41,0.0,0.0,0.0,0.0,0.0,0.0,7459.38,6315.86,13684572.0,5.82,4.92,10667.99,13684572.0,11375645.0,2308927.0,1.203,13125.58,113.06,-60.21,-100.0,-25.29,-1.93,-264.05,-100.0,-168.33,-100.0,-600934.69,-100.0,-4.39,-100.0,-2.8,-100.0,-9980.65,-100.0,-4430.89,-37.26,-3751.63,-37.26,-8128654.0,-37.26,-3.27,-35.97,-2.78,-36.1,-6008.02,-36.03,-8729588.69,-38.95,6036456.5,113.06,0.0,0.765,0.0,0.0017,0.0,115.7341,0.0,0.5008,0.2456,0.2456,0.194
129,Ngapa,Kolaka Utara,2045,41204.96,3148.02,3547.53,5380.2,9979.47,0.0,0.0,235.17,3.96,0.0,0.0,0.0,0.0,0.0,0.0,58031.21,49135.01,106460848.0,5.82,4.92,10667.99,106460848.0,18950162.0,87510686.0,5.6179,21669.9,110.93,0.0,0.0,822.06,8.98,0.0,0.0,0.0,0.0,0.0,0.0,0.0,0.0,0.0,0.0,0.0,0.0,-25209.65,-30.29,-21345.02,-30.29,-46248224.0,-30.29,-3.27,-35.97,-2.78,-36.1,-6008.02,-36.03,-46248224.0,-30.29,9965990.0,110.93,0.0,0.8044,0.0,0.0025,0.0,110.7737,0.0,0.6397,0.2412,0.2412,0.15
130,Wawo,Kolaka Utara,2045,29753.46,22000.32,146.34,669.15,3267.54,0.54,15.12,368.46,57.87,2.8,1.78,6362.58,5.18,3.3,11782.55,17943.48,15192.75,32918128.0,5.49,4.65,10074.28,32924490.58,13683620.0,19240870.58,2.4061,16721.18,128.31,-74.43,-99.28,-933.03,-22.21,-325.97,-99.15,-207.81,-99.15,-741886.42,-99.15,0.79,18.0,0.5,17.86,1801.9,18.05,-20239.7,-53.01,-17136.95,-53.01,-37130616.0,-53.01,-3.6,-39.6,-3.05,-39.61,-6601.73,-39.59,-37872502.42,-53.49,7690072.5,128.31,0.9409,0.919,0.0002,0.0009,39.6417,54.2149,0.5153,0.6018,0.2062,0.2062,0.2649
131,Lambai,Kolaka Utara,2045,17249.71,6743.79,42.03,153.18,1666.17,0.0,1072.26,110.88,13.68,0.0,0.0,0.0,0.0,0.0,0.0,8970.18,7595.06,16456205.0,5.38,4.56,9876.67,16456205.0,7933142.0,8523063.0,2.0744,9211.27,114.59,0.0,0.0,-1066.41,-39.03,0.0,0.0,0.0,0.0,0.0,0.0,0.0,0.0,0.0,0.0,0.0,0.0,-15868.97,-63.89,-13436.25,-63.89,-29112335.0,-63.89,-3.71,-40.81,-3.14,-40.78,-6799.34,-40.77,-29112335.0,-63.89,4236263.0,114.59,0.0,0.8717,0.0,0.0007,0.0,75.0023,0.0,0.4607,0.2184,0.2184,0.3303
132,Watunohu,Kolaka Utara,2045,15428.46,44.37,1716.39,1.35,35.28,0.0,0.0,163.44,1380.69,0.0,0.0,0.0,0.0,0.0,0.0,205.16,173.7,376366.53,5.82,4.92,10667.99,376366.53,7095548.0,-6719181.47,0.053,7386.03,91.84,0.0,0.0,-8.64,-19.67,0.0,0.0,0.0,0.0,0.0,0.0,0.0,0.0,0.0,0.0,0.0,0.0,-194.07,-48.61,-164.33,-48.61,-356043.97,-48.61,-3.27,-35.97,-2.78,-36.1,-6008.02,-36.03,-356043.97,-48.61,3396834.25,91.84,0.0,0.6786,0.0,0.0012,0.0,123.772,0.0,0.4646,0.5456,0.5456,0.1223
133,Pakue Tengah,Kolaka Utara,2045,29654.69,11491.56,162.54,25.38,4789.8,0.0,0.0,349.47,636.39,0.0,0.0,0.0,0.0,0.0,0.0,27852.97,23583.1,51097524.0,5.82,4.92,10667.99,51097524.0,13638184.0,37459340.0,3.7467,17430.55,142.59,-144.63,-100.0,-36.81,-0.76,-634.26,-100.0,-404.34,-100.0,-1443500.88,-100.0,-4.39,-100.0,-2.8,-100.0,-9980.65,-100.0,-16020.91,-36.52,-13564.92,-36.52,-29391100.0,-36.52,-3.27,-35.97,-2.78,-36.1,-6008.03,-36.03,-30834600.88,-37.63,8016301.5,142.59,0.0,0.5303,0.0,0.0018,0.0,81.6788,0.0,0.4092,0.2499,0.2499,0.0895
134,Pakue Utara,Kolaka Utara,2045,28506.66,16598.61,415.98,0.0,4563.0,5.4,0.0,361.44,442.98,29.29,18.67,66655.59,5.42,3.46,12343.63,26534.12,22466.43,48678012.0,5.82,4.92,10667.98,48744667.59,13110212.0,35634455.59,3.7181,16627.14,139.96,-110.52,-95.34,-400.14,-8.06,-479.07,-94.24,-305.41,-94.24,-1090300.79,-94.24,1.03,23.46,0.66,23.57,2362.98,23.68,-18580.82,-41.19,-15732.37,-41.19,-34087380.0,-41.19,-3.27,-35.97,-2.78,-36.1,-6008.03,-36.03,-35177680.79,-41.92,7646824.0,139.96,0.53,0.4171,0.0019,0.0015,74.4571,64.3611,0.4279,0.3208,0.1583,0.1583,0.085
135,Porehu,Kolaka Utara,2045,40548.15,40017.42,174.15,1826.01,15104.61,0.0,0.0,39.96,18.27,0.0,0.0,0.0,0.0,0.0,0.0,79978.61,67717.9,146724320.0,5.29,4.48,9713.88,146724320.0,18648096.0,128076224.0,7.8681,20299.87,100.25,0.0,0.0,1972.44,15.02,0.0,0.0,0.0,0.0,0.0,0.0,0.0,0.0,0.0,0.0,0.0,0.0,-39392.79,-33.0,-33353.87,-33.0,-72267920.0,-33.0,-3.8,-41.8,-3.22,-41.82,-6962.13,-41.75,-72267920.0,-33.0,9335912.0,100.25,0.0,0.1773,0.0,0.0034,0.0,36.4522,0.0,0.543,0.1666,0.1666,0.0608
136,Katoi,Kolaka Utara,2045,22039.19,8811.36,2.7,2127.78,361.71,0.0,3019.5,133.56,0.0,0.0,0.0,0.0,0.0,0.0,0.0,2103.36,1780.92,3858717.25,5.82,4.92,10667.99,3858717.25,10135826.0,-6277108.75,0.3807,12633.83,134.33,-19.98,-100.0,-610.29,-62.79,-87.62,-100.0,-55.86,-100.0,-199413.31,-100.0,-4.39,-100.0,-2.8,-100.0,-9980.65,-100.0,-6732.12,-76.19,-5700.08,-76.19,-12350366.75,-76.19,-3.27,-35.97,-2.78,-36.1,-6008.02,-36.03,-12549780.06,-76.48,5810301.5,134.33,0.0,0.7981,0.0,0.0003,0.0,123.2442,0.0,0.4307,0.2127,0.2127,0.2459
137,Tiwu,Kolaka Utara,2045,9577.93,63.18,1034.91,709.47,1147.05,0.0,356.94,152.01,87.84,0.0,0.0,0.0,0.0,0.0,0.0,6670.16,5647.63,12236712.0,5.82,4.92,10667.98,12236712.0,4404889.0,7831823.0,2.778,4420.99,85.73,0.0,0.0,839.07,272.44,0.0,0.0,0.0,0.0,0.0,0.0,0.0,0.0,0.0,0.0,0.0,0.0,3870.62,138.26,3277.26,138.26,7100833.5,138.26,-3.27,-35.97,-2.78,-36.1,-6008.03,-36.03,7100833.5,138.26,2033211.0,85.73,0.0,0.5035,0.0,0.0004,0.0,108.289,0.0,0.0722,0.4103,0.4103,0.1583
138,Tolala,Kolaka Utara,2045,34049.12,20847.69,354.42,634.86,4982.31,0.0,1217.79,368.73,182.61,0.0,0.0,0.0,0.0,0.0,0.0,26216.38,22197.42,48095136.0,5.26,4.46,9653.18,48095136.0,15659190.0,32435946.0,3.0714,16619.8,95.36,0.0,0.0,414.36,9.07,0.0,0.0,0.0,0.0,0.0,0.0,0.0,0.0,0.0,0.0,0.0,0.0,-15306.29,-36.86,-12959.81,-36.86,-28080056.0,-36.86,-3.83,-42.13,-3.24,-42.08,-7022.83,-42.11,-28080056.0,-36.86,7643448.0,95.36,0.0,0.4237,0.0,0.002,0.0,46.7226,0.0,0.5286,0.3499,0.3499,0.0271
139,Asera,Konawe Utara,2045,23164.74,135464.04,2139.75,7667.19,3180.06,0.0,0.45,470.88,662.22,0.0,0.0,0.0,0.0,0.0,0.0,9532.23,8070.93,17487294.0,3.0,2.54,5499.05,17487294.0,10653459.0,6833835.0,1.6415,10805.82,87.43,0.0,0.0,-1572.75,-33.09,0.0,0.0,0.0,0.0,0.0,0.0,0.0,0.0,0.0,0.0,0.0,0.0,-9098.79,-48.84,-7703.95,-48.84,-16692134.0,-48.84,-0.92,-23.47,-0.78,-23.49,-1692.36,-23.53,-16692134.0,-48.84,4969600.0,87.43,0.0,0.6481,0.0,0.0006,0.0,-29.7412,0.0,0.4357,0.0676,0.0676,0.2336
140,Wiwirano,Konawe Utara,2045,7879.94,76581.99,12416.85,794.16,439.92,128.16,41.31,488.16,259.92,715.96,456.42,1629434.12,5.59,3.56,12714.06,1473.05,1247.24,2702385.0,3.35,2.84,6142.9,4331819.12,3623984.5,707834.62,1.1953,1871.68,31.15,-630.09,-83.1,-1197.45,-73.13,-1857.08,-72.17,-1183.89,-72.17,-4226480.38,-72.17,2.2,64.9,1.4,64.81,4991.13,64.63,-4945.44,-77.05,-4187.3,-77.05,-9072626.0,-77.05,-0.57,-14.54,-0.48,-14.46,-1048.52,-14.58,-13299106.38,-75.43,860787.75,31.15,1.0813,1.0236,-0.0019,-0.0045,-8.098,-5.9438,0.4692,0.5559,0.2423,0.2423,0.1449
141,Langgikima,Konawe Utara,2045,4709.47,2983.59,5744.25,455.85,267.12,0.0,4589.64,26.73,4.59,0.0,0.0,0.0,0.0,0.0,0.0,706.28,598.01,1295708.88,2.64,2.24,4850.66,1295708.88,2165886.5,-870177.62,0.5982,1674.92,55.2,0.0,0.0,-1450.71,-84.45,0.0,0.0,0.0,0.0,0.0,0.0,0.0,0.0,0.0,0.0,0.0,0.0,-6027.61,-89.51,-5103.58,-89.51,-11057922.12,-89.51,-1.28,-32.65,-1.08,-32.53,-2340.76,-32.55,-11057922.12,-89.51,770298.25,55.2,0.0,1.3807,0.0,0.0044,0.0,1.146,0.0,0.3286,0.5956,0.5956,0.2108
142,Molawe,Konawe Utara,2045,5534.15,9891.36,183.06,1948.95,1319.22,0.0,2023.2,344.52,790.38,0.0,0.0,0.0,0.0,0.0,0.0,2678.95,2268.26,4914645.5,2.03,1.72,3725.42,4914645.5,2545156.25,2369489.25,1.931,2044.3,58.58,0.0,0.0,-1100.88,-45.49,0.0,0.0,0.0,0.0,0.0,0.0,0.0,0.0,0.0,0.0,0.0,0.0,-6807.84,-71.76,-5764.21,-71.76,-12489302.5,-71.76,-1.89,-48.21,-1.6,-48.19,-3466.0,-48.2,-12489302.5,-71.76,940173.13,58.58,0.0,0.3818,0.0,-0.0001,0.0,-27.0959,0.0,0.4627,0.351,0.351,0.4085
143,Lasolo,Konawe Utara,2045,7534.36,14761.98,143.64,374.4,2378.88,0.0,1462.95,303.03,53.46,0.0,0.0,0.0,0.0,0.0,0.0,6738.18,5705.22,12361497.0,2.83,2.4,5196.35,12361497.0,3465052.75,8896444.25,3.5675,3186.32,73.28,0.0,0.0,397.53,20.06,0.0,0.0,0.0,0.0,0.0,0.0,0.0,0.0,0.0,0.0,0.0,0.0,-1028.71,-13.24,-871.01,-13.24,-1887215.0,-13.24,-1.09,-27.81,-0.92,-27.71,-1995.07,-27.74,-1887215.0,-13.24,1465387.13,73.28,0.0,-0.3491,0.0,-0.0038,0.0,-24.583,0.0,0.583,0.3348,0.3348,0.466
144,Lembo,Konawe Utara,2045,3478.97,5432.04,42.21,218.25,3732.93,0.0,0.0,288.9,261.63,0.0,0.0,0.0,0.0,0.0,0.0,11058.74,9363.44,20287760.0,2.96,2.51,5434.81,20287760.0,1599978.88,18687781.12,12.68,1420.7,69.02,0.0,0.0,-313.2,-7.74,0.0,0.0,0.0,0.0,0.0,0.0,0.0,0.0,0.0,0.0,0.0,0.0,-4802.09,-30.28,-4065.93,-30.28,-8809646.0,-30.28,-0.96,-24.49,-0.81,-24.4,-1756.61,-24.43,-8809646.0,-30.28,653379.44,69.02,0.0,-0.3393,0.0,-0.0054,0.0,-16.3769,0.0,0.5973,0.3433,0.3433,0.4797
145,Sawa,Konawe Utara,2045,1812.51,130.05,91.53,664.83,2449.44,3.87,0.0,453.42,0.99,16.5,10.52,37545.72,4.26,2.72,9701.74,6253.92,5295.2,11473104.0,2.55,2.16,4683.97,11510649.72,833574.12,10677075.59,13.8088,851.47,88.6,-43.56,-91.84,-42.93,-1.72,-144.45,-89.75,-92.08,-89.75,-328753.03,-89.75,0.87,25.66,0.56,25.93,1978.81,25.62,-3516.17,-35.99,-2977.14,-35.99,-6450564.0,-35.99,-1.37,-34.95,-1.16,-34.94,-2507.45,-34.87,-6779317.03,-37.07,391592.5,88.6,-0.0973,0.0018,-0.0037,0.0034,-9.7939,-8.863,0.5463,0.5216,0.5433,0.5433,0.6289
146,Oheo,Konawe Utara,2045,9055.84,31764.96,3557.7,2622.6,1716.3,733.14,39.69,619.56,398.52,4047.42,2580.23,9211425.0,5.52,3.52,12564.35,5326.19,4509.68,9771129.0,3.1,2.63,5693.14,18982554.0,4164782.0,14817772.0,4.5579,3830.21,73.3,-1710.72,-70.0,-628.65,-26.81,-4245.55,-51.19,-2706.54,-51.19,-9662343.0,-51.19,2.13,62.83,1.36,62.96,4841.42,62.69,-3866.02,-42.06,-3273.36,-42.06,-7092383.0,-42.06,-0.82,-20.92,-0.69,-20.78,-1498.28,-20.83,-16754726.0,-46.88,1761513.5,73.3,0.7776,0.8635,-0.0028,-0.0033,-29.8635,-27.7919,0.519,0.4487,0.2631,0.2631,0.2609
147,Andowia,Konawe Utara,2045,6808.23,9028.17,5166.36,1294.83,770.4,0.0,262.98,443.52,132.75,0.0,0.0,0.0,0.0,0.0,0.0,1475.92,1249.66,2707633.5,1.92,1.62,3514.58,2707633.5,3131102.75,-423469.25,0.8648,2693.99,65.48,0.0,0.0,-706.68,-47.84,0.0,0.0,0.0,0.0,0.0,0.0,0.0,0.0,0.0,0.0,0.0,0.0,-4314.23,-74.51,-3652.86,-74.51,-7914663.5,-74.51,-2.0,-51.02,-1.7,-51.2,-3676.84,-51.13,-7914663.5,-74.51,1238964.5,65.48,0.0,0.3168,0.0,-0.0168,0.0,-38.7128,0.0,0.548,0.3873,0.3873,0.4697
148,Motui,Konawe Utara,2045,3811.37,1675.17,338.04,1379.52,2017.35,0.18,444.78,217.98,2248.74,1.21,0.77,2744.21,6.7,4.27,15245.59,6255.42,5296.47,11475855.0,3.1,2.63,5688.58,11478599.21,1752846.88,9725752.33,6.5485,1695.61,80.14,-75.51,-99.76,951.12,89.2,-255.64,-99.53,-162.97,-99.53,-581804.67,-99.53,3.31,97.64,2.11,97.69,7522.66,97.41,2075.8,49.66,1757.58,49.66,3808151.5,49.66,-0.82,-20.92,-0.69,-20.78,-1502.84,-20.9,3226346.83,39.1,779810.13,80.14,-0.3931,-0.2302,-0.0006,-0.0027,-14.0271,-14.7692,0.5964,0.5599,0.5695,0.5695,0.6146
149,Wawolesea,Konawe Utara,2045,1964.92,2867.76,3.69,156.78,1638.99,0.0,71.82,85.77,0.0,0.0,0.0,0.0,0.0,0.0,0.0,5029.88,4258.8,9227545.0,3.07,2.6,5630.02,9227545.0,903668.56,8323876.44,10.2112,808.74,69.95,0.0,0.0,-74.16,-4.33,0.0,0.0,0.0,0.0,0.0,0.0,0.0,0.0,0.0,0.0,0.0,0.0,-1685.67,-25.1,-1427.26,-25.1,-3092429.0,-25.1,-0.85,-21.68,-0.72,-21.69,-1561.4,-21.71,-3092429.0,-25.1,371939.68,69.95,0.0,-0.3342,0.0,-0.0044,0.0,-20.9204,0.0,0.5817,0.4882,0.4882,0.4267
150,Lasolo Kepulauan,Konawe Utara,2045,3293.87,17989.02,2701.44,1359.81,302.67,0.0,3432.42,85.32,567.09,0.0,0.0,0.0,0.0,0.0,0.0,492.03,416.6,902653.12,1.63,1.38,2982.3,902653.12,1514852.5,-612199.38,0.5959,1238.52,60.26,0.0,0.0,113.22,59.76,0.0,0.0,0.0,0.0,0.0,0.0,0.0,0.0,0.0,0.0,0.0,0.0,-250.61,-33.75,-212.2,-33.75,-459760.88,-33.75,-2.29,-58.42,-1.94,-58.43,-4209.12,-58.53,-459760.88,-33.75,569597.31,60.26,0.0,1.5678,0.0,-0.0015,0.0,-19.1282,0.0,0.3804,0.2793,0.2793,0.3007
151,Landawe,Konawe Utara,2045,4137.65,7144.92,6332.31,1690.74,260.19,765.18,2272.59,0.0,294.75,4181.37,2665.62,9516280.0,5.46,3.48,12436.66,840.22,711.41,1541423.0,3.23,2.73,5924.22,11057703.0,1902905.38,9154797.62,5.811,1512.73,57.63,-1224.54,-61.54,-990.18,-79.19,-2570.53,-38.07,-1638.71,-38.07,-5850196.0,-38.07,2.07,61.06,1.32,61.11,4713.73,61.04,-4061.23,-82.86,-3438.65,-82.86,-7450508.0,-82.86,-0.69,-17.6,-0.59,-17.77,-1267.2,-17.62,-13300704.0,-54.6,695704.0,57.63,1.0929,1.6788,-0.0016,0.0033,-11.2541,0.6297,0.4242,0.2065,0.3986,0.3986,0.1937
152,Kulisusu,Buton Utara,2045,18905.86,5399.91,41.76,2064.78,6931.62,0.0,0.0,1190.16,64.44,0.0,0.0,0.0,0.0,0.0,0.0,61433.75,52015.97,112702984.0,8.86,7.5,16259.26,112702984.0,8694806.0,104008178.0,12.9621,5770.91,43.94,0.0,0.0,264.96,3.97,0.0,0.0,0.0,0.0,0.0,0.0,0.0,0.0,0.0,0.0,0.0,0.0,-58966.09,-48.98,-49926.6,-48.98,-108176040.0,-48.98,-9.2,-50.94,-7.79,-50.95,-16872.63,-50.93,-108176040.0,-48.98,2654042.0,43.94,0.0,0.4797,0.0,0.0008,0.0,0.3822,0.0,0.4799,0.6028,0.6028,0.8454
153,Kambowa,Buton Utara,2045,20962.65,18449.82,3.87,370.44,6834.51,0.0,0.0,357.75,1.53,0.0,0.0,0.0,0.0,0.0,0.0,82460.15,69819.02,151276880.0,12.07,10.22,22134.27,151276880.0,9640722.0,141636158.0,15.6914,9508.97,83.02,0.0,0.0,502.83,7.94,0.0,0.0,0.0,0.0,0.0,0.0,0.0,0.0,0.0,0.0,0.0,0.0,-31889.97,-27.89,-27001.23,-27.89,-58503568.0,-27.89,-5.99,-33.17,-5.07,-33.16,-10997.61,-33.19,-58503568.0,-27.89,4373176.0,83.02,0.0,0.5191,0.0,0.0003,0.0,6.1257,0.0,0.5201,0.3585,0.3585,0.4241
154,Bonegunu,Buton Utara,2045,22575.71,27118.08,42.21,5010.39,5459.85,0.0,0.0,686.7,166.59,0.0,0.0,0.0,0.0,0.0,0.0,57989.66,49099.84,106384624.0,10.62,8.99,19484.9,106384624.0,10382570.0,96002054.0,10.2465,9002.45,66.32,0.0,0.0,352.26,6.9,0.0,0.0,0.0,0.0,0.0,0.0,0.0,0.0,0.0,0.0,0.0,0.0,-34253.41,-37.13,-29002.36,-37.13,-62839440.0,-37.13,-7.44,-41.2,-6.3,-41.2,-13646.98,-41.19,-62839440.0,-37.13,4140228.5,66.32,0.0,0.2473,0.0,0.0061,0.0,3.5981,0.0,0.5181,0.3861,0.3861,0.6455
155,Kulisusu Barat,Buton Utara,2045,16010.28,20028.69,0.0,129.33,9416.52,16.47,0.0,305.73,24.57,0.0,0.0,0.0,0.0,0.0,0.0,103370.37,87523.68,189637584.0,10.98,9.29,20138.82,189637584.0,7363127.0,182274457.0,25.755,6903.93,75.81,-209.34,-92.71,1440.81,18.06,0.0,0.0,0.0,0.0,0.0,0.0,0.0,0.0,0.0,0.0,0.0,0.0,-40670.96,-28.24,-34436.12,-28.24,-74612736.0,-28.24,-7.08,-39.2,-6.0,-39.24,-12993.07,-39.22,-74612736.0,-28.24,3175117.5,75.81,0.0917,0.1472,0.003,-0.0026,4.2672,4.2055,0.5364,0.5419,0.3083,0.3083,0.6126
156,Kulisusu Utara,Buton Utara,2045,17564.44,34655.67,26.82,3873.51,4518.0,0.0,0.0,782.82,2.97,0.0,0.0,0.0,0.0,0.0,0.0,47534.51,40247.47,87204192.0,10.52,8.91,19301.5,87204192.0,8077882.0,79126310.0,10.7954,7626.63,76.74,0.0,0.0,-1790.73,-28.38,0.0,0.0,0.0,0.0,0.0,0.0,0.0,0.0,0.0,0.0,0.0,0.0,-66401.16,-58.28,-56221.87,-58.28,-121815904.0,-58.28,-7.54,-41.75,-6.38,-41.73,-13830.38,-41.74,-121815904.0,-58.28,3507483.0,76.74,0.0,0.5417,0.0,-0.0077,0.0,3.5323,0.0,0.5193,0.4205,0.4205,0.4888
157,Wakorumba Utara,Buton Utara,2045,9585.81,15440.58,0.0,1614.87,3893.58,0.0,0.0,504.18,17.91,0.0,0.0,0.0,0.0,0.0,0.0,59838.2,50665.01,109775864.0,15.37,13.01,28194.07,109775864.0,4408515.0,105367349.0,24.9009,3916.23,69.07,0.0,0.0,-173.79,-4.27,0.0,0.0,0.0,0.0,0.0,0.0,0.0,0.0,0.0,0.0,0.0,0.0,-13618.5,-18.54,-11530.78,-18.54,-24983768.0,-18.54,-2.69,-14.89,-2.28,-14.91,-4937.81,-14.9,-24983768.0,-18.54,1801075.75,69.07,0.0,0.1134,0.0,0.0007,0.0,4.1727,0.0,0.5949,0.3607,0.3607,0.5085
158,Tirawuta,Kolaka Timur,2045,34423.87,14261.04,69.66,1276.29,6586.83,251.82,0.0,922.41,0.0,1750.45,1115.91,3983812.25,6.95,4.43,15820.08,58876.74,49850.94,108012016.0,8.94,7.57,16398.18,111995828.25,15831533.0,96164295.25,7.0742,15666.96,83.53,-226.62,-47.37,-164.7,-2.44,-407.65,-18.89,-259.88,-18.89,-927762.75,-18.89,2.44,54.1,1.55,53.82,5554.27,54.1,-39898.15,-40.39,-33781.77,-40.39,-73194944.0,-40.39,-5.69,-38.89,-4.82,-38.9,-10441.21,-38.9,-74122706.75,-39.83,7205232.0,83.53,-0.1385,0.0173,0.0024,0.0024,7.8365,11.5255,0.6844,0.6534,0.3488,0.3488,0.5042
159,Loea,Kolaka Timur,2045,15202.89,4640.49,24.21,489.69,3340.98,353.25,29.16,541.89,11.79,2467.14,1572.8,5614895.5,6.98,4.45,15894.96,29863.54,25285.46,54785988.0,8.94,7.57,16398.18,60400883.5,6991807.5,53409076.0,8.6388,7083.63,87.24,-742.14,-67.75,214.65,6.87,-2473.85,-50.07,-1577.08,-50.07,-5630171.5,-50.07,2.47,54.77,1.57,54.51,5629.15,54.83,-15874.67,-34.71,-13441.08,-34.71,-29122804.0,-34.71,-5.69,-38.89,-4.82,-38.9,-10441.21,-38.9,-34752975.5,-36.52,3257761.0,87.24,-0.1416,0.034,0.003,0.0032,8.6708,12.5798,0.7651,0.6687,0.2974,0.2974,0.4468
160,Ladongi,Kolaka Timur,2045,32860.54,4339.62,214.2,1902.69,6046.2,2185.92,11.97,1674.81,0.0,15266.71,9732.53,34745116.0,6.98,4.45,15894.96,54044.3,45759.3,99146664.0,8.94,7.57,16398.18,133891780.0,15112558.0,118779222.0,8.8596,13283.47,67.85,-1734.03,-44.24,323.64,5.66,-2415.04,-13.66,-1539.59,-13.66,-5496340.0,-13.66,2.47,54.77,1.57,54.51,5629.15,54.83,-29676.75,-35.45,-25127.32,-35.45,-54443368.0,-35.45,-5.69,-38.89,-4.82,-38.9,-10441.21,-38.9,-59939708.0,-30.92,6109063.0,67.85,-0.2958,-0.0158,0.0032,0.0037,6.496,11.0131,0.6798,0.6824,0.3687,0.3687,0.416
161,Poli Polia,Kolaka Timur,2045,30036.19,359.64,62.28,582.66,10448.19,71.73,0.0,602.91,0.0,484.46,308.84,1102561.25,6.75,4.31,15370.99,93391.72,79074.77,171331280.0,8.94,7.57,16398.18,172433841.25,13813639.0,158620202.25,12.4829,15695.89,109.45,-605.16,-89.4,861.57,8.99,-2568.79,-84.13,-1637.61,-84.13,-5846262.75,-84.13,2.24,49.67,1.43,49.65,5105.18,49.73,-46860.53,-33.41,-39676.82,-33.41,-85967760.0,-33.41,-5.69,-38.89,-4.82,-38.9,-10441.21,-38.9,-91814022.75,-34.75,7218536.5,109.45,-0.2128,-0.0898,0.0029,0.0038,5.7665,8.8294,0.6983,0.6702,0.4821,0.4821,0.386
162,Lambandia,Kolaka Timur,2045,54325.64,1818.54,85.14,687.42,15636.42,1413.81,0.0,1475.91,0.0,8087.47,5155.76,18406064.0,5.72,3.65,13018.77,133349.36,112906.93,244635472.0,8.53,7.22,15645.24,263041536.0,24984364.0,238057172.0,10.5282,30338.26,126.48,-2728.17,-65.87,2260.26,16.9,-10595.8,-56.71,-6754.82,-56.71,-24114724.0,-56.71,1.21,26.83,0.77,26.74,2752.96,26.82,-62343.89,-31.86,-52786.51,-31.86,-114372496.0,-31.86,-6.1,-41.7,-5.17,-41.73,-11194.15,-41.71,-138487220.0,-34.49,13952568.0,126.48,-0.2261,-0.1772,-0.0002,0.0008,-0.7513,1.3061,0.6637,0.6707,0.4609,0.4609,0.293
163,Lalolae,Kolaka Timur,2045,10617.05,1648.62,1835.73,330.66,838.53,30.6,0.0,322.56,0.0,174.86,111.47,397952.06,5.71,3.64,13004.97,7495.25,6346.23,13750365.0,8.94,7.57,16398.18,14148317.06,4882780.5,9265536.56,2.8976,4910.99,86.07,-692.01,-95.77,112.59,15.51,-3084.62,-94.64,-1966.45,-94.64,-7020224.94,-94.64,1.2,26.61,0.76,26.39,2739.16,26.68,-3125.25,-29.43,-2646.15,-29.43,-5733423.0,-29.43,-5.69,-38.89,-4.82,-38.9,-10441.21,-38.9,-12753647.94,-47.41,2258564.75,86.07,0.4716,0.4903,0.0029,0.0028,26.927,27.8231,0.6119,0.6286,0.591,0.591,0.5037
164,Mowewe,Kolaka Timur,2045,24531.2,13700.97,146.34,97.74,2554.47,589.68,0.0,623.79,0.0,3334.79,2125.93,7589570.5,5.66,3.61,12870.66,23655.04,20028.72,43396216.0,9.26,7.84,16988.34,50985786.5,11281900.0,39703886.5,4.5193,11143.37,83.24,-1168.02,-66.45,765.63,42.8,-4593.68,-57.94,-2928.47,-57.94,-10454643.5,-57.94,1.15,25.5,0.73,25.35,2604.85,25.37,-2515.69,-9.61,-2130.04,-9.61,-4615156.0,-9.61,-5.37,-36.71,-4.55,-36.72,-9851.05,-36.7,-15069799.5,-22.81,5124838.0,83.24,0.6819,0.749,0.0022,0.0028,37.7943,37.8763,0.6521,0.5744,0.3471,0.3471,0.5348
165,Uluiwoi,Kolaka Timur,2045,18651.01,19666.53,0.0,1023.03,2524.14,0.0,0.0,301.77,93.24,0.0,0.0,0.0,0.0,0.0,0.0,24173.75,20467.91,44347820.0,9.58,8.11,17569.48,44347820.0,8577597.0,35770223.0,5.1702,9017.01,93.6,0.0,0.0,-320.4,-11.26,0.0,0.0,0.0,0.0,0.0,0.0,0.0,0.0,0.0,0.0,0.0,0.0,-17441.87,-41.91,-14768.04,-41.91,-31997900.0,-41.91,-5.05,-34.52,-4.28,-34.54,-9269.91,-34.54,-31997900.0,-41.91,4146919.5,93.6,0.0,0.7567,0.0,0.0011,0.0,22.923,0.0,0.5848,0.252,0.252,0.4005
166,Tinondo,Kolaka Timur,2045,34857.07,29645.19,2566.44,39.24,7442.82,0.0,0.0,297.0,1.26,0.0,0.0,0.0,0.0,0.0,0.0,68568.81,58057.22,125792584.0,9.21,7.8,16901.2,125792584.0,16030760.0,109761824.0,7.847,16073.51,85.57,-568.98,-100.0,-570.24,-7.12,-2566.5,-100.0,-1636.15,-100.0,-5841041.0,-100.0,-4.51,-100.0,-2.88,-100.0,-10265.81,-100.0,-48662.26,-41.51,-41202.3,-41.51,-89273112.0,-41.51,-5.42,-37.05,-4.59,-37.05,-9938.2,-37.03,-95114153.0,-43.06,7392202.0,85.57,0.0,0.6872,0.0,0.0018,0.0,25.7106,0.0,0.5992,0.266,0.266,0.485
167,Aere,Kolaka Timur,2045,34224.03,12070.71,0.0,1402.02,17162.73,0.0,0.0,65.43,0.0,0.0,0.0,0.0,0.0,0.0,0.0,161224.16,136508.48,295772928.0,9.39,7.95,17233.44,295772928.0,15739628.0,280033300.0,18.7916,18163.87,113.1,-346.41,-100.0,1391.76,8.82,-1562.55,-100.0,-996.13,-100.0,-3556179.0,-100.0,-4.51,-100.0,-2.88,-100.0,-10265.81,-100.0,-69505.09,-30.12,-58849.97,-30.12,-127510336.0,-30.12,-5.24,-35.82,-4.44,-35.84,-9605.95,-35.79,-131066515.0,-30.71,8353562.0,113.1,0.0,0.0033,0.0,0.0036,0.0,8.2456,0.0,0.68,0.3769,0.3769,0.3791
168,Ueesi,Kolaka Timur,2045,43576.51,182953.44,0.0,1292.04,2407.32,0.0,0.0,92.61,416.43,0.0,0.0,0.0,0.0,0.0,0.0,24089.21,20396.34,44192752.0,10.01,8.47,18357.66,44192752.0,20040852.0,24151900.0,2.2051,23653.87,118.73,0.0,0.0,-1113.93,-31.63,0.0,0.0,0.0,0.0,0.0,0.0,0.0,0.0,0.0,0.0,0.0,0.0,-27426.69,-53.24,-23222.15,-53.24,-50315456.0,-53.24,-4.62,-31.58,-3.92,-31.64,-8481.73,-31.6,-50315456.0,-53.24,10878430.0,118.73,0.0,0.5099,0.0,0.0007,0.0,39.6034,0.0,0.5055,0.0699,0.0699,0.1765
169,Dangia,Kolaka Timur,2045,19281.0,1913.76,77.13,2350.98,7520.04,120.33,0.0,598.5,0.0,840.4,535.75,1912640.88,6.98,4.45,15894.96,65567.07,55515.62,120285712.0,8.72,7.38,15995.36,122198352.88,8867329.0,113331023.88,13.7807,8352.15,76.42,-441.45,-78.58,582.3,8.39,-1693.63,-66.84,-1079.69,-66.84,-3854486.62,-66.84,2.47,54.77,1.57,54.51,5629.15,54.83,-35932.07,-35.4,-30423.7,-35.4,-65918992.0,-35.4,-5.91,-40.4,-5.01,-40.44,-10844.03,-40.4,-69773478.62,-36.35,3841152.0,76.42,-0.3519,-0.4207,0.0056,0.0024,3.9753,2.9092,0.7088,0.6892,0.4599,0.4599,0.3218
170,Wawonii Barat,Konawe Kepulauan,2045,11385.46,3569.49,143.1,4040.19,2067.66,0.0,0.0,413.1,5.22,0.0,0.0,0.0,0.0,0.0,0.0,25118.0,21267.41,46080092.0,12.15,10.29,22286.11,46080092.0,5236172.5,40843919.5,8.8003,2077.93,22.33,0.0,0.0,-975.96,-32.07,0.0,0.0,0.0,0.0,0.0,0.0,0.0,0.0,0.0,0.0,0.0,0.0,-33349.94,-57.04,-28237.4,-57.04,-61181972.0,-57.04,-7.06,-36.75,-5.98,-36.75,-12955.5,-36.76,-61181972.0,-57.04,955642.5,22.33,0.0,1.1197,0.0,-0.0002,0.0,-1.4031,0.0,0.3335,0.4316,0.4316,0.2541
171,Wawonii Utara,Konawe Kepulauan,2045,9010.38,7149.24,0.0,1130.58,2904.93,0.0,0.0,306.0,0.0,0.0,0.0,0.0,0.0,0.0,0.0,35000.42,29634.86,64209852.0,12.05,10.2,22103.75,64209852.0,4143872.75,60065979.25,15.4951,3290.0,57.51,-114.48,-100.0,-154.8,-5.06,0.0,0.0,0.0,0.0,0.0,0.0,0.0,0.0,0.0,0.0,0.0,0.0,-23776.99,-40.45,-20131.98,-40.45,-43619956.0,-40.45,-7.16,-37.27,-6.07,-37.31,-13137.86,-37.28,-43619956.0,-40.45,1513071.25,57.51,0.0,1.1156,0.0,0.0011,0.0,4.8422,0.0,0.3493,0.3124,0.3124,0.2075
172,Wawonii Timur Laut,Konawe Kepulauan,2045,3827.89,918.18,0.0,469.98,1745.01,0.0,0.0,242.91,202.32,0.0,0.0,0.0,0.0,0.0,0.0,21024.97,17801.85,38571268.0,12.05,10.2,22103.75,38571268.0,1760447.12,36810820.88,21.9099,1179.86,44.56,0.0,0.0,102.24,6.22,0.0,0.0,0.0,0.0,0.0,0.0,0.0,0.0,0.0,0.0,0.0,0.0,-10532.64,-33.38,-8917.98,-33.38,-19322584.0,-33.38,-7.16,-37.27,-6.07,-37.31,-13137.86,-37.28,-19322584.0,-33.38,542618.37,44.56,0.0,1.0754,0.0,0.0003,0.0,9.4101,0.0,0.3559,0.4394,0.4394,0.1698
173,Wawonii Timur,Konawe Kepulauan,2045,5708.24,4267.44,0.0,1868.67,2690.46,0.0,0.0,265.68,0.99,0.0,0.0,0.0,0.0,0.0,0.0,32910.66,27865.46,60376084.0,12.23,10.36,22440.8,60376084.0,2625220.5,57750863.5,22.9985,668.37,13.26,0.0,0.0,-1032.66,-27.74,0.0,0.0,0.0,0.0,0.0,0.0,0.0,0.0,0.0,0.0,0.0,0.0,-38610.48,-53.98,-32691.49,-53.98,-70832660.0,-53.98,-6.98,-36.34,-5.91,-36.32,-12800.81,-36.32,-70832660.0,-53.98,307384.25,13.26,0.0,1.0883,0.0,0.0007,0.0,9.365,0.0,0.357,0.2462,0.2462,0.1779
174,Wawonii Tenggara,Konawe Kepulauan,2045,9983.79,9518.94,0.0,5063.13,613.26,0.0,201.51,294.21,2.25,0.0,0.0,0.0,0.0,0.0,0.0,7988.18,6763.6,14654683.0,13.03,11.03,23896.36,14654683.0,4591546.5,10063136.5,3.1917,2445.26,32.44,0.0,0.0,-260.19,-29.79,0.0,0.0,0.0,0.0,0.0,0.0,0.0,0.0,0.0,0.0,0.0,0.0,-8790.79,-52.39,-7443.16,-52.39,-16127093.0,-52.39,-6.18,-32.17,-5.24,-32.21,-11345.24,-32.19,-16127093.0,-52.39,1124575.25,32.44,0.0,1.2361,0.0,-0.0074,0.0,10.7922,0.0,0.3409,0.316,0.316,0.2158
175,Wawonii Selatan,Konawe Kepulauan,2045,10196.48,6943.95,0.0,3248.73,3294.99,0.0,0.0,248.04,157.95,0.0,0.0,0.0,0.0,0.0,0.0,36660.28,31040.25,67254896.0,11.13,9.42,20411.26,67254896.0,4689363.0,62565533.0,14.342,4087.77,66.92,-91.44,-100.0,-74.07,-2.2,0.0,0.0,0.0,0.0,0.0,0.0,0.0,0.0,0.0,0.0,0.0,0.0,-28059.35,-43.36,-23757.87,-43.36,-51476200.0,-43.36,-8.08,-42.06,-6.85,-42.1,-14830.35,-42.08,-51476200.0,-43.36,1879966.5,66.92,0.0,1.0316,0.0,-0.0004,0.0,-6.5005,0.0,0.3755,0.3964,0.3964,0.2538
176,Wawonii Tengah,Konawe Kepulauan,2045,8256.87,1760.49,0.0,2633.22,1344.69,0.0,0.0,402.84,386.1,0.0,0.0,0.0,0.0,0.0,0.0,14955.39,12662.73,27436328.0,11.12,9.42,20403.46,27436328.0,3797332.75,23638995.25,7.2252,2585.45,45.59,0.0,0.0,-576.99,-30.03,0.0,0.0,0.0,0.0,0.0,0.0,0.0,0.0,0.0,0.0,0.0,0.0,-21960.08,-59.49,-18593.6,-59.49,-40286752.0,-59.49,-8.09,-42.11,-6.85,-42.1,-14838.14,-42.1,-40286752.0,-59.49,1189045.5,45.59,0.0,1.0742,0.0,-0.003,0.0,-6.1776,0.0,0.3449,0.4485,0.4485,0.2817
177,Sawerigadi,Muna Barat,2045,20850.73,490.5,158.85,601.56,8559.09,1.44,0.0,266.4,91.89,6.71,4.28,15274.32,4.66,2.97,10607.17,43016.16,36421.77,78915064.0,5.03,4.26,9220.03,78930338.32,9589251.0,69341087.32,8.2311,7747.8,59.13,-244.89,-99.42,1015.74,13.47,-764.67,-99.13,-487.47,-99.13,-1740284.56,-99.13,1.53,48.88,0.97,48.5,3480.31,48.83,-17481.51,-28.9,-14801.6,-28.9,-32070616.0,-28.9,-2.99,-37.28,-2.53,-37.26,-5493.02,-37.33,-33810900.56,-29.99,3563212.0,59.13,0.2002,0.2438,0.0027,0.0027,9.8186,7.303,0.5709,0.5549,0.4739,0.4739,0.5045
178,Barangka,Muna Barat,2045,10968.68,4.05,0.0,353.25,3907.98,0.0,0.0,417.51,0.0,0.0,0.0,0.0,0.0,0.0,0.0,18103.97,15328.64,33212556.0,4.63,3.92,8498.65,33212556.0,5044496.0,28168060.0,6.5839,4027.72,58.03,0.0,0.0,371.25,10.5,0.0,0.0,0.0,0.0,0.0,0.0,0.0,0.0,0.0,0.0,0.0,0.0,-10260.6,-36.17,-8687.65,-36.17,-18823536.0,-36.17,-3.39,-42.27,-2.87,-42.27,-6214.4,-42.24,-18823536.0,-36.17,1852350.75,58.03,0.0,0.0435,0.0,0.0027,0.0,7.4861,0.0,0.5936,0.5871,0.5871,0.4342
179,Lawa,Muna Barat,2045,17047.0,317.25,0.0,1607.94,6404.4,0.0,0.0,364.23,0.9,0.0,0.0,0.0,0.0,0.0,0.0,28571.33,24191.34,52415384.0,4.46,3.78,8184.28,52415384.0,7839914.0,44575470.0,6.6857,6387.31,59.92,0.0,0.0,1364.67,27.08,0.0,0.0,0.0,0.0,0.0,0.0,0.0,0.0,0.0,0.0,0.0,0.0,-11847.3,-29.31,-10031.11,-29.31,-21734424.0,-29.31,-3.56,-44.39,-3.01,-44.33,-6528.77,-44.37,-21734424.0,-29.31,2937523.5,59.92,0.0,0.1744,0.0,-0.0026,0.0,10.4888,0.0,0.6065,0.4926,0.4926,0.4213
180,Wadaga,Muna Barat,2045,16661.76,741.33,116.1,795.96,12161.25,0.0,0.0,221.04,0.0,0.0,0.0,0.0,0.0,0.0,0.0,59334.29,50238.34,108851408.0,4.88,4.13,8950.68,108851408.0,7662743.5,101188664.5,14.2053,4994.04,42.8,0.0,0.0,2710.53,28.68,0.0,0.0,0.0,0.0,0.0,0.0,0.0,0.0,0.0,0.0,0.0,0.0,-16460.48,-21.72,-13937.09,-21.72,-30197536.0,-21.72,-3.14,-39.15,-2.66,-39.18,-5762.37,-39.17,-30197536.0,-21.72,2296758.5,42.8,0.0,0.0983,0.0,0.0025,0.0,7.8046,0.0,0.6106,0.3982,0.3982,0.502
181,Tiworo Selatan,Muna Barat,2045,11533.54,103.05,0.0,110.34,4421.97,1.17,0.0,621.81,328.32,6.23,3.97,14183.3,5.33,3.4,12122.48,22370.8,18941.36,41040240.0,5.06,4.28,9280.99,41054423.3,5304275.5,35750147.8,7.7399,2809.06,32.2,-337.32,-99.65,274.59,6.62,-1053.74,-99.41,-671.76,-99.41,-2398186.7,-99.41,2.2,70.29,1.4,70.0,4995.62,70.1,-10891.18,-32.74,-9221.56,-32.74,-19980372.0,-32.74,-2.96,-36.91,-2.51,-36.97,-5432.06,-36.92,-22378558.7,-35.28,1291884.75,32.2,0.3176,0.3366,0.0011,0.0013,9.9055,9.6758,0.5725,0.5563,0.5819,0.5819,0.6979
182,Maginti,Muna Barat,2045,7122.31,503.01,0.0,116.01,2451.42,0.0,0.0,252.72,237.06,0.0,0.0,0.0,0.0,0.0,0.0,12396.79,10496.36,22742472.0,5.06,4.28,9277.26,22742472.0,3275551.0,19466921.0,6.9431,1891.36,36.16,-6.75,-100.0,245.79,11.14,-21.14,-100.0,-13.48,-100.0,-48106.29,-100.0,-3.13,-100.0,-2.0,-100.0,-7126.86,-100.0,-5292.36,-29.92,-4481.05,-29.92,-9709074.0,-29.92,-2.96,-36.91,-2.51,-36.97,-5435.79,-36.95,-9757180.29,-30.02,869836.5,36.16,0.0,0.4635,0.0,-0.0004,0.0,8.5564,0.0,0.5337,0.4699,0.4699,0.7653
183,Tiworo Tengah,Muna Barat,2045,15978.43,442.98,0.0,19.71,4904.55,0.0,0.0,904.23,254.88,0.0,0.0,0.0,0.0,0.0,0.0,24630.2,20854.38,45185196.0,5.02,4.25,9212.91,45185196.0,7348481.5,37836714.5,6.1489,3445.68,27.49,-59.04,-100.0,-196.11,-3.84,-184.88,-100.0,-117.86,-100.0,-420769.69,-100.0,-3.13,-100.0,-2.0,-100.0,-7126.86,-100.0,-16277.09,-39.79,-13781.82,-39.79,-29861076.0,-39.79,-3.0,-37.41,-2.54,-37.41,-5500.14,-37.38,-30281845.69,-40.13,1584670.5,27.49,0.0,0.4948,0.0,0.0002,0.0,5.5524,0.0,0.5272,0.5732,0.5732,0.7795
184,Tiworo Utara,Muna Barat,2045,5675.6,3676.68,0.0,529.56,534.78,0.0,51.75,214.65,221.85,0.0,0.0,0.0,0.0,0.0,0.0,2297.71,1945.47,4215252.0,4.3,3.64,7882.22,4215252.0,2610210.25,1605041.75,1.6149,1812.25,46.91,0.0,0.0,22.77,4.45,0.0,0.0,0.0,0.0,0.0,0.0,0.0,0.0,0.0,0.0,0.0,0.0,-1808.61,-44.04,-1531.35,-44.04,-3317977.5,-44.04,-3.72,-46.38,-3.15,-46.39,-6830.83,-46.43,-3317977.5,-44.04,833456.5,46.91,0.0,0.6158,0.0,0.0004,0.0,1.4398,0.0,0.4993,0.2278,0.2278,0.5043
185,Tiworo Kepulauan,Muna Barat,2045,16959.62,394.56,0.0,0.0,5321.61,0.0,0.0,422.19,670.95,0.0,0.0,0.0,0.0,0.0,0.0,26456.06,22400.35,48534848.0,4.97,4.21,9120.33,48534848.0,7799728.0,40735120.0,6.2226,4038.19,31.25,-200.88,-100.0,-46.89,-0.87,-629.05,-100.0,-401.02,-100.0,-1431643.12,-100.0,-3.13,-100.0,-2.0,-100.0,-7126.86,-100.0,-16599.31,-38.55,-14054.63,-38.55,-30452168.0,-38.55,-3.05,-38.03,-2.58,-38.0,-5592.72,-38.01,-31883811.12,-39.65,1857161.5,31.25,0.0,0.4075,0.0,0.0022,0.0,6.4131,0.0,0.5289,0.5212,0.5212,0.6421
186,Kusambi,Muna Barat,2045,22903.0,1032.39,0.0,308.7,5623.65,0.0,0.0,944.28,63.99,0.0,0.0,0.0,0.0,0.0,0.0,27772.54,23515.02,50949972.0,4.94,4.18,9059.95,50949972.0,10533086.0,40416886.0,4.8371,11229.58,96.2,0.0,0.0,399.51,7.65,0.0,0.0,0.0,0.0,0.0,0.0,0.0,0.0,0.0,0.0,0.0,0.0,-14125.06,-33.71,-11959.68,-33.71,-25913068.0,-33.71,-3.08,-38.4,-2.61,-38.44,-5653.1,-38.42,-25913068.0,-33.71,5164478.5,96.2,0.0,0.311,0.0,0.0011,0.0,4.959,0.0,0.5385,0.4682,0.4682,0.3963
187,Napano Kusambi,Muna Barat,2045,13167.27,1029.87,576.9,2086.02,4451.04,0.0,0.0,176.22,226.62,0.0,0.0,0.0,0.0,0.0,0.0,21403.47,18122.32,39265632.0,4.81,4.07,8821.68,39265632.0,6055626.5,33210005.5,6.4842,3307.09,33.54,0.0,0.0,1324.17,42.35,0.0,0.0,0.0,0.0,0.0,0.0,0.0,0.0,0.0,0.0,0.0,0.0,-3674.03,-14.65,-3110.8,-14.65,-6740168.0,-14.65,-3.21,-40.02,-2.72,-40.06,-5891.37,-40.04,-6740168.0,-14.65,1520927.5,33.54,0.0,0.4786,0.0,0.002,0.0,6.7103,0.0,0.5118,0.3249,0.3249,0.3359
188,Lakudo,Buton Tengah,2045,50745.5,185.13,0.0,19301.76,59.94,0.0,0.0,1071.0,0.9,0.0,0.0,0.0,0.0,0.0,0.0,787.48,666.76,1444670.75,13.14,11.12,24101.95,1444670.75,23337852.0,-21893181.25,0.0619,18221.85,56.03,0.0,0.0,-81.45,-57.61,0.0,0.0,0.0,0.0,0.0,0.0,0.0,0.0,0.0,0.0,0.0,0.0,-1857.93,-70.23,-1573.11,-70.23,-3408447.25,-70.23,-5.57,-29.77,-4.72,-29.8,-10222.39,-29.78,-3408447.25,-70.23,8380226.0,56.03,0.0,0.4837,0.0,0.0024,0.0,24.9811,0.0,0.7413,0.4584,0.4584,0.7358
189,Mawasangka Timur,Buton Tengah,2045,24814.74,87.66,0.0,8363.07,128.52,0.0,0.0,673.38,81.9,0.0,0.0,0.0,0.0,0.0,0.0,1657.35,1403.28,3040481.25,12.9,10.92,23657.65,3040481.25,11412299.0,-8371817.75,0.2664,9071.03,57.62,0.0,0.0,128.52,0.0,0.0,0.0,0.0,0.0,0.0,0.0,0.0,0.0,0.0,0.0,0.0,0.0,1657.35,0.0,1403.28,0.0,3040481.25,0.0,12.9,0.0,10.92,0.0,23657.65,0.0,3040481.25,0.0,4171765.0,57.62,0.0,0.0,0.0,0.0,0.0,0.0,0.0,0.0,0.4787,0.4787,0.795
190,Mawasangka Tengah,Buton Tengah,2045,25085.61,54.0,0.0,11261.07,107.73,0.0,0.0,733.68,40.77,0.0,0.0,0.0,0.0,0.0,0.0,1386.46,1173.91,2543521.0,12.87,10.9,23610.15,2543521.0,11536872.0,-8993351.0,0.2205,10281.95,69.46,0.0,0.0,94.59,719.86,0.0,0.0,0.0,0.0,0.0,0.0,0.0,0.0,0.0,0.0,0.0,0.0,1140.61,463.95,965.75,463.95,2092499.22,463.95,-5.84,-31.21,-4.94,-31.19,-10714.19,-31.21,2092499.22,463.95,4728670.5,69.46,0.0,0.8536,0.0,-0.0006,0.0,8.7428,0.0,0.4329,0.4456,0.4456,0.7136
191,Mawasangka,Buton Tengah,2045,52019.26,2039.22,20.79,15110.73,4100.76,0.0,0.0,1543.59,52.02,0.0,0.0,0.0,0.0,0.0,0.0,48723.94,41254.57,89386264.0,11.88,10.06,21797.49,89386264.0,23923664.0,65462600.0,3.7363,14440.32,38.43,-85.05,-100.0,1423.71,53.18,-238.65,-100.0,-152.14,-100.0,-543136.69,-100.0,-2.81,-100.0,-1.79,-100.0,-6386.09,-100.0,-1363.67,-2.72,-1154.61,-2.72,-2501696.0,-2.72,-6.83,-36.5,-5.78,-36.49,-12526.84,-36.5,-3044832.69,-3.29,6641106.0,38.43,0.0,0.9413,0.0,0.0058,0.0,10.7014,0.0,0.4471,0.4557,0.4557,0.6846
192,Talaga Raya,Buton Tengah,2045,11982.14,954.72,48.87,5411.07,35.46,0.0,2225.97,266.49,3.78,0.0,0.0,0.0,0.0,0.0,0.0,322.45,273.02,591547.62,9.09,7.7,16682.11,591547.62,5510586.0,-4919038.38,0.1073,5768.33,92.83,0.0,0.0,-463.41,-92.89,0.0,0.0,0.0,0.0,0.0,0.0,0.0,0.0,0.0,0.0,0.0,0.0,-9011.41,-96.55,-7629.96,-96.55,-16531832.38,-96.55,-9.62,-51.42,-8.14,-51.39,-17642.22,-51.4,-16531832.38,-96.55,2652854.25,92.83,0.0,0.8051,0.0,0.0071,0.0,7.5331,0.0,0.3629,0.2041,0.2041,0.4225
193,Gu,Buton Tengah,2045,32907.87,42.84,0.0,7027.38,864.18,0.0,0.0,797.22,0.09,0.0,0.0,0.0,0.0,0.0,0.0,12683.19,10738.85,23267868.0,14.68,12.43,26924.79,23267868.0,15134329.0,8133539.0,1.5374,13776.9,72.01,0.0,0.0,36.09,4.36,0.0,0.0,0.0,0.0,0.0,0.0,0.0,0.0,0.0,0.0,0.0,0.0,-2810.37,-18.14,-2379.55,-18.14,-5155768.0,-18.14,-4.03,-21.54,-3.41,-21.53,-7399.54,-21.56,-5155768.0,-18.14,6335994.0,72.01,0.0,0.6475,0.0,0.0009,0.0,14.7752,0.0,0.482,0.6362,0.6362,0.7592
194,Sangia Wambulu,Buton Tengah,2045,8131.24,0.45,0.0,675.63,0.63,0.0,0.0,267.84,0.63,0.0,0.0,0.0,0.0,0.0,0.0,9.55,8.08,17516.21,15.16,12.83,27803.52,17516.21,3739557.5,-3722041.29,0.0047,4326.46,113.71,0.0,0.0,-117.36,-99.47,0.0,0.0,0.0,0.0,0.0,0.0,0.0,0.0,0.0,0.0,0.0,0.0,-2198.04,-99.57,-1861.09,-99.57,-4032412.04,-99.57,-3.55,-18.97,-3.01,-19.0,-6520.81,-19.0,-4032412.04,-99.57,1989740.0,113.71,0.0,0.3752,0.0,-0.0122,0.0,30.3973,0.0,0.612,0.7426,0.7426,0.8801
195,Batauga,Buton Selatan,2045,56083.96,6649.38,0.0,3855.69,3552.03,0.0,0.0,619.2,0.0,0.0,0.0,0.0,0.0,0.0,0.0,48416.78,40994.48,88822736.0,13.63,11.54,25006.19,88822736.0,25793022.0,63029714.0,3.4437,29884.4,114.06,0.0,0.0,-486.72,-12.05,0.0,0.0,0.0,0.0,0.0,0.0,0.0,0.0,0.0,0.0,0.0,0.0,-27148.24,-35.93,-22986.42,-35.93,-49804656.0,-35.93,-5.08,-27.15,-4.3,-27.15,-9318.14,-27.15,-49804656.0,-35.93,13743841.0,114.06,0.0,1.2129,0.0,0.0008,0.0,26.8868,0.0,0.4371,0.4077,0.4077,0.6644
196,Sampolawa,Buton Selatan,2045,46286.52,10757.79,0.0,9935.64,1672.29,0.0,0.0,570.33,55.44,0.0,0.0,0.0,0.0,0.0,0.0,21766.05,18429.32,39930800.0,13.02,11.02,23877.92,39930800.0,21287172.0,18643628.0,1.8758,15256.91,49.17,0.0,0.0,-408.51,-19.63,0.0,0.0,0.0,0.0,0.0,0.0,0.0,0.0,0.0,0.0,0.0,0.0,-17165.71,-44.09,-14534.21,-44.09,-31491264.0,-44.09,-5.69,-30.41,-4.82,-30.43,-10446.41,-30.43,-31491264.0,-44.09,7016654.0,49.17,0.0,1.1968,0.0,-0.0001,0.0,28.3767,0.0,0.4077,0.429,0.429,0.6814
197,Lapandewa,Buton Selatan,2045,14539.99,306.81,0.0,4782.24,12.15,0.0,0.0,337.95,20.52,0.0,0.0,0.0,0.0,0.0,0.0,169.5,143.52,310954.56,13.95,11.81,25592.97,310954.56,6686939.5,-6375984.94,0.0465,6530.8,81.54,0.0,0.0,12.15,0.0,0.0,0.0,0.0,0.0,0.0,0.0,0.0,0.0,0.0,0.0,0.0,0.0,169.5,0.0,143.52,0.0,310954.56,0.0,13.95,0.0,11.81,0.0,25592.97,0.0,310954.56,0.0,3003514.25,81.54,0.0,0.0,0.0,0.0,0.0,0.0,0.0,0.0,0.4818,0.4818,0.4485
198,Batu Atas,Buton Selatan,2045,3288.27,0.45,0.0,1.17,650.61,0.0,0.0,219.69,0.0,0.0,0.0,0.0,0.0,0.0,0.0,8015.49,6786.72,14704780.0,12.32,10.43,22601.53,14704780.0,1512275.38,13192504.62,9.7236,1572.72,91.67,0.0,0.0,-162.81,-20.02,0.0,0.0,0.0,0.0,0.0,0.0,0.0,0.0,0.0,0.0,0.0,0.0,-7203.6,-47.33,-6099.28,-47.33,-13215320.0,-47.33,-6.39,-34.15,-5.41,-34.15,-11722.8,-34.15,-13215320.0,-47.33,723293.82,91.67,0.0,1.0455,0.0,0.0,0.0,1.2295,0.0,0.4158,0.6073,0.6073,0.094
199,Siompu Barat,Buton Selatan,2045,9507.89,2.7,0.0,1440.63,0.72,0.0,0.0,263.97,0.0,0.0,0.0,0.0,0.0,0.0,0.0,10.18,8.62,18683.96,14.15,11.98,25949.95,18683.96,4372679.5,-4353995.54,0.0043,2574.2,37.13,0.0,0.0,-128.16,-99.44,0.0,0.0,0.0,0.0,0.0,0.0,0.0,0.0,0.0,0.0,0.0,0.0,-2401.16,-99.58,-2033.07,-99.58,-4405036.54,-99.58,-4.56,-24.37,-3.86,-24.37,-8374.39,-24.4,-4405036.54,-99.58,1183874.5,37.13,0.0,1.3831,0.0,0.0005,0.0,20.0179,0.0,0.3641,0.5336,0.5336,0.4434
200,Siompu,Buton Selatan,2045,18787.38,8.91,0.0,3361.05,0.09,0.0,0.0,238.77,0.0,0.0,0.0,0.0,0.0,0.0,0.0,1.18,1.0,2168.67,13.13,11.12,24096.38,2168.67,8640317.0,-8638148.33,0.0003,7216.98,62.37,0.0,0.0,0.09,0.0,0.0,0.0,0.0,0.0,0.0,0.0,0.0,0.0,0.0,0.0,0.0,0.0,1.18,0.0,1.0,0.0,2168.67,0.0,13.13,0.0,11.12,0.0,24096.38,0.0,2168.67,0.0,3319092.0,62.37,0.0,0.0,0.0,0.0,0.0,0.0,0.0,0.0,0.566,0.566,0.5008
201,Kadatua,Buton Selatan,2045,12078.63,33.66,0.0,2146.23,0.0,0.0,0.0,221.76,0.72,0.0,0.0,0.0,0.0,0.0,0.0,0.0,0.0,0.0,0.0,0.0,0.0,0.0,5554961.0,-5554961.0,0.0,4395.16,57.2,0.0,0.0,0.0,0.0,0.0,0.0,0.0,0.0,0.0,0.0,0.0,0.0,0.0,0.0,0.0,0.0,0.0,0.0,0.0,0.0,0.0,0.0,0.0,0.0,0.0,0.0,0.0,0.0,0.0,0.0,2021332.5,57.2,0.0,0.0,0.0,0.0,0.0,0.0,0.0,0.0,0.5971,0.5971,0.7962
202,Mandonga,Kota Kendari,2045,85536.8,25.56,0.0,1464.48,358.92,0.0,0.0,648.99,109.35,0.0,0.0,0.0,0.0,0.0,0.0,4390.39,3717.34,8054359.5,12.23,10.36,22440.54,8054359.5,39338372.0,-31284012.5,0.2047,37503.99,78.08,0.0,0.0,338.4,1649.12,0.0,0.0,0.0,0.0,0.0,0.0,0.0,0.0,0.0,0.0,0.0,0.0,3984.3,981.14,3373.5,981.12,7309367.75,981.13,-7.56,-38.2,-6.4,-38.19,-13865.1,-38.19,7309367.75,981.13,17248084.0,78.08,0.0,-0.3998,0.0,0.0021,0.0,-9.4719,0.0,0.6354,0.7254,0.7254,0.9585
203,Kendari,Kota Kendari,2045,29271.18,11.25,0.0,783.0,104.76,0.0,0.0,537.48,6.3,0.0,0.0,0.0,0.0,0.0,0.0,1278.8,1082.76,2346008.25,12.21,10.34,22394.12,2346008.25,13461815.0,-11115806.75,0.1743,13365.89,84.03,0.0,0.0,-397.08,-79.12,0.0,0.0,0.0,0.0,0.0,0.0,0.0,0.0,0.0,0.0,0.0,0.0,-8652.61,-87.12,-7326.17,-87.12,-15873615.75,-87.12,-7.58,-38.3,-6.42,-38.31,-13911.52,-38.32,-15873615.75,-87.12,6146972.5,84.03,0.0,0.1691,0.0,-0.0003,0.0,-6.9739,0.0,0.5147,0.5961,0.5961,1.0
204,Baruga,Kota Kendari,2045,87313.05,0.0,0.0,250.2,1550.34,75.87,0.0,1697.76,50.58,411.08,262.07,935576.38,5.42,3.45,12331.31,19798.05,16763.01,36320400.0,12.77,10.81,23427.38,37255976.38,40155268.0,-2899291.62,0.9278,38284.42,78.09,-333.45,-81.46,-199.35,-11.39,-952.13,-69.84,-606.98,-69.84,-2166920.12,-69.84,2.09,62.76,1.33,62.74,4751.67,62.69,-14828.31,-42.82,-12555.13,-42.82,-27203220.0,-42.82,-7.02,-35.47,-5.95,-35.5,-12878.26,-35.47,-29370140.12,-44.08,17607002.0,78.09,-0.1892,-0.2273,-0.0015,-0.0017,-10.9446,-12.1591,0.5748,0.5899,0.7667,0.7667,0.9832
205,Poasia,Kota Kendari,2045,98337.51,530.28,0.0,0.0,1305.45,0.0,0.0,1110.06,218.16,0.0,0.0,0.0,0.0,0.0,0.0,15713.37,13304.51,28826878.0,12.04,10.19,22081.95,28826878.0,45225420.0,-16398542.0,0.6374,46408.14,89.37,0.0,0.0,-273.42,-17.32,0.0,0.0,0.0,0.0,0.0,0.0,0.0,0.0,0.0,0.0,0.0,0.0,-15532.47,-49.71,-13151.34,-49.71,-28495014.0,-49.71,-7.75,-39.16,-6.57,-39.2,-14223.69,-39.18,-28495014.0,-49.71,21343104.0,89.37,0.0,-0.0293,0.0,-0.001,0.0,-8.8569,0.0,0.5449,0.6993,0.6993,0.9878
206,Kendari Barat,Kota Kendari,2045,83786.73,2.97,0.0,1466.46,101.16,0.0,0.0,659.16,14.76,0.0,0.0,0.0,0.0,0.0,0.0,1234.85,1045.55,2265389.5,12.21,10.34,22394.12,2265389.5,38533520.0,-36268130.5,0.0588,38937.16,86.82,0.0,0.0,-101.61,-50.11,0.0,0.0,0.0,0.0,0.0,0.0,0.0,0.0,0.0,0.0,0.0,0.0,-2777.97,-69.23,-2352.1,-69.23,-5096305.5,-69.23,-7.58,-38.3,-6.42,-38.31,-13911.52,-38.32,-5096305.5,-69.23,17907206.0,86.82,0.0,-0.0518,0.0,-0.0003,0.0,-8.5385,0.0,0.5501,0.515,0.515,1.0
207,Abeli,Kota Kendari,2045,32130.28,345.78,0.0,5.4,606.51,0.0,0.0,408.42,13.14,0.0,0.0,0.0,0.0,0.0,0.0,7403.61,6268.64,13582260.0,12.21,10.34,22394.12,13582260.0,14776717.0,-1194457.0,0.9192,15258.31,90.44,0.0,0.0,-187.56,-23.62,0.0,0.0,0.0,0.0,0.0,0.0,0.0,0.0,0.0,0.0,0.0,0.0,-8311.04,-52.89,-7036.95,-52.89,-15246962.0,-52.89,-7.58,-38.3,-6.42,-38.31,-13911.52,-38.32,-15246962.0,-52.89,7017297.5,90.44,0.0,0.0481,0.0,-0.0006,0.0,-7.9724,0.0,0.5352,0.6072,0.6072,0.9758
208,Wua-Wua,Kota Kendari,2045,98209.5,0.0,0.0,500.49,109.8,0.0,0.0,833.31,13.23,0.0,0.0,0.0,0.0,0.0,0.0,1429.67,1210.5,2622800.0,13.02,11.02,23887.07,2622800.0,45166544.0,-42543744.0,0.0581,53541.89,119.87,0.0,0.0,67.05,156.84,0.0,0.0,0.0,0.0,0.0,0.0,0.0,0.0,0.0,0.0,0.0,0.0,583.65,68.99,494.17,68.99,1070733.88,68.99,-6.77,-34.21,-5.74,-34.25,-12418.57,-34.21,1070733.88,68.99,24623916.0,119.87,0.0,-0.0401,0.0,0.0019,0.0,-2.481,0.0,0.5191,0.8441,0.8441,1.0
209,Kadia,Kota Kendari,2045,98875.52,0.0,0.0,0.0,0.27,0.0,0.0,630.36,32.22,0.0,0.0,0.0,0.0,0.0,0.0,3.3,2.79,6046.41,12.21,10.34,22394.12,6046.41,45472840.0,-45466793.59,0.0001,47868.16,93.85,0.0,0.0,0.0,0.0,0.0,0.0,0.0,0.0,0.0,0.0,0.0,0.0,0.0,0.0,0.0,0.0,-2.04,-38.2,-1.73,-38.27,-3756.11,-38.32,-7.58,-38.3,-6.42,-38.31,-13911.52,-38.32,-3756.11,-38.32,22014556.0,93.85,0.0,-0.573,0.0,-0.0019,0.0,-16.3647,0.0,0.6443,0.945,0.945,1.0
210,Puuwatu,Kota Kendari,2045,71158.22,0.0,15.3,2461.95,318.24,0.0,0.0,1217.97,0.0,0.0,0.0,0.0,0.0,0.0,0.0,4177.77,3537.31,7664298.5,13.13,11.12,24083.39,7664298.5,32725670.0,-25061371.5,0.2342,29740.7,71.81,0.0,0.0,237.06,292.02,0.0,0.0,0.0,0.0,0.0,0.0,0.0,0.0,0.0,0.0,0.0,0.0,2571.22,160.05,2177.04,160.04,4717006.5,160.05,-6.66,-33.65,-5.64,-33.65,-12222.25,-33.66,4717006.5,160.05,13677750.0,71.81,0.0,-1.012,0.0,-0.0024,0.0,-24.7467,0.0,0.8308,0.7303,0.7303,0.9883
211,Kambu,Kota Kendari,2045,123002.12,153.81,0.0,68.04,1406.97,0.0,0.0,1212.03,272.79,0.0,0.0,0.0,0.0,0.0,0.0,16101.55,13633.18,29539010.0,11.44,9.69,20994.77,29539010.0,56568676.0,-27029666.0,0.5222,62354.33,102.81,0.0,0.0,114.75,8.88,0.0,0.0,0.0,0.0,0.0,0.0,0.0,0.0,0.0,0.0,0.0,0.0,-9471.48,-37.04,-8019.51,-37.04,-17375870.0,-37.04,-8.35,-42.19,-7.07,-42.18,-15310.87,-42.17,-17375870.0,-37.04,28676754.0,102.81,0.0,-0.1249,0.0,-0.0012,0.0,-10.3968,0.0,0.5703,0.761,0.761,0.9916
212,Nambo,Kota Kendari,2045,32022.39,526.86,0.0,351.72,1120.59,0.0,0.0,686.16,77.58,0.0,0.0,0.0,0.0,0.0,0.0,13678.94,11581.96,25094626.0,12.21,10.34,22394.12,25094626.0,14727096.0,10367530.0,1.704,16477.92,106.01,0.0,0.0,-426.96,-27.59,0.0,0.0,0.0,0.0,0.0,0.0,0.0,0.0,0.0,0.0,0.0,0.0,-16947.08,-55.34,-14349.09,-55.34,-31090174.0,-55.34,-7.58,-38.3,-6.42,-38.31,-13911.52,-38.32,-31090174.0,-55.34,7578195.0,106.01,0.0,0.1191,0.0,-0.0005,0.0,-7.3621,0.0,0.5202,0.5396,0.5396,0.9865
213,Betoambari,Kota Bau Bau,2045,44038.15,0.36,0.0,2136.24,526.68,0.0,0.0,494.91,0.27,0.0,0.0,0.0,0.0,0.0,0.0,4783.45,4050.14,8775449.0,9.08,7.69,16661.82,8775449.0,20253142.0,-11477693.0,0.4333,13511.09,44.26,0.0,0.0,-192.42,-26.76,0.0,0.0,0.0,0.0,0.0,0.0,0.0,0.0,0.0,0.0,0.0,0.0,-6384.17,-57.17,-5405.49,-57.17,-11712057.0,-57.17,-6.45,-41.53,-5.46,-41.52,-11828.66,-41.52,-11712057.0,-57.17,6213747.0,44.26,0.0,1.002,0.0,0.0012,0.0,24.9545,0.0,0.449,0.7685,0.7685,0.9992
214,Wolio,Kota Bau Bau,2045,60813.92,1195.2,0.0,917.37,495.54,0.0,0.0,635.76,0.0,0.0,0.0,0.0,0.0,0.0,0.0,4500.63,3810.68,8256600.0,9.08,7.69,16661.82,8256600.0,27968322.0,-19711722.0,0.2952,24542.39,67.66,0.0,0.0,-555.75,-52.86,0.0,0.0,0.0,0.0,0.0,0.0,0.0,0.0,0.0,0.0,0.0,0.0,-11825.9,-72.43,-10013.0,-72.43,-21695158.0,-72.43,-6.45,-41.53,-5.46,-41.52,-11828.66,-41.52,-21695158.0,-72.43,11287047.0,67.66,0.0,0.8713,0.0,0.0019,0.0,24.7928,0.0,0.5521,0.7203,0.7203,0.981
215,Sorawolio,Kota Bau Bau,2045,36818.63,6081.21,0.0,1488.87,2618.46,0.0,120.15,641.97,0.0,0.0,0.0,0.0,0.0,0.0,0.0,22505.02,19054.99,41286464.0,8.59,7.28,15767.46,41286464.0,16932886.0,24353578.0,2.4382,17152.62,87.22,-44.37,-100.0,393.12,17.67,-165.08,-100.0,-105.24,-100.0,-375698.06,-100.0,-3.72,-100.0,-2.37,-100.0,-8467.39,-100.0,-12054.51,-34.88,-10206.56,-34.88,-22114548.0,-34.88,-6.94,-44.69,-5.87,-44.64,-12723.02,-44.66,-22490246.06,-35.26,7888486.0,87.22,0.0,0.8382,0.0,0.0021,0.0,25.2638,0.0,0.4954,0.4513,0.4513,0.8659
216,Bungi,Kota Bau Bau,2045,34885.65,1480.14,0.0,911.52,2362.32,473.22,0.0,956.25,27.99,2489.14,1586.82,5664962.0,5.26,3.35,11971.1,24756.02,20960.92,45416036.0,10.48,8.87,19225.18,51080998.0,16043913.0,35037085.0,3.1838,17242.43,97.73,-1210.5,-71.89,964.98,69.06,-3775.14,-60.26,-2406.66,-60.26,-8591751.0,-60.26,1.54,41.4,0.98,41.35,3503.71,41.38,3055.33,14.08,2586.95,14.08,5605144.0,14.08,-5.05,-32.52,-4.28,-32.55,-9265.3,-32.52,-2986607.0,-5.52,7929795.0,97.73,0.3785,0.4383,0.0031,0.0047,25.1904,26.1228,0.5346,0.5255,0.5521,0.5521,0.9405
217,Kokalukuna,Kota Bau Bau,2045,20750.15,81.36,0.0,1147.68,84.06,0.0,0.0,428.4,0.0,0.0,0.0,0.0,0.0,0.0,0.0,878.65,743.95,1611916.12,10.45,8.85,19175.78,1611916.12,9542995.0,-7931078.88,0.1689,7980.11,62.49,0.0,0.0,-115.74,-57.93,0.0,0.0,0.0,0.0,0.0,0.0,0.0,0.0,0.0,0.0,0.0,0.0,-2224.24,-71.68,-1883.27,-71.68,-4080481.88,-71.68,-5.08,-32.71,-4.3,-32.7,-9314.7,-32.69,-4080481.88,-71.68,3670054.5,62.49,0.0,0.8123,0.0,0.0015,0.0,31.6883,0.0,0.4386,0.7912,0.7912,1.0
218,Murhum,Kota Bau Bau,2045,28749.89,0.0,0.0,189.45,61.29,0.0,0.0,352.89,0.0,0.0,0.0,0.0,0.0,0.0,0.0,556.65,471.32,1021203.12,9.08,7.69,16661.82,1021203.12,13222072.0,-12200868.88,0.0772,10168.2,54.72,0.0,0.0,-114.21,-65.08,0.0,0.0,0.0,0.0,0.0,0.0,0.0,0.0,0.0,0.0,0.0,0.0,-2168.86,-79.58,-1836.37,-79.58,-3978876.38,-79.58,-6.45,-41.53,-5.46,-41.52,-11828.66,-41.52,-3978876.38,-79.58,4676354.0,54.72,0.0,0.9463,0.0,0.0014,0.0,25.56,0.0,0.4416,0.8698,0.8698,1.0
219,Lea-Lea,Kota Bau Bau,2045,23425.67,133.65,0.0,1690.56,990.27,3.24,0.0,470.7,4.77,17.04,10.86,38786.35,5.26,3.35,11971.1,10377.57,8786.69,19038120.0,10.48,8.87,19225.18,19076906.35,10773468.0,8303438.35,1.7707,11385.35,94.56,-74.07,-95.81,-231.84,-18.97,-270.59,-94.08,-172.51,-94.08,-615827.59,-94.07,1.54,41.4,0.98,41.35,3503.71,41.38,-8601.8,-45.32,-7283.14,-45.32,-15780384.0,-45.32,-5.05,-32.52,-4.28,-32.55,-9265.3,-32.52,-16396211.59,-46.22,5236125.0,94.56,0.2579,0.3102,0.0034,0.0048,25.5036,25.2206,0.5554,0.5234,0.6824,0.6824,0.9934
220,Batupoaro,Kota Bau Bau,2045,19634.99,0.0,0.0,0.0,0.0,0.0,0.0,190.26,0.0,0.0,0.0,0.0,0.0,0.0,0.0,0.0,0.0,0.0,0.0,0.0,0.0,0.0,9030134.0,-9030134.0,0.0,7488.84,61.66,0.0,0.0,0.0,0.0,0.0,0.0,0.0,0.0,0.0,0.0,0.0,0.0,0.0,0.0,0.0,0.0,0.0,0.0,0.0,0.0,0.0,0.0,0.0,0.0,0.0,0.0,0.0,0.0,0.0,0.0,3444121.0,61.66,0.0,0.0,0.0,0.0,0.0,0.0,0.0,0.0,0.971,0.971,1.0
